ids,ID1,ID2,ID3,ID4,ID5,ID6,ID7,ID8,ID9,ID10,ID11,ID12,ID13,ID14,ID15
00a2e96d-299d-4748-b5dc-8e7134b73791_ENSG00000116977.19,0,6,628969924,0,0,7,514502991,5,774005428,0,9,662956092,0,13,93689375,0,5,969971046,15,9755893,0,0
015a913d-0a7c-4934-ada8-308489a3c467_ENSG00000162614.19,0,0,0,0,0,0,0,9,662956092,17,21950856,0,0,5,969971046,0,0,0
02284360-a9c9-46e2-bcc4-e8c63aff41be_chr3:64093000,0,0,15,99292047,8,610668618,0,5,774005428,0,0,5,739836185,0,0,5,969971046,0,6,182724232,0
02897c8f-4047-4e38-b6f6-4e5095e149c1_ENSG00000055955.17,0,0,0,0,0,0,0,0,0,0,12,25888309,5,969971046,0,0,0
03095496-f5a1-44b7-a666-61a821e0e186_ENSG00000280734.3,14,99093049,0,15,99292047,0,7,514502991,0,11,59736276,0,11,47967237,0,6,129441547,0,0,6,182724232,0
0323bbae-f2dc-428b-a292-50d512e544fb_ENSG00000080618.17,0,13,25793985,0,0,0,0,0,0,5,739836185,13,93689375,0,0,0,0,0
03709e92-1db0-4b38-86bb-e4c4f3297a28_ENSG00000214026.11,14,99093049,0,10,66194698,0,0,0,0,0,0,13,93689375,0,0,0,6,182724232,0
045348b7-0571-4682-b931-0ffcbcbf3fe4_ENSG00000273062.1,0,13,25793985,10,66194698,0,0,5,774005428,0,0,5,739836185,0,0,11,93994209,0,0,0
04fbaffb-874a-4604-8c02-14618f1b82e5_ENSG00000129636.13,0,0,0,0,0,0,11,59736276,0,5,739836185,0,6,129441547,11,93994209,0,0,0
054fcfe2-4670-4255-be41-fd95b3d50fb4_ENSG00000198563.14,0,6,628969924,5,330973489,8,610668618,0,0,0,9,662956092,0,0,6,129441547,0,7,98779465,0,0,
067088da-dfea-4d05-b80b-34cdd72af9bf_chr9:129176000,0,6,628969924,10,66194698,0,0,5,774005428,0,9,662956092,5,739836185,13,93689375,6,129441547,0,7,98779465,6,182724232,0
074d5f84-8974-4c9f-b129-36f808b21af2_ENSG00000171608.17,0,0,0,0,7,514502991,11,54801086,5,79868138,19,32591218,5,739836185,0,0,11,93994209,0,12,36544846,0
0791416a-8002-418b-b235-93d64dbc32ec_ENSG00000109180.15,0,0,5,330973489,0,7,514502991,0,5,79868138,0,0,0,0,0,0,6,182724232,0
07e3d236-b9ec-4e3e-b9ce-5aff25d38e1f_ENSG00000173457.11,14,99093049,0,10,66194698,8,610668618,15,02900598,11,54801086,0,9,662956092,5,739836185,0,0,0,0,0,0
07e4c834-ce07-4b67-a52e-7f0103dab14a_ENSG00000166341.9,0,0,0,0,0,5,774005428,0,0,0,13,93689375,6,129441547,5,969971046,0,0,0
0809cb8d-d540-44c0-92f0-bd2abefc8dfd_ENSG00000130702.15,0,0,0,0,7,514502991,5,774005428,5,79868138,9,662956092,0,0,24,51776619,0,15,9755893,30,91362116,0
091f217e-e8fa-4abf-9088-6d55ea57060e_ENSG00000148429.15,0,0,0,0,0,5,774005428,0,9,662956092,0,0,0,0,55,91456255,6,182724232,0
09372248-fdda-4ee9-845b-607ad0025b79_ENSG00000134686.20,0,6,628969924,0,8,610668618,30,05801196,5,774005428,11,59736276,9,662956092,0,0,0,0,0,12,36544846,0
09dcddc3-8b4d-4808-ac1c-9bc0ed91260c_ENSG00000234899.11,0,0,5,330973489,17,22133724,0,0,0,0,0,0,0,0,0,0,0
0a422894-50db-4ced-adb3-a0040d1f78f8_ENSG00000198650.11,0,0,0,0,0,5,774005428,0,9,662956092,5,739836185,0,0,11,93994209,0,6,182724232,0
0ac6db17-2ba4-46c4-86c6-bb9efc1da725_ENSG00000179603.18,14,99093049,0,0,8,610668618,0,0,5,79868138,0,0,0,0,0,7,98779465,0,0
0b37e225-2822-4dff-86e6-0080f23ec073_ENSG00000135018.14,0,6,628969924,0,0,7,514502991,0,5,79868138,0,0,0,0,0,7,98779465,0,0
0b8a6de2-e743-4bfd-9c81-95015c429da4_ENSG00000114812.13,14,99093049,6,628969924,0,0,0,0,0,0,28,69918093,0,0,5,969971046,0,0,0
0be7179e-8f08-48b4-ae0c-6b1a6d09fe3b_ENSG00000272760.1,0,0,0,0,0,0,11,59736276,0,0,0,0,5,969971046,23,96338395,0,0
0bf7db66-553c-4336-95aa-bdf39fb3fc6c_ENSG00000243696.5,0,19,88690977,0,0,0,5,774005428,0,0,0,0,6,129441547,0,7,98779465,0,0
0bfcd3d9-b466-4ab8-8260-a38076a3f822_chr14:32157000,0,0,0,8,610668618,0,5,774005428,0,0,5,739836185,0,0,0,0,0,0
0c972351-5bf5-4c44-9bc5-2e2d8746da76_ENSG00000001626.17,0,0,5,330973489,8,610668618,0,5,774005428,5,79868138,0,0,0,0,0,0,0,0
0ca6da0e-1d75-4dc2-ab80-24b118b8ae8f_ENSG00000066422.6,0,0,0,8,610668618,7,514502991,0,0,9,662956092,17,21950856,13,93689375,6,129441547,11,93994209,0,12,36544846,0
0d5453ed-b7c0-487e-bb45-27022a548f7a_ENSG00000179715.13,0,26,5158797,10,66194698,0,0,17,32201628,0,0,5,739836185,0,0,5,969971046,7,98779465,6,182724232,0
0db2fc12-6b2b-4f9c-913e-941468dacc7c_ENSG00000214655.11,14,99093049,19,88690977,0,0,15,02900598,23,09602171,11,59736276,19,32591218,11,47967237,13,93689375,0,29,84985523,39,93897325,12,36544846,0
0e1ea9aa-df5a-4215-88e3-5c348c129d44_ENSG00000082269.17,0,0,0,8,610668618,0,0,0,0,5,739836185,0,0,0,7,98779465,18,5481727,0
0e3950fd-4120-45a3-b768-5345d2b15ff7_ENSG00000107554.17,0,6,628969924,5,330973489,8,610668618,7,514502991,11,54801086,11,59736276,9,662956092,5,739836185,0,12,25888309,0,7,98779465,12,36544846,0
0e987c2e-dca6-47c2-a981-875c418418cb_ENSG00000225484.7,0,0,10,66194698,8,610668618,0,0,0,0,0,0,6,129441547,0,23,96338395,6,182724232,0
0ea8a599-3457-4215-943a-88127fbe5eb9_ENSG00000109332.20,0,0,0,0,0,5,774005428,0,0,5,739836185,0,0,0,0,0,0
0eeefde8-f41a-40a7-8403-16b244ced215_ENSG00000185522.9,0,13,25793985,0,8,610668618,0,0,0,0,0,13,93689375,6,129441547,5,969971046,0,6,182724232,0
0fa462d6-121f-43be-878b-12577b07e2c3_ENSG00000166278.15,0,6,628969924,0,0,0,0,0,0,11,47967237,0,0,0,7,98779465,6,182724232,0
1030c917-c7e5-48cc-b8a6-1ce4c710f0ef_ENSG00000055955.17,14,99093049,0,5,330973489,0,15,02900598,0,0,9,662956092,0,0,0,0,0,0,0
1034c234-697f-44df-a27b-e087a90094a9_ENSG00000160282.15,0,0,0,17,22133724,0,0,0,0,17,21950856,0,0,5,969971046,0,0,0,
1067ec6e-9895-4243-a665-5413925b945a_ENSG00000118058.24,0,0,0,0,0,5,774005428,5,79868138,0,0,0,12,25888309,0,0,0,0,
1095695a-34e2-4e98-8c78-9a8b4013ac29_ENSG00000198563.14,0,0,5,330973489,8,610668618,7,514502991,5,774005428,0,19,32591218,5,739836185,0,0,0,0,6,182724232,0,
10dfd66a-2203-419f-88b8-6e7725e99a22_ENSG00000146828.18,0,0,10,66194698,8,610668618,0,0,5,79868138,9,662956092,5,739836185,27,87378749,12,25888309,5,969971046,15,9755893,0,0,
1113e07e-e3b6-4c08-9f7c-367ee8030494_ENSG00000139112.11,14,99093049,0,5,330973489,0,0,0,0,9,662956092,5,739836185,41,81068124,0,0,0,6,182724232,0,
11d5b802-d151-4220-93fb-bd5039173466_ENSG00000078747.16,0,19,88690977,21,32389396,0,37,57251495,5,774005428,0,38,65182437,5,739836185,0,6,129441547,5,969971046,7,98779465,0,0,
11ec1eb2-5db5-4a4a-b236-fe90ebb7fab7_ENSG00000178803.12,0,6,628969924,10,66194698,17,22133724,0,0,0,0,0,0,6,129441547,0,7,98779465,6,182724232,0,
1260d4c7-d414-40d5-890a-a5f9ae2144bf_ENSG00000055955.17,0,0,26,65486745,0,7,514502991,5,774005428,0,48,31478046,11,47967237,13,93689375,6,129441547,0,0,12,36544846,0,
129b45cb-e1bd-44ab-b41d-102f755f9cd0_ENSG00000233392.5,14,99093049,0,0,0,0,5,774005428,0,9,662956092,5,739836185,0,0,0,0,0,0,
129ea3a3-a028-4a46-9298-965a9c68128b_ENSG00000088926.14,0,0,0,0,0,5,774005428,0,0,5,739836185,0,6,129441547,0,0,0,0,
12bba640-1670-4387-be56-bf887a91704b_ENSG00000102879.16,0,19,88690977,0,0,7,514502991,5,774005428,5,79868138,0,0,0,0,0,0,0,0,
13853a31-19ae-4314-87e0-0ca91f6d62b7_ENSG00000134215.16,0,6,628969924,0,8,610668618,7,514502991,0,0,0,0,0,0,0,0,0,0,
13973899-1028-4379-a408-21f2d851788d_ENSG00000281912.1,14,99093049,6,628969924,10,66194698,0,0,0,0,0,0,13,93689375,0,0,0,0,0,
13dc4580-1c7f-4595-a0c3-d8fb638ec17f_ENSG00000117594.10,0,6,628969924,5,330973489,0,0,5,774005428,0,0,0,0,0,0,0,0,0,
14647186-8472-4986-9054-b4470fd13fb8_ENSG00000259291.2,0,13,25793985,10,66194698,8,610668618,30,05801196,0,0,0,17,21950856,0,6,129441547,5,969971046,23,96338395,6,182724232,0,
14f5d420-9c14-4d48-84c2-1ab5f24d8c03_ENSG00000232667.11,14,99093049,13,25793985,21,32389396,8,610668618,7,514502991,5,774005428,17,39604414,0,5,739836185,41,81068124,24,51776619,11,93994209,15,9755893,0,0,
15a18b08-eccf-4745-bb72-8598df737ad9_ENSG00000085832.17,0,0,0,0,7,514502991,5,774005428,11,59736276,9,662956092,0,0,0,0,7,98779465,6,182724232,0,
15b13279-951c-40d6-ade0-27b2377cc467_ENSG00000287104.1,0,6,628969924,0,0,7,514502991,0,0,0,0,0,0,0,7,98779465,0,0,
15b7d82f-9a3d-4e36-8602-17f1584b148b_ENSG00000147642.17,14,99093049,0,5,330973489,0,15,02900598,0,0,0,11,47967237,27,87378749,0,17,90991314,0,18,5481727,0,
163ab1f5-89ac-41c0-b8c2-d7acc807d51f_ENSG00000289537.1,0,0,5,330973489,8,610668618,7,514502991,5,774005428,0,19,32591218,22,95934474,0,0,0,0,6,182724232,0,
1647a984-bb06-45a7-8031-cbdcf2884557_ENSG00000120616.16,14,99093049,0,15,99292047,0,7,514502991,5,774005428,5,79868138,0,17,21950856,13,93689375,6,129441547,5,969971046,0,6,182724232,0,
165e2efd-1e97-4e98-8b30-01f7d813ef78_ENSG00000102024.19,14,99093049,6,628969924,0,8,610668618,15,02900598,5,774005428,5,79868138,9,662956092,11,47967237,0,0,11,93994209,39,93897325,0,0,
16629c11-2386-4808-b6ef-9c1acee5261a_ENSG00000158828.8,0,0,0,0,7,514502991,0,0,0,5,739836185,0,12,25888309,0,0,0,0,
16be7a3a-b978-4a12-a602-8559e82f2214_ENSG00000080845.19,14,99093049,0,10,66194698,0,0,0,0,0,0,0,0,0,7,98779465,0,0,
1713cfa9-4494-4e95-93f9-b3ae2a3c33f3_chr17:333000,0,0,5,330973489,8,610668618,0,0,0,0,0,0,0,0,7,98779465,0,0,
172cf0ff-f602-40b7-8927-f1f0d53ac1d0_ENSG00000166965.13,0,0,5,330973489,0,7,514502991,11,54801086,5,79868138,0,0,0,18,38832464,0,7,98779465,12,36544846,0,
17367111-8f95-47cd-b896-c88eebd34248_ENSG00000288012.1,0,6,628969924,10,66194698,0,15,02900598,0,17,39604414,9,662956092,5,739836185,13,93689375,6,129441547,17,90991314,7,98779465,0,0,
17700328-6db5-45c5-a596-61f8f63958db_ENSG00000187824.9,0,6,628969924,5,330973489,0,15,02900598,0,0,0,0,0,6,129441547,0,0,0,0,
1780cd3f-1615-4430-8dbf-2102d5a66b3a_ENSG00000160282.15,0,6,628969924,0,0,0,0,0,0,5,739836185,0,6,129441547,5,969971046,0,0,0,
17fa8bbc-6c7a-4394-803a-d7bcb428bd2a_ENSG00000273361.1,14,99093049,0,5,330973489,0,0,0,0,0,0,0,0,5,969971046,0,0,0,
1852842a-c5b8-4cd7-9fea-f60ceb6e96ef_ENSG00000225555.2,0,6,628969924,0,8,610668618,0,0,5,79868138,0,0,0,0,11,93994209,0,6,182724232,0,
1864aaba-6969-4ddc-b507-bd009d39fdfb_ENSG00000042781.14,0,46,40278947,37,31681442,43,05334309,82,6595329,34,64403257,69,58417656,0,40,1788533,41,81068124,12,25888309,113,4294499,55,91456255,24,73089693,0,
188577af-9770-4c95-b497-433ac7e06600_ENSG00000133422.14,0,6,628969924,0,17,22133724,7,514502991,5,774005428,0,0,5,739836185,0,6,129441547,11,93994209,0,0,0,
18c83800-294f-4a21-9b67-eeacb87f2562_ENSG00000187720.15,0,0,15,99292047,0,0,0,0,0,5,739836185,13,93689375,0,0,7,98779465,6,182724232,0,
191d3182-9e12-4df1-a3a4-0f20d8efd22c_ENSG00000264672.6,0,0,0,8,610668618,0,0,0,0,0,0,0,5,969971046,0,0,179,7591228,
192a4543-70cf-4773-83b1-a297b0bfbe7d_ENSG00000055955.17,0,0,5,330973489,0,7,514502991,5,774005428,0,9,662956092,22,95934474,0,18,38832464,0,0,12,36544846,0,
193f2354-80be-4f0d-8815-5f26082e2529_ENSG00000166278.15,29,98186097,13,25793985,15,99292047,17,22133724,22,54350897,0,0,19,32591218,22,95934474,13,93689375,12,25888309,11,93994209,23,96338395,0,0,
1958df77-4661-4fbf-a864-40ed3a41499e_ENSG00000289562.1,0,0,10,66194698,0,0,0,5,79868138,0,0,0,0,11,93994209,0,0,0
19e743a5-bbb7-4a2a-816e-b595171186e7_ENSG00000259802.1,0,13,25793985,10,66194698,0,7,514502991,34,64403257,11,59736276,0,11,47967237,13,93689375,6,129441547,11,93994209,15,9755893,0,0
1a517c29-25ed-4887-8212-927a03861327_ENSG00000031081.11,0,0,5,330973489,0,0,0,11,59736276,0,0,13,93689375,6,129441547,5,969971046,7,98779465,0,0
1a6f8280-fa8c-410d-b650-e83fab197dcb_ENSG00000105499.14,0,0,5,330973489,0,0,11,54801086,0,0,0,0,0,5,969971046,0,0,0
1a81bb5f-e4f2-4c47-93c1-6a3e8ca7a1f2_ENSG00000237773.8,0,0,0,8,610668618,0,11,54801086,0,0,5,739836185,13,93689375,0,0,0,6,182724232,0
1aedf87c-f33c-40f6-ab14-2c87fa3e66eb_ENSG00000171988.20,0,13,25793985,0,34,44267447,30,05801196,11,54801086,28,9934069,19,32591218,5,739836185,0,24,51776619,17,90991314,0,37,09634539,0
1b239cdc-beb8-4822-b140-71676766e2f9_ENSG00000004799.8,14,99093049,13,25793985,0,8,610668618,7,514502991,0,0,0,0,0,6,129441547,0,7,98779465,0,0
1bb6d834-b3d3-4208-87d6-d772bb8c402e_ENSG00000109667.12,0,0,10,66194698,25,83200586,7,514502991,0,5,79868138,9,662956092,0,0,12,25888309,11,93994209,7,98779465,0,0
1c261ce1-aff2-43cb-9c9a-f5d7f436b519_ENSG00000107796.13,0,0,5,330973489,0,7,514502991,5,774005428,0,0,0,0,6,129441547,0,0,0,0
1cdb92f7-ab60-4499-a04e-6248c5504777_ENSG00000198650.11,0,6,628969924,0,0,0,11,54801086,5,79868138,0,0,0,0,5,969971046,0,0,0
1ddead12-11be-4a94-b206-225d2383d42e_ENSG00000150527.18,0,13,25793985,0,0,22,54350897,11,54801086,17,39604414,0,17,21950856,0,6,129441547,5,969971046,0,6,182724232,0
1e11cae1-c57f-46ee-bb1d-28ad4ba4e3f3_ENSG00000205629.12,14,99093049,13,25793985,5,330973489,17,22133724,7,514502991,0,17,39604414,0,5,739836185,0,12,25888309,17,90991314,15,9755893,6,182724232,0
1f030bdb-56da-451e-81a5-9e8d9aa8c5a5_ENSG00000105707.15,14,99093049,0,5,330973489,17,22133724,7,514502991,0,5,79868138,0,0,13,93689375,6,129441547,0,7,98779465,0,0
1f152ee5-a487-4c08-94f9-8f1ab877871b_ENSG00000182670.13,29,98186097,86,17660902,47,9787614,43,05334309,30,05801196,28,87002714,57,9868138,28,98886827,63,13819804,13,93689375,36,77664928,53,72973941,71,89015185,37,09634539,0
1f954bc3-6750-4e80-be38-a6d88d445616_ENSG00000055955.17,14,99093049,13,25793985,10,66194698,0,0,5,774005428,0,9,662956092,0,0,0,0,0,0,0
1fb06730-b21e-4c37-8faa-b3b47aee30b2_ENSG00000221857.7,0,0,10,66194698,0,0,0,5,79868138,9,662956092,11,47967237,0,6,129441547,0,0,6,182724232,0
200c56b3-583a-4fb8-91d8-fd7f81067a62_ENSG00000275441.1,0,0,5,330973489,8,610668618,0,0,0,0,5,739836185,0,0,0,0,0,0
200fceae-e013-445d-bab1-49689d1a76b3_ENSG00000114857.19,29,98186097,26,5158797,5,330973489,8,610668618,22,54350897,17,32201628,23,19472552,19,32591218,28,69918093,0,30,64720773,47,75976837,31,9511786,12,36544846,0
202c93d6-8760-448d-9ecd-5c365da394ec_ENSG00000121410.12,0,165,7242481,101,2884963,137,7706979,120,2320479,127,0281194,144,9670345,77,30364873,143,4959046,125,4320437,147,1065971,125,369392,111,8291251,61,82724232,0
2057e96e-1ef5-47c5-90d0-01c2e47fc4a5_ENSG00000041515.16,0,0,0,0,0,0,0,0,0,0,0,0,0,18,5481727,0
20a25c56-233e-4163-99c1-acce90482240_ENSG00000244731.8,119,9274439,53,03175939,319,8584093,77,49601757,127,7465508,80,83607599,104,3762648,241,5739023,80,35770659,41,81068124,134,847714,59,69971046,39,93897325,74,19269078,179,7591228
210faed5-671b-4e20-a80c-74e00f311777_ENSG00000160282.15,0,13,25793985,0,0,0,0,0,0,0,0,0,5,969971046,0,0,0
211743e8-0a31-47d6-b762-120a67d07885_ENSG00000244731.8,14,99093049,172,353218,207,9079661,189,4347096,195,3770778,103,9320977,127,5709904,222,2479901,80,35770659,222,9902999,527,131973,95,51953673,103,8413304,284,4053147,179,7591228
21d7ded9-944d-487f-b60b-f08ee5642d98_ENSG00000005810.19,0,6,628969924,0,0,7,514502991,0,0,9,662956092,0,0,6,129441547,5,969971046,7,98779465,6,182724232,0
221174d4-0083-43d2-994d-00a18a86e9f9_ENSG00000198814.14,0,6,628969924,0,0,0,5,774005428,0,0,0,0,0,5,969971046,0,6,182724232,0
2215ef6b-152f-4acb-a576-07099d592936_ENSG00000263400.8,0,0,0,8,610668618,7,514502991,5,774005428,5,79868138,0,5,739836185,0,6,129441547,0,0,0,0
22dfbcea-8f20-4956-861c-9bf6f7ce4749_ENSG00000169231.13,0,0,0,8,610668618,7,514502991,0,0,9,662956092,0,0,6,129441547,0,7,98779465,6,182724232,0
22f2f8fe-dc27-41d2-af21-6da301239ecb_ENSG00000232667.11,44,97279146,13,25793985,31,98584093,25,83200586,7,514502991,5,774005428,11,59736276,19,32591218,28,69918093,13,93689375,30,64720773,29,84985523,23,96338395,30,91362116,0
2353296d-e852-4e45-95ea-e5b80a5f1fd6_ENSG00000164691.18,0,6,628969924,0,0,0,0,0,0,5,739836185,0,6,129441547,0,7,98779465,0,0
235fdc67-3a23-421e-a4cd-c7c6089b5e21_ENSG00000272182.1,14,99093049,0,0,8,610668618,0,5,774005428,0,0,0,0,0,0,0,6,182724232,0
23714e8a-8ca8-42ce-afd9-5e23dcfc9168_ENSG00000168237.18,29,98186097,33,14484962,21,32389396,8,610668618,15,02900598,11,54801086,17,39604414,0,11,47967237,13,93689375,18,38832464,53,72973941,23,96338395,12,36544846,0
23848a97-35c9-466d-8667-cccc3272ef5b_ENSG00000066136.21,0,6,628969924,10,66194698,0,7,514502991,11,54801086,0,9,662956092,5,739836185,27,87378749,6,129441547,11,93994209,0,6,182724232,0
2398dfc1-cca5-4b89-9b06-d1dfc6f50e9c_ENSG00000228315.12,0,6,628969924,0,0,15,02900598,5,774005428,5,79868138,0,5,739836185,0,0,0,7,98779465,12,36544846,0
23c63d00-ecb8-4450-af9e-72a3a7c7a774_ENSG00000270175.1,0,0,10,66194698,0,0,0,0,0,0,0,0,11,93994209,0,0,0
245d59c0-c2b0-433f-8293-641c847b7bdd_ENSG00000053254.16,0,0,0,0,0,0,5,79868138,9,662956092,5,739836185,13,93689375,0,5,969971046,0,6,182724232,0
25a302f4-d1cf-4684-9e12-223b3094f1fb_ENSG00000106052.14,0,0,0,8,610668618,7,514502991,5,774005428,0,0,0,0,6,129441547,0,0,6,182724232,0
2613cb33-38bf-487a-8353-0ab02eebff96_ENSG00000105879.12,0,6,628969924,0,0,15,02900598,5,774005428,11,59736276,0,28,69918093,13,93689375,0,11,93994209,23,96338395,0,179,7591228
26641821-b3a5-449c-b834-98207e980e6b_ENSG00000258561.2,0,0,10,66194698,0,0,5,774005428,0,0,5,739836185,0,0,0,0,0,0
26a2a303-7eeb-4364-80f9-30b976640c62_ENSG00000175899.15,14,99093049,6,628969924,0,8,610668618,0,5,774005428,11,59736276,0,0,13,93689375,0,11,93994209,7,98779465,6,182724232,0
26b20346-7031-4da2-89a7-88859c96bea5_ENSG00000213614.11,0,0,5,330973489,0,15,02900598,5,774005428,17,39604414,0,0,0,0,5,969971046,0,6,182724232,0
277f9355-8d59-46de-a8ac-105d013f944f_ENSG00000160282.15,14,99093049,0,10,66194698,0,7,514502991,5,774005428,23,19472552,0,11,47967237,27,87378749,12,25888309,29,84985523,23,96338395,12,36544846,0
27c32315-9bc9-43b0-9ff1-4a075d443bc4_ENSG00000283103.4,0,13,25793985,10,66194698,17,22133724,0,5,774005428,5,79868138,0,0,0,24,51776619,5,969971046,7,98779465,12,36544846,0
27c8e432-7a0d-4a85-8601-ef8d011d2a17_ENSG00000100697.15,0,6,628969924,0,0,0,0,0,0,5,739836185,13,93689375,6,129441547,0,0,12,36544846,0
280643be-1774-46f1-91db-0ba5574ab0fc_ENSG00000055955.17,14,99093049,33,14484962,31,98584093,25,83200586,7,514502991,34,64403257,28,9934069,38,65182437,11,47967237,13,93689375,30,64720773,11,93994209,7,98779465,12,36544846,0
28270733-2607-4147-bb19-23bc17dc2b8d_ENSG00000197555.10,0,0,0,0,0,11,54801086,0,0,0,13,93689375,6,129441547,5,969971046,0,0,0
284b691d-2058-4474-aa41-81631b2f8494_ENSG00000165895.19,29,98186097,6,628969924,0,8,610668618,0,11,54801086,17,39604414,9,662956092,5,739836185,0,24,51776619,17,90991314,7,98779465,24,73089693,0
28d99e87-71a3-4f97-9dc9-9a1424f6c69f_ENSG00000126001.16,0,6,628969924,10,66194698,0,0,0,5,79868138,0,0,0,0,0,0,6,182724232,0
28e36b7b-c1e0-4e77-944c-a49c1fdb9e54_ENSG00000164398.15,0,0,10,66194698,8,610668618,0,0,0,0,0,0,0,0,0,0,0
295faf3c-7be9-4880-a2b7-a71026244542_ENSG00000105135.16,0,0,31,98584093,8,610668618,0,11,54801086,5,79868138,9,662956092,5,739836185,13,93689375,0,11,93994209,23,96338395,0,0
29c12e98-ecc9-40dc-a312-55f20b71502c_ENSG00000232667.11,0,0,0,0,0,0,0,0,0,0,0,0,15,9755893,12,36544846,0
29cfe36f-b577-4329-98b6-d3b434c6a53d_ENSG00000110514.19,0,0,5,330973489,0,7,514502991,0,0,0,0,0,0,0,0,6,182724232,0
29eca356-3e3e-49e4-9b73-9ac9c55abfa2_ENSG00000196588.21,0,6,628969924,21,32389396,0,0,0,5,79868138,9,662956092,11,47967237,0,0,0,0,6,182724232,0
2a6fc18a-50f6-4f96-949d-66ae499fdc6f_ENSG00000133112.17,0,6,628969924,0,8,610668618,7,514502991,17,32201628,23,19472552,0,0,0,18,38832464,5,969971046,15,9755893,12,36544846,0
2a8b4d7c-3703-42a7-bef5-87a6e56aad88_ENSG00000116977.19,29,98186097,46,40278947,37,31681442,17,22133724,7,514502991,11,54801086,23,19472552,9,662956092,17,21950856,13,93689375,24,51776619,0,39,93897325,18,5481727,0
2b60bb2d-6520-4fb8-b6cc-1a8b339e8366_ENSG00000206573.10,14,99093049,13,25793985,0,8,610668618,7,514502991,5,774005428,11,59736276,0,0,0,30,64720773,0,7,98779465,0,0
2bdd470e-de12-41f5-a2be-a97fffd0b9b2_ENSG00000003436.16,0,0,0,8,610668618,7,514502991,5,774005428,17,39604414,0,0,0,12,25888309,0,0,0,0
2c10a499-d29f-4d02-a9df-e9b76688ab64_ENSG00000118137.10,14,99093049,13,25793985,15,99292047,8,610668618,0,5,774005428,5,79868138,0,0,13,93689375,6,129441547,0,0,12,36544846,0
2c1db7c6-a367-44f2-85ca-6ef38b5e0450_ENSG00000135404.12,0,13,25793985,0,0,0,0,0,0,11,47967237,0,6,129441547,0,0,0,0
2c294cf8-fd43-4586-a517-bc83d4056a95_ENSG00000156508.19,104,9365134,26,5158797,58,64070838,43,05334309,45,08701794,34,64403257,23,19472552,19,32591218,0,27,87378749,42,90609083,71,63965255,39,93897325,49,46179386,0
2c5e9f5c-c5ad-44a1-90ab-ea63cb4bde5e_ENSG00000055955.17,14,99093049,26,5158797,10,66194698,0,15,02900598,5,774005428,0,28,98886827,11,47967237,13,93689375,0,0,7,98779465,12,36544846,0
2c7c8e20-f03e-4081-9312-1883287c1a8e_ENSG00000272831.1,0,19,88690977,63,97168187,25,83200586,7,514502991,28,87002714,11,59736276,28,98886827,28,69918093,55,74757498,12,25888309,0,7,98779465,30,91362116,0
2c860837-fbfb-45ef-a75e-5a1506250dad_ENSG00000104880.19,0,13,25793985,5,330973489,0,15,02900598,5,774005428,11,59736276,0,11,47967237,0,0,5,969971046,7,98779465,0,0
2cb0acc1-2f02-473a-aa7d-8bad095d8959_ENSG00000224389.9,0,0,0,0,0,5,774005428,0,0,0,0,6,129441547,0,0,0,0
2d01d068-7490-4fa0-b44c-47323af6b9a3_ENSG00000166278.15,0,13,25793985,5,330973489,0,0,11,54801086,5,79868138,19,32591218,5,739836185,13,93689375,6,129441547,0,15,9755893,6,182724232,0
2d0675fa-cee3-43ba-be76-efcdef55c999_ENSG00000055955.17,0,0,0,0,0,0,5,79868138,9,662956092,0,0,6,129441547,0,7,98779465,12,36544846,0
2d459f9e-753a-40c9-b04d-84b8e93af151_ENSG00000105707.15,59,96372195,13,25793985,21,32389396,0,22,54350897,0,34,79208828,28,98886827,17,21950856,0,0,11,93994209,31,9511786,12,36544846,0
2d71ef09-05ab-46b6-8357-5f0d1e64d644_ENSG00000113971.21,14,99093049,13,25793985,0,17,22133724,7,514502991,5,774005428,0,0,0,13,93689375,12,25888309,0,23,96338395,6,182724232,0
2dacaad1-6448-499a-824c-9e1c206edcd3_ENSG00000117594.10,0,6,628969924,0,0,7,514502991,5,774005428,0,0,0,0,0,0,0,0,0
2db430d0-4987-4c76-90db-d302adbe16d9_ENSG00000055955.17,14,99093049,0,5,330973489,0,0,0,0,0,11,47967237,0,0,5,969971046,0,0,0
2dc12354-7ea2-427d-b66c-9bc75e2fa29c_chr19:58558000,0,13,25793985,0,0,0,11,54801086,0,0,0,0,0,0,0,0,0
2e156f29-7402-4cc6-8dff-f17418ac17c8_ENSG00000288907.1,0,0,15,99292047,8,610668618,0,5,774005428,5,79868138,0,0,0,0,0,7,98779465,0,0
2e2a3e69-4eb3-4aba-8f4c-867579211b57_chr14:32156000,14,99093049,0,0,0,0,0,11,59736276,0,0,13,93689375,12,25888309,0,7,98779465,6,182724232,0
2e381450-2b09-4fb6-b2f0-83a208d87ebc_ENSG00000116584.21,0,13,25793985,0,0,0,11,54801086,0,0,0,0,0,5,969971046,0,0,0
2e9477d3-d65c-4b59-adaa-ca40cd418eb3_ENSG00000128641.19,14,99093049,13,25793985,5,330973489,0,30,05801196,5,774005428,11,59736276,0,5,739836185,27,87378749,0,0,7,98779465,0,0
2f30c3ee-306a-428f-8698-a2420f7aad34_ENSG00000142182.9,0,6,628969924,10,66194698,8,610668618,7,514502991,17,32201628,0,0,28,69918093,13,93689375,6,129441547,35,81982627,31,9511786,0,0
2f486c7e-f133-4926-ae5a-bccbf4ff5548_ENSG00000258604.1,14,99093049,6,628969924,5,330973489,8,610668618,0,5,774005428,23,19472552,9,662956092,5,739836185,13,93689375,18,38832464,11,93994209,7,98779465,12,36544846,0
2fc8fef5-ef01-4072-8d95-3b8dce0e7e61_ENSG00000079277.22,14,99093049,0,10,66194698,8,610668618,15,02900598,5,774005428,11,59736276,19,32591218,17,21950856,0,24,51776619,0,0,12,36544846,0
305d0324-1f76-4759-9a18-88c96cf203ee_ENSG00000157873.18,0,19,88690977,0,0,7,514502991,0,0,0,0,0,12,25888309,0,0,0,0
313ded87-61b9-4b97-89b5-78acf7f5d4c2_ENSG00000142632.17,0,6,628969924,5,330973489,0,0,5,774005428,0,0,5,739836185,0,0,0,0,0,0
31cdca4c-061e-4aa9-9b66-f7689f1f79f6_ENSG00000013573.17,14,99093049,6,628969924,10,66194698,8,610668618,0,11,54801086,11,59736276,0,0,0,0,0,7,98779465,0,0
31d6c33e-3e99-4016-9b66-bfa776dc073e_ENSG00000175792.12,0,13,25793985,0,0,0,5,774005428,0,9,662956092,5,739836185,0,0,0,0,0,0
31e5077f-cc28-48af-b2db-cfe10e79deda_ENSG00000272667.1,0,0,5,330973489,0,0,11,54801086,0,0,0,27,87378749,12,25888309,17,90991314,0,18,5481727,0
31fd672a-e3be-4462-9953-1bfa6d3f7698_chr15:79923000,0,0,5,330973489,17,22133724,0,17,32201628,5,79868138,0,11,47967237,0,6,129441547,0,7,98779465,6,182724232,0
32866927-70f3-4022-a2e0-ec1ecbc6db64_ENSG00000152520.14,29,98186097,6,628969924,0,0,0,0,5,79868138,0,0,27,87378749,6,129441547,11,93994209,31,9511786,6,182724232,0
32bffca6-6fc9-42cc-9825-518fabfa078b_ENSG00000109180.15,14,99093049,6,628969924,0,8,610668618,0,5,774005428,0,19,32591218,17,21950856,0,18,38832464,5,969971046,15,9755893,6,182724232,0
32e2c539-23cd-4e4c-b586-b3ce189b26d9_ENSG00000178803.12,0,0,0,0,7,514502991,0,5,79868138,0,0,13,93689375,0,5,969971046,23,96338395,6,182724232,0
3318b394-c634-4de2-ba71-deadbe39c678_ENSG00000170456.16,0,6,628969924,0,8,610668618,0,0,0,0,0,0,0,0,15,9755893,0,0
3319ce03-933c-4f04-92b2-e6d201125d1a_chr3:101676000,0,6,628969924,0,0,0,0,0,9,662956092,11,47967237,27,87378749,0,0,0,0,0
3321177e-8bb8-4a0e-ad76-04ffa4f9dfaa_ENSG00000167861.16,0,6,628969924,0,17,22133724,0,5,774005428,0,9,662956092,5,739836185,0,12,25888309,0,0,0,0
33571f18-9530-4fbe-9691-07b1af57032d_ENSG00000177556.12,14,99093049,0,5,330973489,0,0,11,54801086,0,0,5,739836185,0,0,0,0,6,182724232,0
3393547f-4048-4d0d-85b2-e4d30b1fde01_ENSG00000244879.9,0,6,628969924,5,330973489,0,0,5,774005428,5,79868138,0,0,0,0,17,90991314,7,98779465,0,0
33939ffb-e0a5-4ae1-9f3c-b378585b413a_ENSG00000244731.8,0,0,5,330973489,8,610668618,15,02900598,0,0,0,0,0,0,0,0,0,0
33c630b6-0c5f-4fc1-866f-54f3a4d9526b_ENSG00000259605.3,14,99093049,6,628969924,10,66194698,0,7,514502991,0,5,79868138,9,662956092,17,21950856,0,0,0,0,0,0
33de15ea-b5e9-4c2e-9591-37c51e060c67_ENSG00000178127.13,0,13,25793985,0,0,22,54350897,23,09602171,0,0,22,95934474,0,18,38832464,0,15,9755893,6,182724232,0
33e91f1a-c8c4-43c0-9fa1-45aa4b3358ad_chr12:123363000,0,0,0,0,7,514502991,0,0,0,5,739836185,0,0,5,969971046,0,6,182724232,0
349766b0-cefc-48d8-85e5-4d11dc3186bf_ENSG00000160294.11,29,98186097,6,628969924,47,9787614,25,83200586,30,05801196,17,32201628,5,79868138,28,98886827,0,0,18,38832464,23,87988418,15,9755893,12,36544846,0
352fd8c5-d53b-43b4-872b-60922dcc2690_ENSG00000172216.6,179,8911658,324,8195263,266,5486745,266,9307272,383,2396525,248,2822334,284,1353876,280,2257267,396,0486968,292,6747686,300,3426358,274,6186681,247,6216341,290,5880389,0
35b138ee-aeae-4d4d-8c5c-44bc9f619397_ENSG00000168675.19,14,99093049,0,5,330973489,8,610668618,15,02900598,23,09602171,34,79208828,0,0,27,87378749,12,25888309,5,969971046,39,93897325,6,182724232,0
35ba23ae-d821-457b-80f3-3558a7ef6ad6_ENSG00000003756.17,14,99093049,0,5,330973489,0,0,0,0,0,0,0,0,11,93994209,0,12,36544846,0
35e2dffe-f289-4eb6-807f-201da170639d_ENSG00000188820.13,14,99093049,53,03175939,10,66194698,25,83200586,75,14502991,46,19204342,11,59736276,9,662956092,34,43901711,13,93689375,12,25888309,23,87988418,55,91456255,12,36544846,0
366af2be-afce-47b1-83c6-686d77173827_ENSG00000088926.14,14,99093049,33,14484962,5,330973489,8,610668618,7,514502991,17,32201628,23,19472552,0,11,47967237,13,93689375,0,5,969971046,23,96338395,0,0
36e19964-9c7e-4d96-8105-50a68469d6df_ENSG00000160714.10,0,13,25793985,0,0,0,5,774005428,17,39604414,19,32591218,11,47967237,0,6,129441547,11,93994209,7,98779465,0,0
373e8cfa-78a1-47bc-b46f-67b37222a8fa_ENSG00000224389.9,14,99093049,19,88690977,15,99292047,8,610668618,7,514502991,17,32201628,17,39604414,28,98886827,11,47967237,0,12,25888309,17,90991314,55,91456255,0,0
37dc7a00-81e2-4eb6-a9a8-0cb7c5fe146b_ENSG00000241388.5,0,0,5,330973489,8,610668618,0,0,0,0,0,0,0,0,7,98779465,6,182724232,0
37e0bae8-de10-4a3d-81da-9cbdbe5cce40_ENSG00000135968.22,0,19,88690977,0,17,22133724,7,514502991,5,774005428,11,59736276,19,32591218,11,47967237,13,93689375,12,25888309,29,84985523,0,6,182724232,0
385d1036-858b-4e43-baa3-13d9e2e22809_ENSG00000145014.18,0,6,628969924,0,0,0,11,54801086,5,79868138,0,0,0,0,17,90991314,0,0,0
385d768a-292e-4354-8d2d-cfdc935a3b93_ENSG00000178826.11,0,6,628969924,0,17,22133724,0,0,5,79868138,9,662956092,11,47967237,0,6,129441547,0,0,18,5481727,179,7591228
396557bd-4377-4924-a8a3-14103b12baf0_ENSG00000155093.19,0,26,5158797,5,330973489,17,22133724,0,0,5,79868138,0,0,0,6,129441547,0,0,12,36544846,0
398c0597-76c3-4328-8094-3b8a5e6f0f7c_ENSG00000154767.15,14,99093049,0,15,99292047,17,22133724,0,28,87002714,17,39604414,19,32591218,11,47967237,55,74757498,30,64720773,5,969971046,15,9755893,37,09634539,0
39c70c3f-f2eb-43b0-a354-98c7c615b50e_ENSG00000141293.16,0,0,15,99292047,17,22133724,0,0,5,79868138,0,5,739836185,0,0,0,0,0,0
3a515021-4ea9-46ac-9bcc-fb8da80980e1_ENSG00000051596.10,14,99093049,6,628969924,0,0,0,0,0,9,662956092,5,739836185,0,0,0,0,0,0
3abf68be-4523-4dcb-ad21-01575b9a4673_ENSG00000171132.14,0,0,0,17,22133724,0,5,774005428,23,19472552,0,17,21950856,0,36,77664928,11,93994209,23,96338395,6,182724232,0
3af1836e-f275-495a-9da9-038d066fd6b4_ENSG00000154229.12,0,0,0,0,7,514502991,0,0,0,0,27,87378749,6,129441547,5,969971046,7,98779465,0,0
3b3577d9-2137-490d-9339-09203a08441f_ENSG00000055955.17,0,0,5,330973489,0,0,0,0,0,0,0,6,129441547,5,969971046,0,0,0
3b8f7992-a78d-4719-b5ce-f2ac15704e7b_ENSG00000159086.15,0,0,5,330973489,0,0,0,0,0,5,739836185,0,0,5,969971046,0,0,0
3bc34646-8161-4eff-977b-0f737028f773_ENSG00000198650.11,0,0,0,8,610668618,0,0,0,0,5,739836185,0,0,0,0,0,0
3bd225c7-f531-42fd-81d6-8fa248fc0e29_ENSG00000004799.8,0,6,628969924,5,330973489,0,0,0,0,0,0,0,6,129441547,0,0,6,182724232,0
3c1ba71a-d1a7-4ead-8e90-a7665c23b46c_ENSG00000239911.3,0,0,0,8,610668618,0,0,5,79868138,0,11,47967237,0,0,5,969971046,0,0,0
3c51951b-da11-433b-bdd1-e3fb61dcc0e6_ENSG00000003436.16,0,6,628969924,5,330973489,0,15,02900598,5,774005428,5,79868138,9,662956092,17,21950856,0,0,5,969971046,0,18,5481727,0
3d476ea2-1c18-4b2d-a794-a698302c1232_ENSG00000289226.1,0,6,628969924,10,66194698,0,0,0,11,59736276,0,5,739836185,27,87378749,0,0,0,0,0
3d8fa47c-4b77-460b-9e4f-a37d91bf1a4d_ENSG00000168237.18,29,98186097,13,25793985,15,99292047,8,610668618,22,54350897,0,17,39604414,9,662956092,0,13,93689375,18,38832464,5,969971046,7,98779465,12,36544846,0
3da1147d-e0d2-45cb-990a-8b52cf912253_ENSG00000172578.12,0,6,628969924,10,66194698,0,0,5,774005428,0,0,5,739836185,13,93689375,0,0,0,6,182724232,0
3f1e0d31-7e34-4b60-80c9-03296d3c3376_chr19:47701000,14,99093049,0,5,330973489,0,0,0,11,59736276,9,662956092,0,0,18,38832464,11,93994209,7,98779465,6,182724232,0
3fa66131-c792-46af-ae40-493d71e0c3a5_ENSG00000107341.5,0,0,0,0,15,02900598,0,0,0,5,739836185,0,0,0,0,0,0
3fb76074-7932-47ad-b559-ab18646ce181_ENSG00000283154.3,14,99093049,0,5,330973489,8,610668618,7,514502991,11,54801086,11,59736276,19,32591218,0,0,12,25888309,17,90991314,7,98779465,12,36544846,0
41a30414-034c-4cac-b032-9a240b59fd3a_chr11:83158000,0,6,628969924,5,330973489,0,15,02900598,0,11,59736276,0,0,0,6,129441547,0,0,6,182724232,0
41d4cc7c-5978-4133-9797-c826737ca6bd_ENSG00000137642.13,59,96372195,26,5158797,26,65486745,43,05334309,67,63052692,11,54801086,28,9934069,0,22,95934474,13,93689375,6,129441547,23,87988418,39,93897325,24,73089693,0
420b4401-80c4-4d40-a824-aa61705472b2_ENSG00000188001.10,0,6,628969924,5,330973489,25,83200586,0,5,774005428,5,79868138,0,0,0,6,129441547,5,969971046,0,0,0
4258c505-ff6a-4668-970f-45639567139a_ENSG00000102879.16,0,0,0,17,22133724,0,0,0,0,0,0,0,0,15,9755893,0,0
42b74398-9ee4-44e7-8100-6ef3479a3088_ENSG00000055955.17,0,26,5158797,5,330973489,17,22133724,0,0,28,9934069,9,662956092,17,21950856,13,93689375,24,51776619,11,93994209,7,98779465,55,64451809,0
431a97fa-7092-48f0-9a44-ee1941247f53_ENSG00000095787.24,44,97279146,46,40278947,42,64778791,34,44267447,30,05801196,34,64403257,63,78549518,57,97773655,68,87803422,69,68446873,42,90609083,59,69971046,39,93897325,37,09634539,0
432be962-7364-47d8-a14a-f7e4efa931e2_ENSG00000244731.8,14,99093049,0,0,0,0,5,774005428,0,0,0,13,93689375,0,0,0,0,0
43354243-1562-46e1-9f21-6e02804af9b4_ENSG00000157873.18,0,0,0,8,610668618,7,514502991,5,774005428,5,79868138,0,0,0,6,129441547,0,7,98779465,0,0
433acfa3-22c8-4e81-9791-ffcafac22daf_ENSG00000105402.8,0,6,628969924,31,98584093,8,610668618,22,54350897,23,09602171,23,19472552,19,32591218,22,95934474,0,12,25888309,11,93994209,7,98779465,12,36544846,0
437703a0-072a-4c23-85df-fcc2906a2af0_ENSG00000116977.19,0,0,0,0,15,02900598,0,0,0,0,0,0,5,969971046,7,98779465,0,0
43c3f21b-980a-4559-8540-39a80f52eea8_ENSG00000133678.14,0,6,628969924,5,330973489,0,0,5,774005428,0,9,662956092,0,0,0,0,0,0,0
442128dd-55dc-465c-a811-a2265e6ca52c_ENSG00000114503.11,0,6,628969924,0,8,610668618,15,02900598,5,774005428,17,39604414,28,98886827,5,739836185,0,12,25888309,0,7,98779465,37,09634539,0
44c48625-7848-42d5-afcd-4178b37db8b6_ENSG00000160282.15,0,26,5158797,26,65486745,17,22133724,15,02900598,23,09602171,11,59736276,19,32591218,22,95934474,13,93689375,6,129441547,23,87988418,23,96338395,30,91362116,0
45430279-9ad7-46ae-b088-c5b4c38022d6_ENSG00000197386.14,0,0,5,330973489,25,83200586,37,57251495,11,54801086,17,39604414,19,32591218,5,739836185,0,6,129441547,23,87988418,15,9755893,12,36544846,0
4654464d-3f5b-4db4-bcb4-a1c467830b16_ENSG00000058272.19,0,6,628969924,0,0,15,02900598,11,54801086,5,79868138,0,11,47967237,13,93689375,0,5,969971046,15,9755893,12,36544846,0
46fd06df-a458-407c-b92a-e0c62d441472_ENSG00000114790.13,14,99093049,19,88690977,10,66194698,25,83200586,15,02900598,17,32201628,34,79208828,9,662956092,11,47967237,55,74757498,12,25888309,47,75976837,15,9755893,0,0
470a0f6f-d96c-4117-a6ed-03c2145e22b9_ENSG00000154258.17,29,98186097,13,25793985,5,330973489,8,610668618,30,05801196,0,5,79868138,9,662956092,5,739836185,27,87378749,6,129441547,17,90991314,15,9755893,6,182724232,179,7591228
47c9b23f-039b-4b18-b8b7-22b9300ace50_ENSG00000175899.15,74,95465244,72,91866917,90,62654931,120,5493607,45,08701794,34,64403257,46,38945104,67,64069264,51,65852567,41,81068124,24,51776619,41,78979732,23,96338395,55,64451809,0
47d0b732-85fc-44a0-a4da-d39dc82816ba_chr14:32154000,0,0,0,0,0,11,54801086,0,19,32591218,0,0,12,25888309,0,7,98779465,6,182724232,0
47d3700f-0b7e-4c30-a150-22fbd197691c_ENSG00000136146.15,0,0,10,66194698,8,610668618,45,08701794,5,774005428,11,59736276,0,0,0,6,129441547,0,0,6,182724232,0
47de24e0-0e89-4af9-8584-6edd9c282553_ENSG00000244731.8,0,0,0,8,610668618,7,514502991,5,774005428,0,19,32591218,5,739836185,0,6,129441547,5,969971046,7,98779465,12,36544846,0
489112f4-1c98-4baa-83f7-f81e76757fa8_ENSG00000257337.8,0,0,10,66194698,0,0,0,0,0,0,13,93689375,0,0,0,12,36544846,0
495f52a9-a206-4a14-8858-6ae262e4ca39_chr3:14942000,29,98186097,39,77381955,5,330973489,51,66401171,75,14502991,57,74005428,57,9868138,19,32591218,45,91868948,13,93689375,42,90609083,41,78979732,119,8169197,43,27906962,0
49623d3e-75f2-42b9-8045-8a4094a5373b_ENSG00000154080.14,0,0,0,0,0,5,774005428,0,0,5,739836185,13,93689375,6,129441547,5,969971046,15,9755893,6,182724232,0
49a054e5-1e78-482b-8a80-ee8878b07863_ENSG00000198650.11,0,6,628969924,0,0,0,5,774005428,5,79868138,9,662956092,5,739836185,0,12,25888309,0,0,6,182724232,0
49ebcd3e-de1f-4a3c-a7f3-aa1929570cdc_ENSG00000055955.17,0,0,0,8,610668618,0,0,0,0,0,0,0,0,7,98779465,0,0
4a25001f-68b7-4020-91db-03396911150a_chr11:117290000,0,0,5,330973489,8,610668618,0,0,0,0,5,739836185,0,0,5,969971046,0,6,182724232,0
4a8ab9a9-bbc9-4b6f-9fac-d9d9abbfb37f_ENSG00000213983.12,14,99093049,0,5,330973489,0,7,514502991,0,0,9,662956092,0,13,93689375,12,25888309,5,969971046,0,18,5481727,0
4aefec77-4741-4747-a6a5-6dfab7ad76b0_ENSG00000136068.16,59,96372195,106,0635188,79,96460234,51,66401171,82,6595329,51,96604885,63,78549518,38,65182437,51,65852567,69,68446873,30,64720773,77,60962359,87,86574115,61,82724232,0
4b0ac363-3b8c-46fb-a753-29ee60422b8e_ENSG00000143669.15,0,0,0,8,610668618,0,5,774005428,5,79868138,0,11,47967237,13,93689375,6,129441547,11,93994209,7,98779465,0,0
4b11dd51-d548-41c5-bd9a-87c31b05e1ee_ENSG00000143669.15,0,0,5,330973489,0,0,0,5,79868138,0,5,739836185,0,0,5,969971046,15,9755893,0,0
4b47fd68-ba34-4e38-928c-1a933fe1b2f5_ENSG00000198650.11,0,0,5,330973489,0,0,0,11,59736276,9,662956092,17,21950856,0,6,129441547,5,969971046,0,0,0
4b6e5d0b-56ad-40d7-9778-438eb6e3103f_ENSG00000123992.20,0,0,21,32389396,8,610668618,0,0,0,19,32591218,11,47967237,0,0,0,7,98779465,6,182724232,0
4c89152a-9233-4481-bf25-0569e100fddd_ENSG00000092820.19,44,97279146,0,10,66194698,8,610668618,30,05801196,5,774005428,0,0,17,21950856,0,55,16497392,17,90991314,23,96338395,18,5481727,0
4cb1f8d8-4bf8-4f36-80d4-e9fe8d637575_ENSG00000075399.14,29,98186097,13,25793985,5,330973489,0,0,0,5,79868138,28,98886827,5,739836185,13,93689375,12,25888309,17,90991314,7,98779465,12,36544846,0
4cb25022-6512-47a6-90fe-38e2531d71a4_ENSG00000065243.20,14,99093049,19,88690977,0,17,22133724,22,54350897,23,09602171,23,19472552,28,98886827,11,47967237,0,24,51776619,53,72973941,15,9755893,6,182724232,0
4cb727e5-978f-4709-a55d-b0a7f2bcc9dd_ENSG00000125746.18,0,6,628969924,0,0,0,5,774005428,0,0,0,0,0,0,0,6,182724232,0
4cbd59b1-ec17-4aa3-a196-9d6a20db30b7_ENSG00000055955.17,0,0,5,330973489,0,15,02900598,5,774005428,0,9,662956092,11,47967237,0,6,129441547,11,93994209,0,6,182724232,0
4d32edb0-ef4c-4488-a7c8-d13dff2dab3c_ENSG00000126803.10,0,0,0,8,610668618,0,0,11,59736276,0,11,47967237,13,93689375,0,0,7,98779465,12,36544846,0
4e5099a2-6ec0-4910-91f2-97343705ff1d_ENSG00000182957.16,29,98186097,39,77381955,5,330973489,17,22133724,15,02900598,23,09602171,5,79868138,9,662956092,5,739836185,41,81068124,42,90609083,23,87988418,15,9755893,18,5481727,0
4edec9e2-ca77-443b-a50c-19b3efead238_ENSG00000144619.15,0,0,0,0,7,514502991,0,0,0,0,13,93689375,18,38832464,0,0,0,0
4f4d9b13-4767-4192-940f-00363fd65876_ENSG00000146147.15,0,0,0,8,610668618,7,514502991,11,54801086,0,0,0,13,93689375,0,0,0,0,0
4f827d9b-98fe-4c7c-8b80-3fd57ae79cdb_ENSG00000256073.3,0,6,628969924,5,330973489,25,83200586,0,5,774005428,5,79868138,9,662956092,0,0,6,129441547,0,15,9755893,0,0
4fc5dd9a-62d7-4309-a30c-abf4865c4791_chr3:142961000,0,0,0,25,83200586,22,54350897,11,54801086,5,79868138,19,32591218,17,21950856,13,93689375,6,129441547,29,84985523,0,18,5481727,0
50cee8e8-1380-4c54-8a5f-877f91ec3c49_ENSG00000099326.9,0,0,0,0,0,0,0,0,5,739836185,0,0,5,969971046,0,6,182724232,0
50f099da-7043-4c71-99eb-cf7d837896a3_ENSG00000273204.1,0,6,628969924,0,0,7,514502991,0,0,0,5,739836185,13,93689375,0,0,7,98779465,0,0
511ce0fb-5dc1-4d64-ba9e-a95fcea46a16_ENSG00000114956.20,0,19,88690977,5,330973489,0,7,514502991,0,5,79868138,9,662956092,0,13,93689375,6,129441547,0,0,0,0
517d36b1-0066-46a9-9a89-57a0103bd8de_ENSG00000152620.13,0,6,628969924,0,0,15,02900598,17,32201628,17,39604414,19,32591218,5,739836185,13,93689375,36,77664928,5,969971046,7,98779465,0,0
51d09079-4416-4665-a1a5-80c62828c6b6_ENSG00000224389.9,14,99093049,0,5,330973489,0,7,514502991,0,0,0,0,0,0,0,0,0,0
520e6461-c74b-4075-ba1d-67db7b7db8f7_ENSG00000087152.16,0,13,25793985,0,0,0,17,32201628,11,59736276,19,32591218,5,739836185,27,87378749,30,64720773,11,93994209,15,9755893,0,0
52ee1357-6b22-49bd-aef3-617c924a77b4_ENSG00000088926.14,0,0,5,330973489,0,7,514502991,0,0,19,32591218,5,739836185,13,93689375,0,0,7,98779465,6,182724232,0
5395b4d2-c2b0-495a-b6c9-62995fea4c1a_chr7:35698000,0,6,628969924,5,330973489,0,7,514502991,0,11,59736276,0,0,0,0,11,93994209,0,0,0
539908c4-17cd-4e58-ae60-b88fb4606dab_ENSG00000204634.13,0,0,0,8,610668618,0,0,0,9,662956092,0,0,6,129441547,0,7,98779465,6,182724232,0
53f93994-dc4c-4e81-b863-b83f331bfae8_ENSG00000120756.13,14,99093049,46,40278947,0,8,610668618,37,57251495,34,64403257,5,79868138,9,662956092,5,739836185,0,6,129441547,35,81982627,31,9511786,18,5481727,0
545e2514-3240-476b-a515-bf931a70f5ef_ENSG00000123384.14,14,99093049,79,54763909,31,98584093,68,88534895,45,08701794,69,28806513,75,38285794,28,98886827,51,65852567,55,74757498,134,847714,41,78979732,47,9267679,68,00996655,0
55518227-b260-489b-867e-8c5584eba41b_ENSG00000108774.15,0,6,628969924,0,0,0,5,774005428,5,79868138,0,0,0,0,0,0,6,182724232,0
56caa9b1-8d89-4d2f-9aca-bfcb7cfa5eed_ENSG00000168237.18,0,0,5,330973489,0,0,0,0,0,5,739836185,0,0,0,0,0,0
5701a24a-3638-42e3-ba5e-95ef7540a22c_ENSG00000136146.15,14,99093049,66,28969924,15,99292047,25,83200586,15,02900598,17,32201628,34,79208828,28,98886827,22,95934474,69,68446873,36,77664928,29,84985523,15,9755893,18,5481727,0
57698816-bf71-4b18-b03b-3ab932b30a12_ENSG00000139926.16,0,0,0,0,15,02900598,5,774005428,5,79868138,9,662956092,0,0,0,5,969971046,7,98779465,0,0
5796f506-2667-4f54-953e-5a85becafe0c_ENSG00000160282.15,14,99093049,13,25793985,85,29557583,8,610668618,22,54350897,17,32201628,17,39604414,9,662956092,40,1788533,0,6,129441547,11,93994209,15,9755893,24,73089693,0
57e703aa-4c27-42ec-85a6-22f8e3cd2bde_ENSG00000168237.18,0,53,03175939,31,98584093,8,610668618,45,08701794,23,09602171,17,39604414,9,662956092,57,39836185,55,74757498,67,42385701,17,90991314,15,9755893,18,5481727,0
5811ff5d-c819-4156-879f-1b2b38873119_ENSG00000174238.16,0,0,10,66194698,17,22133724,0,5,774005428,0,19,32591218,0,0,12,25888309,5,969971046,0,6,182724232,0
582e2cf4-7547-4dae-85f6-97c3a74d13c7_chr6:31658000,0,0,5,330973489,0,0,0,0,0,0,0,0,0,7,98779465,6,182724232,0
58443c3b-9094-4a87-97f7-f380784119d0_ENSG00000204843.13,0,6,628969924,0,0,0,5,774005428,0,0,5,739836185,0,0,0,0,0,0
5844cf2a-8f80-4760-b222-7efd80efbaf5_ENSG00000109332.20,0,0,10,66194698,17,22133724,15,02900598,5,774005428,0,9,662956092,5,739836185,0,6,129441547,0,0,0,0
589b5ee3-10a1-417d-b1b8-9b812b140a0a_chr6:29726000,0,13,25793985,0,0,7,514502991,0,5,79868138,9,662956092,0,0,0,0,0,6,182724232,0
58b81b9c-4816-4d29-869a-6a89480c5673_ENSG00000170456.16,0,33,14484962,10,66194698,8,610668618,37,57251495,17,32201628,5,79868138,19,32591218,22,95934474,0,0,29,84985523,55,91456255,30,91362116,0
591605e8-4268-4881-8793-19b73e025141_ENSG00000048052.24,0,6,628969924,0,0,7,514502991,0,0,0,5,739836185,0,0,0,0,6,182724232,0
5aa6e186-5149-4519-abcb-a00acd1903ae_ENSG00000204338.8,89,94558292,6,628969924,117,2814168,25,83200586,30,05801196,23,09602171,5,79868138,86,96660482,5,739836185,27,87378749,24,51776619,23,87988418,39,93897325,30,91362116,0
5b3e127d-dd17-449d-bc36-2db7ff569482_ENSG00000170142.12,14,99093049,0,0,0,0,0,0,0,0,0,6,129441547,0,7,98779465,6,182724232,0
5b3fec5a-85f9-431c-ae90-34402d98ccd9_ENSG00000125347.15,0,6,628969924,0,0,7,514502991,5,774005428,11,59736276,0,0,0,6,129441547,0,7,98779465,0,0
5b8d3244-1616-468c-b058-af58facbdce7_ENSG00000171604.12,0,13,25793985,0,0,0,0,0,0,0,0,6,129441547,0,7,98779465,0,0
5bbe32d3-2abd-434c-91b1-fe22590d7dec_ENSG00000155393.14,14,99093049,6,628969924,0,8,610668618,0,11,54801086,5,79868138,9,662956092,11,47967237,0,18,38832464,0,15,9755893,6,182724232,0
5ccf2362-b652-4661-ae37-4a7674717ea4_ENSG00000160282.15,0,0,5,330973489,8,610668618,0,5,774005428,0,0,11,47967237,13,93689375,0,5,969971046,0,6,182724232,0
5d650a5d-f957-4c36-bc9a-b5aaf9eef867_ENSG00000288061.2,0,0,10,66194698,8,610668618,0,0,5,79868138,9,662956092,0,0,0,0,0,0,0
5dadd69d-076b-4de8-8ce7-69abaac32f8d_ENSG00000055955.17,29,98186097,6,628969924,0,8,610668618,22,54350897,0,0,19,32591218,5,739836185,13,93689375,6,129441547,5,969971046,7,98779465,6,182724232,0
5debf3f5-96e6-476b-886e-f3c1ea8c1f1f_ENSG00000104972.16,0,13,25793985,0,8,610668618,37,57251495,0,0,9,662956092,0,0,0,5,969971046,7,98779465,6,182724232,0
5e5eca81-8a11-40e4-9459-ea805dfc3905_ENSG00000102081.16,0,0,0,8,610668618,0,0,0,0,5,739836185,0,0,0,0,12,36544846,0
5f03ac02-1223-4cc7-9a34-d1bbb98b62ae_ENSG00000204634.13,0,0,10,66194698,8,610668618,0,0,5,79868138,0,0,0,0,0,0,6,182724232,0
5f7f66ba-a0f9-4af1-9931-74ca029ea1ad_chr15:79925000,29,98186097,0,15,99292047,8,610668618,7,514502991,11,54801086,17,39604414,0,5,739836185,13,93689375,0,11,93994209,7,98779465,18,5481727,0
5f8c349d-b473-4780-88ed-99eb40d6f695_ENSG00000152620.13,0,6,628969924,0,0,15,02900598,5,774005428,0,9,662956092,5,739836185,0,0,5,969971046,0,6,182724232,0
60f67cbf-7bf6-43a6-9733-f01eab9489ea_ENSG00000227704.2,0,6,628969924,0,0,0,0,0,0,5,739836185,0,0,0,0,6,182724232,0
6356dc26-4b4f-4362-9a45-2b0fe9430872_ENSG00000146147.15,0,13,25793985,0,25,83200586,60,11602393,17,32201628,17,39604414,9,662956092,34,43901711,0,18,38832464,5,969971046,15,9755893,0,0
63fb12e6-a627-41e2-ab22-b24811db274a_chr3:142954000,29,98186097,6,628969924,5,330973489,0,0,0,5,79868138,19,32591218,17,21950856,13,93689375,0,0,7,98779465,12,36544846,0
644cd472-a697-40aa-ac24-4d4fae963620_ENSG00000101294.18,0,6,628969924,0,0,0,0,0,9,662956092,0,13,93689375,6,129441547,0,15,9755893,0,0
64b18ba2-09e4-404f-8a75-fda8c8c7d4f4_ENSG00000047644.20,0,13,25793985,0,17,22133724,7,514502991,0,0,9,662956092,0,0,0,0,7,98779465,6,182724232,0
64d56a57-bd4d-4ca9-adc5-5b98141ec020_ENSG00000224389.9,0,0,0,0,0,0,0,0,11,47967237,0,0,0,0,6,182724232,0
656bbbc0-12b3-4de1-8f18-246f2685e7aa_ENSG00000268129.1,14,99093049,0,5,330973489,0,0,5,774005428,5,79868138,0,0,0,6,129441547,5,969971046,7,98779465,6,182724232,0
658957bb-f040-41d5-b7bc-f310b29df19d_ENSG00000112200.17,0,19,88690977,5,330973489,8,610668618,7,514502991,17,32201628,11,59736276,28,98886827,11,47967237,0,12,25888309,17,90991314,7,98779465,12,36544846,0
6595b6de-3348-405a-b6ee-6dc6022ad403_ENSG00000109180.15,0,19,88690977,0,0,7,514502991,0,0,0,5,739836185,13,93689375,0,0,0,0,0
65987199-c63b-47a0-9baa-1c5571c38859_ENSG00000105402.8,0,6,628969924,0,0,0,5,774005428,5,79868138,9,662956092,11,47967237,13,93689375,6,129441547,23,87988418,7,98779465,0,0
66880936-3b38-48f7-811a-88fe17156ec0_ENSG00000144283.23,14,99093049,0,15,99292047,17,22133724,22,54350897,11,54801086,23,19472552,9,662956092,0,13,93689375,18,38832464,0,23,96338395,12,36544846,0
67a0a3d2-c6e9-4b18-ab45-65056e10a2eb_ENSG00000105135.16,0,26,5158797,69,30265536,77,49601757,150,2900598,51,96604885,57,9868138,38,65182437,40,1788533,13,93689375,30,64720773,35,81982627,55,91456255,30,91362116,0
67a75d63-06d0-475a-b936-7cb9df8e7d9f_ENSG00000224389.9,0,46,40278947,37,31681442,17,22133724,7,514502991,28,87002714,46,38945104,86,96660482,74,61787041,0,55,16497392,17,90991314,15,9755893,6,182724232,0
67ef83b4-5945-4f5b-944a-ac567fcdb95b_ENSG00000158669.11,14,99093049,6,628969924,0,0,0,0,5,79868138,9,662956092,0,0,0,0,0,6,182724232,0
691f7978-bbaf-47fe-8d6a-d5d7dd4ee171_ENSG00000160282.15,0,0,15,99292047,8,610668618,7,514502991,5,774005428,5,79868138,0,22,95934474,0,12,25888309,0,15,9755893,6,182724232,0
696d3497-f4fe-44ad-be72-640e5f2927bb_chr11:70469000,0,6,628969924,0,0,0,0,0,9,662956092,5,739836185,0,6,129441547,0,7,98779465,0,0
6ad44044-d6e8-4b35-97c7-087ea42c5692_ENSG00000112200.17,0,6,628969924,0,0,7,514502991,0,0,0,0,0,0,0,7,98779465,0,0
6b092b13-8d90-472c-b0d9-26a9b4871da9_ENSG00000169564.7,239,8548878,285,0457067,133,2743372,292,762733,217,9205867,271,3782551,376,9142897,251,2368584,350,1300073,250,8640874,294,2131942,328,3484075,511,2188576,352,4152812,179,7591228
6b0e0f89-ee16-465f-baab-9842bcad4b58_ENSG00000126777.18,0,6,628969924,5,330973489,0,0,0,11,59736276,0,0,13,93689375,0,5,969971046,23,96338395,18,5481727,0
6b385967-8139-4309-8497-6f5f671731aa_ENSG00000157326.19,0,0,10,66194698,0,7,514502991,0,5,79868138,0,0,0,0,0,15,9755893,0,0
6b6d3ceb-b350-4689-9b5c-f94d0bc5eef1_ENSG00000084764.12,14,99093049,0,0,0,0,0,5,79868138,0,5,739836185,0,6,129441547,0,7,98779465,0,0
6b83c276-e678-43e5-8d86-eab72b26c329_ENSG00000198947.18,0,0,0,25,83200586,0,0,0,0,0,0,6,129441547,0,0,0,0
6bc4a3c6-424c-43c3-935e-c78dd4e09337_ENSG00000128908.18,0,6,628969924,0,8,610668618,15,02900598,0,17,39604414,0,11,47967237,27,87378749,0,5,969971046,7,98779465,0,0
6c400976-f45c-4379-9573-c7d116316807_ENSG00000186395.9,0,106,0635188,10,66194698,94,7173548,60,11602393,63,5140597,81,18153932,38,65182437,28,69918093,69,68446873,55,16497392,77,60962359,127,8047144,43,27906962,0
6c9af930-c4d7-4bd9-a300-9ad84d6c1eb1_ENSG00000204843.13,14,99093049,39,77381955,5,330973489,8,610668618,52,60152094,17,32201628,34,79208828,9,662956092,34,43901711,41,81068124,12,25888309,29,84985523,31,9511786,18,5481727,0
6cca7e06-eb1a-4b0a-b306-2e28915d4a2e_ENSG00000228842.3,0,0,0,8,610668618,7,514502991,0,5,79868138,0,0,0,0,0,0,6,182724232,0
6cffba04-a655-4373-b223-55f2eebcf560_ENSG00000166278.15,0,6,628969924,0,8,610668618,0,0,0,0,5,739836185,0,6,129441547,0,7,98779465,0,0
6d6af06d-360a-490d-b92c-47dd3f8f7e87_ENSG00000147202.19,0,6,628969924,0,0,7,514502991,0,5,79868138,0,5,739836185,0,6,129441547,0,15,9755893,0,0
6d726a6b-ed52-482e-9cd5-0c21f47660cc_ENSG00000188997.8,0,13,25793985,21,32389396,25,83200586,0,17,32201628,23,19472552,28,98886827,5,739836185,13,93689375,12,25888309,11,93994209,15,9755893,12,36544846,0
6d819127-d1d5-4281-a998-66336c113556_ENSG00000152782.18,0,0,0,0,0,0,11,59736276,9,662956092,5,739836185,13,93689375,0,11,93994209,0,0,0
6db0a310-2926-4b0b-b06e-59b669b22622_ENSG00000115363.14,0,6,628969924,5,330973489,0,0,5,774005428,0,0,0,0,6,129441547,0,0,0,0
6e30613a-ea41-47d3-80e6-27381d5a4182_ENSG00000106333.13,0,0,0,0,7,514502991,5,774005428,5,79868138,0,0,0,0,5,969971046,7,98779465,6,182724232,0
6e356541-5c46-4594-98c2-a89d41199709_ENSG00000224389.9,14,99093049,0,5,330973489,0,0,0,0,0,0,0,0,0,0,0,0
6e3a33be-c7f4-47f9-b104-b26b8ebc663d_ENSG00000168675.19,0,6,628969924,10,66194698,25,83200586,0,5,774005428,0,9,662956092,5,739836185,13,93689375,6,129441547,11,93994209,15,9755893,6,182724232,0
6e49cc43-eaa8-487d-b500-00230688a40b_ENSG00000128271.22,0,13,25793985,5,330973489,0,0,5,774005428,0,0,0,0,0,11,93994209,0,0,0
6ef296e8-a9be-4221-80ce-fb15817d2314_ENSG00000229005.2,0,0,5,330973489,8,610668618,7,514502991,0,0,9,662956092,0,0,0,5,969971046,0,0,0
6ef4a25f-1f2f-4ea0-8775-ad42a47003b6_chr18:75065000,0,6,628969924,0,0,0,5,774005428,5,79868138,0,0,0,0,5,969971046,0,0,0
6f835986-7694-4e03-8c5d-160332ac9242_ENSG00000126756.12,14,99093049,6,628969924,0,0,7,514502991,0,0,0,0,0,6,129441547,0,7,98779465,0,0
6fb3cb75-5a1b-4027-92f5-8d661e6aff0b_ENSG00000167978.17,0,6,628969924,0,0,0,5,774005428,0,0,5,739836185,0,0,5,969971046,7,98779465,12,36544846,0
6ff2c405-00e4-4b0c-9916-df744691da43_ENSG00000183718.6,0,13,25793985,5,330973489,0,0,0,5,79868138,0,0,0,0,17,90991314,15,9755893,0,0
703b0ebc-665c-4ceb-8e29-ed04a1ea50d9_ENSG00000176049.16,0,6,628969924,0,0,0,11,54801086,17,39604414,0,0,0,0,5,969971046,15,9755893,0,0
70401542-c6f4-4dce-850b-b438bcce9da4_ENSG00000239445.6,0,0,5,330973489,0,0,5,774005428,0,0,5,739836185,0,0,0,0,6,182724232,0
7062df58-eacd-46cc-bc06-46317c8a1d1f_ENSG00000186395.9,0,0,0,0,0,0,5,79868138,0,0,0,12,25888309,0,7,98779465,0,0
724a7a15-94e2-402c-aba3-f7c633148712_ENSG00000152484.14,0,13,25793985,15,99292047,8,610668618,7,514502991,17,32201628,17,39604414,0,22,95934474,13,93689375,6,129441547,23,87988418,7,98779465,24,73089693,0
73036845-4f83-4c46-b101-92e3deb8ca92_ENSG00000125246.16,0,19,88690977,10,66194698,8,610668618,0,17,32201628,34,79208828,0,5,739836185,0,6,129441547,0,0,0,0
738741b1-4e69-4e70-8722-a26a31d6f453_ENSG00000182771.19,14,99093049,6,628969924,5,330973489,8,610668618,0,0,11,59736276,0,5,739836185,0,0,11,93994209,0,0,0
74501034-6a39-48a1-9bd5-eb9f5a83923c_ENSG00000152061.24,14,99093049,0,5,330973489,0,0,11,54801086,5,79868138,9,662956092,0,0,0,0,0,0,0
747b17e3-1151-4d4c-b0b6-e3b8e0ff204f_ENSG00000132437.18,0,0,0,0,7,514502991,0,0,0,0,0,0,5,969971046,0,6,182724232,0
74b6e6ee-5858-477a-b3cb-e9d3d93d103c_ENSG00000106333.13,14,99093049,6,628969924,5,330973489,0,7,514502991,0,0,0,5,739836185,0,0,0,7,98779465,0,0
74c9c7dd-2323-45a7-a4ea-49bbab625a78_ENSG00000166035.11,0,0,5,330973489,0,7,514502991,0,0,0,5,739836185,0,0,5,969971046,0,0,0
75a67b89-e1fd-4b80-abe5-6a703096d88e_ENSG00000144908.14,0,0,0,0,0,0,0,0,5,739836185,0,0,0,0,0,0
76e21524-c359-4271-8d68-e4edb6d72ccf_ENSG00000128951.14,0,0,0,0,15,02900598,0,0,0,5,739836185,0,0,0,7,98779465,12,36544846,0
76e25322-bf90-4a67-92f2-5dca971542d2_ENSG00000100191.6,0,0,0,0,0,5,774005428,0,0,5,739836185,0,0,5,969971046,0,6,182724232,0
76ffe10c-6e2d-46ad-8011-765c6ddf4ec6_ENSG00000132437.18,14,99093049,0,10,66194698,17,22133724,0,23,09602171,5,79868138,19,32591218,17,21950856,0,36,77664928,17,90991314,31,9511786,30,91362116,0
7714985c-6b78-4216-b4ce-0cbfd16b22ae_ENSG00000055955.17,0,0,0,0,7,514502991,0,0,0,5,739836185,0,0,0,0,0,0
77dee19a-47f0-4589-a288-cf137daf4916_ENSG00000183023.18,0,19,88690977,0,0,7,514502991,5,774005428,5,79868138,0,0,0,6,129441547,11,93994209,7,98779465,6,182724232,0
7819c9b5-8c33-403d-9ceb-8c3f1b1e49f0_ENSG00000167978.17,0,26,5158797,15,99292047,25,83200586,7,514502991,11,54801086,11,59736276,9,662956092,5,739836185,27,87378749,12,25888309,5,969971046,0,18,5481727,0
786fe63c-ea5a-432e-9952-b7001dffff67_ENSG00000214655.11,0,0,5,330973489,8,610668618,0,0,5,79868138,0,0,0,12,25888309,0,0,0,0
7906f22a-2500-487d-a44c-e0c5f9a462df_ENSG00000182871.16,0,0,10,66194698,25,83200586,15,02900598,28,87002714,69,58417656,9,662956092,0,0,30,64720773,11,93994209,23,96338395,37,09634539,0
79394650-ba4f-4e2c-bf9a-bfd6070c8c65_ENSG00000026025.16,0,0,5,330973489,8,610668618,7,514502991,5,774005428,0,0,5,739836185,0,0,0,7,98779465,6,182724232,0
79420680-99d0-434e-9796-7d6e4d929104_ENSG00000101294.18,0,6,628969924,0,0,0,5,774005428,5,79868138,0,0,0,0,0,0,6,182724232,0
79616aee-e173-4733-b5b8-1bcf5a469e05_ENSG00000166770.12,0,33,14484962,10,66194698,8,610668618,7,514502991,0,11,59736276,0,11,47967237,13,93689375,6,129441547,0,7,98779465,0,0
7a021d11-1279-4865-bfc3-445c85f0e8bf_ENSG00000087460.29,0,0,0,8,610668618,0,0,0,19,32591218,0,0,0,0,15,9755893,0,0
7a7b2f2b-e7de-4269-a9e4-35a9c7739e35_ENSG00000105707.15,0,0,5,330973489,0,15,02900598,0,5,79868138,28,98886827,34,43901711,0,12,25888309,23,87988418,0,0,0
7aac1ac9-d5df-4aa0-9b21-33d22cbbcd57_ENSG00000133112.17,14,99093049,0,0,8,610668618,0,11,54801086,0,9,662956092,0,0,6,129441547,0,7,98779465,12,36544846,0
7b0cadc0-ef08-4b67-8914-f7705419f294_ENSG00000176720.6,0,6,628969924,0,0,0,0,5,79868138,0,0,0,0,0,0,6,182724232,0
7b0d2eeb-4e8c-4923-a624-1cce45d5e804_ENSG00000159322.18,14,99093049,0,0,0,0,0,0,0,5,739836185,0,6,129441547,0,0,6,182724232,0
7b59a193-bb4a-4c9a-afb0-b83ff63f0dfb_ENSG00000182871.16,44,97279146,0,5,330973489,8,610668618,0,5,774005428,11,59736276,0,5,739836185,0,0,0,7,98779465,12,36544846,0
7b6bc9af-81f2-428e-9b01-c3cfacef0059_ENSG00000162804.14,14,99093049,0,0,8,610668618,0,0,0,19,32591218,5,739836185,41,81068124,0,17,90991314,7,98779465,0,0
7b735689-0af7-4f95-a147-c3a6e71fc45f_chr13:113841000,0,6,628969924,0,8,610668618,0,0,0,0,0,0,6,129441547,0,0,0,0
7bb638af-83a1-4c9f-be8e-3ce8c5b9f965_ENSG00000197555.10,0,0,0,0,7,514502991,0,0,0,0,0,0,5,969971046,7,98779465,12,36544846,0
7c54b293-ca61-4127-8217-9f64d8248fc8_ENSG00000165282.14,0,6,628969924,10,66194698,8,610668618,30,05801196,11,54801086,11,59736276,19,32591218,11,47967237,0,12,25888309,11,93994209,0,18,5481727,0
7caad251-21b3-4e7e-96bd-9229a6ff4dec_ENSG00000144908.14,14,99093049,6,628969924,0,25,83200586,7,514502991,11,54801086,28,9934069,9,662956092,17,21950856,13,93689375,12,25888309,0,31,9511786,6,182724232,0
7caf2a29-5934-44ad-b44c-1146483ada55_ENSG00000055955.17,0,33,14484962,0,17,22133724,0,0,0,0,5,739836185,13,93689375,6,129441547,11,93994209,0,0,0
7ce92b8a-7ce6-4233-ac7f-bff52f26d5f5_ENSG00000130635.16,0,13,25793985,5,330973489,0,7,514502991,5,774005428,5,79868138,0,5,739836185,0,6,129441547,5,969971046,15,9755893,24,73089693,0
7d357eee-bb39-4a62-a2a7-966cc9deb4af_ENSG00000150893.11,14,99093049,19,88690977,0,8,610668618,0,11,54801086,0,9,662956092,11,47967237,0,0,0,7,98779465,12,36544846,0
7d4745c1-6e27-4b41-99e3-52ca26b73744_ENSG00000173821.20,29,98186097,26,5158797,10,66194698,8,610668618,15,02900598,23,09602171,28,9934069,19,32591218,22,95934474,27,87378749,18,38832464,23,87988418,23,96338395,30,91362116,0
7d752c6e-b2a9-48e9-830d-b7d0c4cc9067_ENSG00000137337.16,0,0,10,66194698,8,610668618,7,514502991,5,774005428,5,79868138,0,0,0,12,25888309,0,7,98779465,6,182724232,0
7d78a1c8-020f-42f6-9cc7-c865a9872637_ENSG00000128641.19,0,0,5,330973489,17,22133724,0,5,774005428,0,0,5,739836185,0,12,25888309,0,0,0,0
7e71f9bd-e347-4376-accd-cf5708c0dd2f_ENSG00000107736.22,0,6,628969924,21,32389396,8,610668618,7,514502991,0,5,79868138,0,11,47967237,0,0,11,93994209,0,0,0
7ef64d08-b74a-4764-b057-d82c878a9459_ENSG00000185658.14,0,6,628969924,5,330973489,8,610668618,7,514502991,0,0,0,0,0,6,129441547,0,7,98779465,0,0
7f129040-8f9b-473d-aea1-c518e72c06fc_ENSG00000198650.11,0,6,628969924,5,330973489,0,0,0,0,9,662956092,0,0,6,129441547,0,0,0,0
8012621d-b7ef-4190-99e4-87cf932b82fe_ENSG00000224505.3,0,0,5,330973489,0,7,514502991,0,0,9,662956092,0,0,0,5,969971046,7,98779465,0,0
80b35b82-7559-4170-aff3-ff6babb6c7dc_ENSG00000099622.14,59,96372195,13,25793985,5,330973489,8,610668618,0,23,09602171,34,79208828,9,662956092,0,0,0,17,90991314,0,12,36544846,0
80c49947-8bb4-4410-bd90-0eb838ec38ba_ENSG00000115306.16,89,94558292,152,4663083,122,6123902,103,3280234,67,63052692,86,61008141,139,1683531,86,96660482,143,4959046,97,55825622,110,3299478,95,51953673,263,5972234,55,64451809,0
80d83732-9c04-48f2-88bd-9e3f189b7293_ENSG00000289161.1,14,99093049,6,628969924,5,330973489,8,610668618,7,514502991,28,87002714,11,59736276,9,662956092,0,0,6,129441547,29,84985523,23,96338395,6,182724232,0
8146f01f-2511-49f6-9226-8eed12f8d096_ENSG00000144674.17,0,6,628969924,0,8,610668618,7,514502991,5,774005428,11,59736276,0,11,47967237,0,6,129441547,11,93994209,7,98779465,0,0
81766fa0-f1cc-4eb3-a3fd-8d3b84ed0423_ENSG00000198650.11,29,98186097,19,88690977,10,66194698,8,610668618,15,02900598,17,32201628,17,39604414,9,662956092,11,47967237,13,93689375,12,25888309,0,7,98779465,12,36544846,0
824c9162-83d6-46ed-938e-5c3e9217f072_ENSG00000116584.21,0,13,25793985,5,330973489,0,0,5,774005428,0,19,32591218,0,13,93689375,0,0,7,98779465,12,36544846,0
829320ca-8d68-4d09-94d4-ed50d1e53b89_ENSG00000271380.1,0,13,25793985,10,66194698,0,7,514502991,0,0,0,0,0,0,0,0,0,0
83946916-1b9a-40c9-b145-30580def2a22_ENSG00000012171.20,0,0,5,330973489,8,610668618,0,5,774005428,0,0,0,0,0,0,0,6,182724232,0
839c6ca7-dc67-4dee-80d4-a3d288f9dc97_chr3:50337000,0,0,15,99292047,0,7,514502991,0,0,0,5,739836185,0,6,129441547,0,0,0,0
83add1c9-c11d-45b9-bb3f-14cedf4a79cf_ENSG00000133112.17,29,98186097,13,25793985,21,32389396,0,15,02900598,17,32201628,11,59736276,0,17,21950856,13,93689375,12,25888309,5,969971046,7,98779465,0,0
83ea9ce3-508a-45c7-8658-e43818649591_ENSG00000004799.8,0,0,0,0,22,54350897,5,774005428,5,79868138,0,5,739836185,0,6,129441547,5,969971046,0,0,0
845e055c-b756-4a11-bd90-66ae8b1cdbd5_ENSG00000178803.12,0,13,25793985,10,66194698,0,15,02900598,5,774005428,28,9934069,0,34,43901711,27,87378749,0,17,90991314,23,96338395,0,0
84ef8983-9357-477f-9ac9-fbd5d400ca6e_chr14:32075000,0,6,628969924,5,330973489,8,610668618,0,5,774005428,5,79868138,0,0,0,0,0,0,0,0
854f0b2e-4684-4efb-b862-a1b489e38fe1_ENSG00000101972.20,0,13,25793985,0,8,610668618,7,514502991,11,54801086,5,79868138,0,17,21950856,13,93689375,6,129441547,11,93994209,7,98779465,12,36544846,0
856cee2f-2d6f-4bd4-abd1-e85fd142a31e_ENSG00000176049.16,0,0,10,66194698,0,0,0,11,59736276,0,0,0,0,5,969971046,0,0,0
861975c5-4aac-4f25-b3b6-fa156f40e840_ENSG00000271737.1,0,0,5,330973489,8,610668618,0,5,774005428,5,79868138,0,5,739836185,0,6,129441547,5,969971046,7,98779465,0,0
862a272e-ed8a-4ad8-888f-d4324f3f3f3c_ENSG00000113594.10,0,19,88690977,0,0,0,0,0,0,0,0,12,25888309,0,0,0,0
86b41c83-8021-4874-aa68-d561d87e8d27_ENSG00000105707.15,59,96372195,6,628969924,5,330973489,0,0,5,774005428,0,0,11,47967237,0,0,0,7,98779465,6,182724232,0
872df5c3-0ed5-4870-a44c-e314c686298d_ENSG00000128918.15,0,0,0,17,22133724,0,0,0,0,0,0,6,129441547,0,0,0,0
878546d2-b193-4a22-beb0-cc54012d8e5d_ENSG00000080618.17,29,98186097,6,628969924,21,32389396,0,7,514502991,11,54801086,11,59736276,0,11,47967237,0,0,0,7,98779465,6,182724232,0
88717677-bede-476f-963a-000963aa9cde_ENSG00000174996.12,0,6,628969924,5,330973489,0,15,02900598,0,5,79868138,9,662956092,0,0,0,0,0,0,0
887b77ff-0bc1-4084-8dd1-431917fa0d1c_ENSG00000088926.14,14,99093049,0,0,0,15,02900598,0,11,59736276,0,0,0,18,38832464,11,93994209,15,9755893,6,182724232,0
889d762b-0d68-4621-ad06-d1fecc967ae5_chr12:120941000,0,13,25793985,0,8,610668618,0,11,54801086,0,0,0,0,6,129441547,5,969971046,0,6,182724232,0
88fe63e8-6b0f-4453-85e9-16ee57f06e37_ENSG00000163349.22,14,99093049,13,25793985,0,17,22133724,15,02900598,17,32201628,17,39604414,19,32591218,5,739836185,0,0,5,969971046,7,98779465,30,91362116,0
8932898c-9c56-422c-97b8-0161d82da248_ENSG00000071794.16,0,19,88690977,5,330973489,8,610668618,7,514502991,11,54801086,34,79208828,0,17,21950856,0,0,23,87988418,7,98779465,18,5481727,0
89f5f052-fc8d-4ef6-8be8-59fb40884299_ENSG00000146904.9,0,0,0,8,610668618,0,5,774005428,5,79868138,0,0,0,0,0,7,98779465,0,0
8a1a5f12-2a8a-4cfe-9f0c-ca502bf558f9_ENSG00000253549.6,0,6,628969924,0,0,0,0,0,0,0,0,0,5,969971046,0,6,182724232,0
8a73fd76-a89e-4914-b754-5eab81c50126_ENSG00000198700.10,14,99093049,26,5158797,10,66194698,0,15,02900598,17,32201628,23,19472552,19,32591218,22,95934474,27,87378749,12,25888309,11,93994209,15,9755893,18,5481727,0
8a8f5c9f-aa1b-429e-8107-966af1e623b3_ENSG00000040341.18,0,0,5,330973489,0,7,514502991,0,5,79868138,0,0,0,0,5,969971046,15,9755893,6,182724232,0
8aa18d50-7706-4973-8ad2-ba6e5665537e_ENSG00000124588.22,0,13,25793985,0,0,15,02900598,0,0,0,0,0,0,0,0,0,0
8b0cd22f-e27a-44d0-8957-fd5575f37737_ENSG00000267317.2,0,0,0,0,7,514502991,5,774005428,5,79868138,9,662956092,17,21950856,0,0,17,90991314,0,6,182724232,0
8b100219-fd36-4d5d-9335-9c1fed34c044_ENSG00000133121.21,0,6,628969924,0,0,0,0,0,0,5,739836185,13,93689375,0,0,7,98779465,0,0
8bda335b-7c3b-4ae7-9f6d-28fc710473f2_ENSG00000096872.17,14,99093049,13,25793985,0,0,7,514502991,5,774005428,11,59736276,0,5,739836185,0,6,129441547,5,969971046,15,9755893,6,182724232,0
8be0491a-c894-4b2b-a4fd-56a1d6844b52_ENSG00000101076.19,0,0,10,66194698,0,0,11,54801086,5,79868138,0,5,739836185,0,0,0,0,0,0
8cb39368-6627-408b-a006-ad4212f7085a_ENSG00000128513.16,0,6,628969924,0,0,7,514502991,17,32201628,11,59736276,9,662956092,5,739836185,13,93689375,0,5,969971046,31,9511786,12,36544846,0
8d491d79-b731-4642-afbe-38c19ed3e2e8_ENSG00000258738.1,0,6,628969924,0,0,7,514502991,0,5,79868138,0,0,0,0,0,7,98779465,0,0
8d812611-d7a6-450e-b76c-c3ab3dec723b_ENSG00000198276.16,0,39,77381955,5,330973489,25,83200586,0,11,54801086,17,39604414,28,98886827,34,43901711,41,81068124,24,51776619,41,78979732,63,9023572,12,36544846,0
8dcf869b-88f0-40c2-8abc-b2e7ac6ff08c_ENSG00000172175.15,29,98186097,0,0,0,7,514502991,0,5,79868138,0,5,739836185,27,87378749,0,5,969971046,0,6,182724232,0
8de14ddc-877c-4225-a1e0-6c4548ea9ef2_ENSG00000174238.16,14,99093049,19,88690977,10,66194698,8,610668618,22,54350897,17,32201628,46,38945104,19,32591218,34,43901711,0,18,38832464,11,93994209,47,9267679,37,09634539,0
8e80aacc-95cb-4316-8d99-12fcbb111f21_ENSG00000274895.1,14,99093049,0,10,66194698,0,0,5,774005428,5,79868138,0,0,0,0,0,0,0,0
8ebbdba1-65f9-4f50-ba8a-bd5c68d6140e_ENSG00000276259.1,0,0,0,8,610668618,0,0,0,0,5,739836185,0,6,129441547,0,0,0,0
8eda26ea-6c1a-498f-932c-2d5fc26d480c_ENSG00000081177.19,0,6,628969924,15,99292047,17,22133724,7,514502991,5,774005428,5,79868138,9,662956092,5,739836185,0,0,5,969971046,7,98779465,0,0
8f1508a6-0820-423f-9f59-57402cea0793_ENSG00000240291.1,14,99093049,0,0,8,610668618,0,0,0,0,5,739836185,13,93689375,0,11,93994209,0,6,182724232,0
8f6db718-5c1a-4c75-9cef-8180e3f77b2f_ENSG00000133030.22,0,6,628969924,0,8,610668618,0,0,0,0,5,739836185,0,6,129441547,11,93994209,0,6,182724232,0
9065a2c1-1743-4868-a4c7-59400f92428f_ENSG00000289343.1,0,13,25793985,0,0,0,0,5,79868138,9,662956092,5,739836185,0,0,0,7,98779465,6,182724232,0
90e9cd3a-b872-48ab-b72d-1f7ae5a7d4aa_ENSG00000166278.15,0,6,628969924,10,66194698,0,0,0,0,0,0,0,0,0,0,0,0
91997dde-43cb-4ab6-ab29-8286f2279e0d_ENSG00000198910.14,0,0,5,330973489,0,0,0,0,0,0,0,0,5,969971046,7,98779465,0,0
91fa9b64-f6ce-4a19-b3c5-59a39103249e_ENSG00000232667.11,0,0,5,330973489,0,0,0,11,59736276,0,0,0,6,129441547,5,969971046,7,98779465,0,0
921d4458-e104-4577-9302-d629f823b414_ENSG00000162365.13,0,6,628969924,0,8,610668618,22,54350897,0,0,0,0,0,0,5,969971046,7,98779465,6,182724232,0
92e4db6b-c1c4-42aa-b19d-d5a05da05b10_ENSG00000055955.17,0,0,0,0,0,0,0,0,5,739836185,0,0,0,0,6,182724232,0
933cc2d2-9488-4766-8a45-1909240041cf_ENSG00000254870.5,29,98186097,13,25793985,5,330973489,17,22133724,15,02900598,5,774005428,17,39604414,0,22,95934474,0,6,129441547,11,93994209,23,96338395,12,36544846,0
9389ff3c-6328-4303-83d3-0f1feb7a36ae_ENSG00000100852.14,0,6,628969924,0,0,7,514502991,5,774005428,0,0,11,47967237,0,0,0,0,0,0
93a8700a-336c-45b7-a9fd-474598e63de1_ENSG00000105402.8,14,99093049,0,21,32389396,0,0,0,0,9,662956092,5,739836185,13,93689375,0,0,0,0,0
9432216b-a2ff-4614-95d5-fc5d643e0687_ENSG00000069020.19,0,0,0,8,610668618,0,0,5,79868138,9,662956092,0,0,6,129441547,5,969971046,0,12,36544846,0
945780f9-735d-455a-b730-3acc34a66c32_ENSG00000055955.17,0,6,628969924,5,330973489,0,7,514502991,5,774005428,23,19472552,0,0,0,6,129441547,0,0,0,0
946548c9-e0e6-4ac8-aa25-6a7fa8a890fa_ENSG00000156467.10,0,13,25793985,0,0,7,514502991,0,0,0,0,0,0,0,7,98779465,0,0
94af4edb-9c77-4570-9c40-f5399062c988_ENSG00000142002.18,0,0,0,0,0,5,774005428,5,79868138,0,0,0,6,129441547,0,0,6,182724232,0
95887790-14c3-4cab-a2ea-d9b552722b09_ENSG00000265479.7,14,99093049,0,5,330973489,0,7,514502991,0,5,79868138,0,0,0,0,0,7,98779465,0,0
958959b4-1f06-402e-9975-9227928f5ad8_ENSG00000123992.20,0,0,0,0,0,0,11,59736276,0,5,739836185,0,6,129441547,0,7,98779465,0,0
96816d6f-d0cb-40ec-87b3-cd66068f5107_ENSG00000112159.12,0,0,0,8,610668618,0,5,774005428,11,59736276,0,11,47967237,13,93689375,18,38832464,5,969971046,7,98779465,0,0
96a28e27-e322-46ae-bd34-555a5dc80433_ENSG00000109667.12,0,26,5158797,21,32389396,0,0,23,09602171,5,79868138,9,662956092,11,47967237,41,81068124,6,129441547,29,84985523,15,9755893,6,182724232,0
96d993c1-682e-4e84-8cc8-8dd543c8a798_ENSG00000112159.12,0,6,628969924,5,330973489,0,0,0,17,39604414,0,5,739836185,0,0,0,0,6,182724232,0
97470fc4-0441-47b4-91f3-5820a74599c3_ENSG00000171469.11,0,6,628969924,0,0,7,514502991,11,54801086,11,59736276,19,32591218,5,739836185,0,12,25888309,5,969971046,23,96338395,12,36544846,0
97a80e97-0748-4426-8cb4-7cc6e02af72b_ENSG00000140416.23,0,0,0,0,0,0,0,0,11,47967237,13,93689375,12,25888309,11,93994209,0,0,0
97ed828a-f41f-436d-a3b1-f411385b46c7_ENSG00000167615.17,29,98186097,26,5158797,5,330973489,0,22,54350897,0,0,38,65182437,11,47967237,0,12,25888309,17,90991314,7,98779465,12,36544846,0
97f124dc-9ac8-4c88-9ec4-82283f58c0de_ENSG00000046604.14,0,6,628969924,5,330973489,0,15,02900598,5,774005428,11,59736276,0,5,739836185,13,93689375,6,129441547,0,7,98779465,12,36544846,0
98e9eff8-2ac3-45f7-bc62-fc7f23798f17_ENSG00000176771.18,0,0,5,330973489,0,7,514502991,0,5,79868138,0,0,0,0,5,969971046,7,98779465,0,0
99e5f95d-d94f-49f1-80b9-22920b44d135_ENSG00000146147.15,0,6,628969924,0,0,15,02900598,0,0,0,0,13,93689375,12,25888309,0,0,0,0
9a2444e3-5fa7-4d44-924d-3b3088f02d39_ENSG00000055955.17,0,0,0,0,7,514502991,0,0,0,0,0,6,129441547,5,969971046,7,98779465,6,182724232,0
9a2ba235-e84b-415a-9fca-566a3a0c71ef_ENSG00000124588.22,0,6,628969924,0,8,610668618,0,0,0,0,5,739836185,0,0,0,7,98779465,0,0
9ad72053-467f-4166-8e34-f5d793e0d64f_ENSG00000106066.15,0,6,628969924,10,66194698,8,610668618,7,514502991,0,5,79868138,0,0,0,0,0,0,0,0
9b0ae63c-7980-43eb-a876-f75d8b865c11_ENSG00000278834.1,0,6,628969924,0,8,610668618,7,514502991,5,774005428,11,59736276,9,662956092,0,13,93689375,0,5,969971046,0,0,0
9b209c4c-244d-4768-842f-726dea91b803_ENSG00000070614.15,14,99093049,46,40278947,101,2884963,17,22133724,45,08701794,40,41803799,40,59076966,57,97773655,40,1788533,41,81068124,30,64720773,59,69971046,31,9511786,43,27906962,0
9ba769b1-0b09-4acc-915d-809ad6a848d0_ENSG00000139178.12,0,0,15,99292047,8,610668618,45,08701794,5,774005428,5,79868138,0,5,739836185,0,6,129441547,11,93994209,0,6,182724232,0
9bd85bfc-53a7-4334-890e-184c355224e3_ENSG00000108219.15,0,0,5,330973489,0,0,0,5,79868138,0,5,739836185,0,0,0,7,98779465,6,182724232,0
9d265d1d-3d1c-4176-9c2d-3ad1afebb90a_ENSG00000137962.13,0,13,25793985,0,25,83200586,37,57251495,11,54801086,28,9934069,0,5,739836185,13,93689375,12,25888309,41,78979732,71,89015185,18,5481727,0
9da7467c-4b25-426b-8500-5cf044d017d0_ENSG00000272277.1,0,6,628969924,5,330973489,0,0,0,5,79868138,0,0,0,0,11,93994209,0,0,0
9dc0c39c-cd41-4e79-bd64-1916e6b19b60_ENSG00000159267.17,0,6,628969924,5,330973489,0,0,0,11,59736276,0,11,47967237,0,0,5,969971046,0,12,36544846,0
9e2ee4c8-cd10-4912-a185-e2a321973b5b_ENSG00000119471.15,134,9183744,86,17660902,79,96460234,77,49601757,97,68853888,63,5140597,110,1749462,96,62956092,80,35770659,55,74757498,122,5888309,65,6696815,151,7680983,105,1063119,0
9e452a6a-1b4c-402a-be50-beb7cd501c9a_ENSG00000198650.11,0,6,628969924,0,0,15,02900598,0,5,79868138,0,0,0,6,129441547,0,0,0,0
9ea7df7c-5b81-4196-a25a-2d8286135bc3_ENSG00000083799.18,14,99093049,6,628969924,5,330973489,17,22133724,15,02900598,17,32201628,0,0,0,0,18,38832464,11,93994209,7,98779465,12,36544846,0
9ebefcf4-7aeb-4d60-b5aa-9ce6ae36135c_ENSG00000176783.15,14,99093049,13,25793985,10,66194698,0,22,54350897,0,23,19472552,9,662956092,0,0,0,17,90991314,15,9755893,12,36544846,0
9f695a72-b384-4316-a2b9-73aab84f3f83_ENSG00000119707.14,44,97279146,19,88690977,5,330973489,17,22133724,30,05801196,5,774005428,28,9934069,9,662956092,0,41,81068124,12,25888309,17,90991314,31,9511786,6,182724232,0
9fdaa428-3e30-4af9-8cee-1f5e6e438289_ENSG00000055955.17,0,0,5,330973489,25,83200586,7,514502991,0,5,79868138,0,5,739836185,0,6,129441547,5,969971046,0,0,0
9fe5e96b-3014-41b3-9d88-04de5536dcdd_ENSG00000175899.15,14,99093049,13,25793985,0,0,0,0,5,79868138,0,0,0,6,129441547,0,0,0,0
ENST00000002829.8_ENSG00000001617.12,29,98186097,6,628969924,10,66194698,8,610668618,15,02900598,5,774005428,5,79868138,19,32591218,17,21950856,0,12,25888309,5,969971046,7,98779465,6,182724232,0
ENST00000003100.13_ENSG00000001630.18,0,198,8690977,170,5911517,51,66401171,90,17403589,51,96604885,110,1749462,28,98886827,160,7154132,97,55825622,128,7182725,167,1591893,1038,413304,68,00996655,179,7591228
ENST00000005178.6_ENSG00000004799.8,0,271,7877669,5,330973489,163,6027037,142,7755568,34,64403257,115,9736276,38,65182437,97,57721515,97,55825622,128,7182725,47,75976837,55,91456255,136,0199331,0
ENST00000014930.9_ENSG00000013583.10,29,98186097,165,7242481,106,6194698,68,88534895,172,8335688,63,5140597,237,7459366,86,96660482,109,0568875,181,1796187,165,4949218,167,1591893,151,7680983,117,4717604,0
ENST00000157600.8_ENSG00000071282.12,0,0,0,8,610668618,7,514502991,0,11,59736276,0,0,0,6,129441547,5,969971046,0,0,0
ENST00000172229.8_ENSG00000064300.9,29,98186097,39,77381955,37,31681442,25,83200586,22,54350897,23,09602171,5,79868138,38,65182437,40,1788533,27,87378749,30,64720773,17,90991314,7,98779465,61,82724232,0
ENST00000181383.10_ENSG00000080618.17,0,351,335406,143,9362842,413,3120937,473,4136884,433,0504071,434,9011035,241,5739023,309,951154,515,6650686,478,0964406,370,1382048,231,6460448,278,2225904,179,7591228
ENST00000193322.8_ENSG00000081087.15,29,98186097,19,88690977,0,17,22133724,7,514502991,5,774005428,11,59736276,19,32591218,17,21950856,13,93689375,24,51776619,11,93994209,23,96338395,37,09634539,0
ENST00000215754.8_ENSG00000240972.2,359,7823317,1358,938834,1386,053107,421,9227623,886,7113529,715,976673,597,2641821,956,6326531,780,6177212,501,7281748,1097,170037,871,6157727,1270,059349,278,2225904,719,0364911
ENST00000216237.10_ENSG00000100395.15,0,0,10,66194698,8,610668618,15,02900598,11,54801086,5,79868138,19,32591218,17,21950856,13,93689375,18,38832464,11,93994209,7,98779465,24,73089693,0
ENST00000216455.9_ENSG00000100567.13,29,98186097,139,2083684,85,29557583,51,66401171,142,7755568,86,61008141,115,9736276,57,97773655,126,2763961,13,93689375,49,03553237,89,54956568,159,755893,49,46179386,0
ENST00000217173.7_ENSG00000185019.17,0,6,628969924,0,0,15,02900598,5,774005428,0,0,0,13,93689375,6,129441547,5,969971046,7,98779465,0,0
ENST00000217652.8_ENSG00000101608.13,14,99093049,245,2718872,159,9292047,206,6560468,247,9785987,178,9941683,156,5643973,115,9554731,172,1950856,167,2427249,147,1065971,197,0090445,151,7680983,80,37541502,0
ENST00000218032.7_ENSG00000101916.12,0,6,628969924,0,0,0,0,0,0,0,0,0,5,969971046,0,18,5481727,0
ENST00000218652.12_ENSG00000102471.15,0,59,66072932,15,99292047,25,83200586,15,02900598,11,54801086,17,39604414,19,32591218,17,21950856,13,93689375,30,64720773,17,90991314,7,98779465,18,5481727,0
ENST00000219070.9_ENSG00000087245.13,0,6,628969924,5,330973489,8,610668618,0,11,54801086,5,79868138,0,11,47967237,0,6,129441547,11,93994209,0,6,182724232,0
ENST00000219150.10_ENSG00000102879.16,0,39,77381955,15,99292047,17,22133724,22,54350897,40,41803799,5,79868138,9,662956092,22,95934474,13,93689375,6,129441547,23,87988418,15,9755893,12,36544846,0
ENST00000220325.9_ENSG00000103966.11,0,0,0,17,22133724,15,02900598,5,774005428,5,79868138,0,5,739836185,0,0,0,15,9755893,0,0
ENST00000220429.12_ENSG00000104064.18,0,0,15,99292047,8,610668618,7,514502991,0,0,0,17,21950856,0,0,11,93994209,0,6,182724232,0
ENST00000220562.9_ENSG00000012232.9,14,99093049,6,628969924,10,66194698,8,610668618,0,11,54801086,0,9,662956092,17,21950856,0,12,25888309,0,23,96338395,12,36544846,0
ENST00000222284.10_ENSG00000105677.12,14,99093049,53,03175939,58,64070838,60,27468033,37,57251495,75,06207056,52,18813242,19,32591218,45,91868948,55,74757498,30,64720773,65,6696815,71,89015185,43,27906962,0
ENST00000222547.8_ENSG00000105829.13,44,97279146,33,14484962,0,25,83200586,37,57251495,17,32201628,46,38945104,38,65182437,17,21950856,0,18,38832464,35,81982627,55,91456255,37,09634539,0
ENST00000222792.11_ENSG00000106069.24,14,99093049,13,25793985,21,32389396,25,83200586,7,514502991,34,64403257,28,9934069,48,31478046,17,21950856,41,81068124,30,64720773,35,81982627,55,91456255,37,09634539,0
ENST00000223061.6_ENSG00000106333.13,0,59,66072932,26,65486745,25,83200586,75,14502991,98,15809227,28,9934069,19,32591218,28,69918093,13,93689375,24,51776619,35,81982627,23,96338395,37,09634539,0
ENST00000224237.9_ENSG00000026025.16,44,97279146,338,0774661,58,64070838,180,824041,150,2900598,202,09019,191,3564855,212,585034,298,4714816,139,3689375,116,4593894,185,0691024,143,7803037,216,3953481,0
ENST00000224784.10_ENSG00000107796.13,0,19,88690977,0,8,610668618,7,514502991,5,774005428,23,19472552,19,32591218,132,0162323,0,18,38832464,41,78979732,15,9755893,55,64451809,0
ENST00000225504.8-1_ENSG00000213246.7,0,53,03175939,53,30973489,94,7173548,45,08701794,28,87002714,52,18813242,48,31478046,68,87803422,27,87378749,42,90609083,83,57959464,31,9511786,55,64451809,0
ENST00000228799.7_ENSG00000111203.13,0,6,628969924,10,66194698,0,7,514502991,0,0,9,662956092,17,21950856,0,6,129441547,0,15,9755893,0,0
ENST00000230568.5_ENSG00000112799.9,0,13,25793985,5,330973489,17,22133724,30,05801196,5,774005428,5,79868138,0,11,47967237,13,93689375,12,25888309,0,7,98779465,18,5481727,0
ENST00000231887.8_ENSG00000113790.11,359,7823317,331,4484962,175,9221251,232,4880527,556,0732213,334,8923148,469,6931918,241,5739023,430,4877139,459,9174936,380,0253759,358,1982627,734,8771078,488,4352143,179,7591228
ENST00000232905.4_ENSG00000114784.4,0,92,80557894,53,30973489,68,88534895,105,2030419,40,41803799,86,9802207,28,98886827,40,1788533,27,87378749,67,42385701,65,6696815,47,9267679,24,73089693,0
ENST00000233121.7_ENSG00000084764.12,0,0,5,330973489,17,22133724,0,0,0,0,11,47967237,13,93689375,6,129441547,0,0,18,5481727,0
ENST00000233156.9_ENSG00000003436.16,0,26,5158797,15,99292047,0,22,54350897,0,17,39604414,0,45,91868948,0,24,51776619,5,969971046,0,6,182724232,0
ENST00000234590.10_ENSG00000074800.16,0,298,3036466,287,8725684,180,824041,225,4350897,311,7962931,266,7393435,241,5739023,258,2926283,153,3058312,318,7309604,274,6186681,327,4995806,185,481727,179,7591228
ENST00000236342.12_ENSG00000117682.17,0,6,628969924,0,8,610668618,7,514502991,11,54801086,17,39604414,28,98886827,5,739836185,27,87378749,0,0,7,98779465,12,36544846,0
ENST00000236850.5_ENSG00000118137.10,779,5283853,5395,981518,9398,506261,8912,04202,6996,002284,8158,669669,6384,348199,4106,756339,7553,62442,5519,009923,5203,895873,6859,496731,4792,67679,6528,956789,1977,350351
ENST00000237455.5_ENSG00000239305.7,74,95465244,86,17660902,58,64070838,77,49601757,37,57251495,46,19204342,63,78549518,38,65182437,45,91868948,13,93689375,42,90609083,77,60962359,79,8779465,37,09634539,0
ENST00000237500.10_ENSG00000118680.14,149,9093049,331,4484962,293,2035419,370,2587506,278,0366107,294,4742768,342,1222014,193,2591218,223,8536112,195,1165124,245,1776619,388,048118,351,4629646,216,3953481,179,7591228
ENST00000238667.9_ENSG00000119686.10,0,6,628969924,5,330973489,0,0,0,0,0,5,739836185,0,0,0,0,0,0
ENST00000238682.8_ENSG00000119699.8,0,0,0,0,7,514502991,0,0,0,5,739836185,0,6,129441547,0,0,6,182724232,0
ENST00000238738.9_ENSG00000119729.12,0,6,628969924,0,8,610668618,7,514502991,5,774005428,5,79868138,0,0,0,6,129441547,5,969971046,23,96338395,12,36544846,0
ENST00000239940.12_ENSG00000070087.15,0,13,25793985,0,8,610668618,7,514502991,5,774005428,0,0,0,0,0,0,0,0,0
ENST00000240285.10_ENSG00000121039.10,0,0,0,17,22133724,37,57251495,17,32201628,11,59736276,0,0,0,0,5,969971046,0,6,182724232,0
ENST00000240328.4_ENSG00000121068.14,14,99093049,6,628969924,0,0,15,02900598,0,11,59736276,0,17,21950856,0,12,25888309,5,969971046,15,9755893,18,5481727,0
ENST00000240587.5_ENSG00000121297.8,0,0,5,330973489,8,610668618,7,514502991,5,774005428,0,0,0,0,6,129441547,0,0,0,0
ENST00000240617.10_ENSG00000121316.11,0,0,5,330973489,0,0,5,774005428,5,79868138,0,5,739836185,0,0,0,15,9755893,12,36544846,0
ENST00000243644.9_ENSG00000256683.7,0,6,628969924,5,330973489,8,610668618,7,514502991,0,5,79868138,0,5,739836185,0,0,0,15,9755893,0,0
ENST00000245414.9_ENSG00000125347.15,0,13,25793985,21,32389396,0,7,514502991,5,774005428,0,19,32591218,0,0,0,0,7,98779465,6,182724232,0
ENST00000245925.8_ENSG00000125746.18,14,99093049,0,10,66194698,0,0,11,54801086,0,0,5,739836185,0,0,5,969971046,7,98779465,12,36544846,0
ENST00000246194.8_ENSG00000125970.12,0,26,5158797,26,65486745,8,610668618,22,54350897,46,19204342,17,39604414,19,32591218,17,21950856,0,24,51776619,35,81982627,7,98779465,18,5481727,0
ENST00000246802.10_ENSG00000105373.19,89,94558292,212,1270376,143,9362842,111,938692,75,14502991,202,09019,150,7657159,154,6072975,195,1544303,222,9902999,165,4949218,167,1591893,103,8413304,253,4916935,0
ENST00000247470.10_ENSG00000103490.14,0,46,40278947,15,99292047,43,05334309,60,11602393,57,74005428,34,79208828,19,32591218,11,47967237,13,93689375,12,25888309,23,87988418,31,9511786,30,91362116,0
ENST00000247866.9_ENSG00000090266.13,29,98186097,298,3036466,325,1893828,301,3734016,308,0946226,213,6382008,197,1551669,251,2368584,160,7154132,209,0534062,220,6598957,274,6186681,231,6460448,166,9335543,179,7591228
ENST00000248899.11_ENSG00000100365.16,0,13,25793985,5,330973489,8,610668618,7,514502991,11,54801086,5,79868138,0,0,0,6,129441547,11,93994209,7,98779465,6,182724232,0
ENST00000248929.14_ENSG00000100359.21,0,26,5158797,15,99292047,17,22133724,7,514502991,23,09602171,17,39604414,9,662956092,34,43901711,13,93689375,18,38832464,17,90991314,31,9511786,12,36544846,0
ENST00000248975.6_ENSG00000128245.15,14,99093049,59,66072932,53,30973489,51,66401171,67,63052692,75,06207056,17,39604414,28,98886827,45,91868948,27,87378749,30,64720773,59,69971046,87,86574115,24,73089693,0
ENST00000253796.10_ENSG00000131477.11,0,53,03175939,31,98584093,8,610668618,52,60152094,17,32201628,17,39604414,19,32591218,34,43901711,13,93689375,30,64720773,23,87988418,7,98779465,43,27906962,0
ENST00000254821.10_ENSG00000132485.14,0,0,5,330973489,25,83200586,0,5,774005428,0,0,5,739836185,13,93689375,0,0,0,0,0
ENST00000254977.7_ENSG00000132640.15,0,6,628969924,0,8,610668618,0,5,774005428,11,59736276,0,5,739836185,13,93689375,18,38832464,17,90991314,15,9755893,0,0
ENST00000254998.3_ENSG00000132661.4,0,26,5158797,5,330973489,17,22133724,0,5,774005428,5,79868138,0,17,21950856,13,93689375,0,5,969971046,39,93897325,0,0
ENST00000255198.3_ENSG00000132846.6,0,13,25793985,10,66194698,34,44267447,15,02900598,5,774005428,11,59736276,28,98886827,0,0,12,25888309,29,84985523,31,9511786,18,5481727,0
ENST00000255641.13_ENSG00000133275.16,0,26,5158797,5,330973489,0,0,11,54801086,5,79868138,0,0,0,18,38832464,5,969971046,7,98779465,24,73089693,0
ENST00000256495.4_ENSG00000134107.5,29,98186097,53,03175939,5,330973489,43,05334309,22,54350897,63,5140597,69,58417656,9,662956092,114,7967237,13,93689375,36,77664928,17,90991314,103,8413304,24,73089693,0
ENST00000256644.8_ENSG00000134248.14,14,99093049,106,0635188,175,9221251,129,1600293,127,7465508,103,9320977,127,5709904,115,9554731,86,09754278,83,62136247,104,2005063,137,309334,79,8779465,74,19269078,0
ENST00000256689.10_ENSG00000134294.14,239,8548878,112,6924887,165,2601782,206,6560468,90,17403589,103,9320977,104,3762648,241,5739023,195,1544303,209,0534062,140,9771556,238,7988418,119,8169197,160,75083,0
ENST00000256953.6_ENSG00000134533.6,0,0,0,0,0,0,5,79868138,0,5,739836185,0,6,129441547,11,93994209,7,98779465,6,182724232,0
ENST00000257548.10_ENSG00000135093.13,14,99093049,19,88690977,10,66194698,25,83200586,22,54350897,17,32201628,52,18813242,19,32591218,51,65852567,0,30,64720773,53,72973941,15,9755893,30,91362116,179,7591228
ENST00000257555.11_ENSG00000135100.19,14,99093049,26,5158797,26,65486745,25,83200586,30,05801196,34,64403257,0,9,662956092,22,95934474,0,18,38832464,41,78979732,31,9511786,6,182724232,0
ENST00000257857.9_ENSG00000135404.12,0,437,512015,362,5061973,396,0907564,390,7541555,363,7623419,382,7129711,289,8886827,332,9104987,264,8009812,398,4137005,268,6486971,279,5728127,278,2225904,179,7591228
ENST00000258341.5_ENSG00000135862.6,0,6,628969924,5,330973489,0,7,514502991,17,32201628,11,59736276,9,662956092,22,95934474,0,6,129441547,17,90991314,15,9755893,12,36544846,0
ENST00000258455.8_ENSG00000135972.9,0,33,14484962,42,64778791,43,05334309,0,23,09602171,17,39604414,19,32591218,45,91868948,13,93689375,6,129441547,11,93994209,23,96338395,18,5481727,0
ENST00000259874.6_ENSG00000137331.12,0,26,5158797,0,0,22,54350897,17,32201628,17,39604414,0,11,47967237,0,24,51776619,11,93994209,7,98779465,12,36544846,0
ENST00000260356.6_ENSG00000137801.11,0,13,25793985,0,17,22133724,22,54350897,5,774005428,0,0,22,95934474,27,87378749,6,129441547,5,969971046,0,6,182724232,0
ENST00000261173.6_ENSG00000070961.16,14,99093049,33,14484962,0,0,15,02900598,11,54801086,17,39604414,0,22,95934474,0,12,25888309,11,93994209,0,30,91362116,0
ENST00000261438.10_ENSG00000109787.13,0,13,25793985,5,330973489,0,15,02900598,5,774005428,11,59736276,9,662956092,17,21950856,0,0,5,969971046,15,9755893,12,36544846,0
ENST00000261489.6_ENSG00000102804.15,14,99093049,139,2083684,47,9787614,77,49601757,90,17403589,80,83607599,98,57758346,48,31478046,126,2763961,97,55825622,134,847714,143,2793051,119,8169197,74,19269078,179,7591228
ENST00000261776.10_ENSG00000103043.15,29,98186097,19,88690977,37,31681442,0,30,05801196,11,54801086,40,59076966,9,662956092,17,21950856,27,87378749,6,129441547,17,90991314,0,12,36544846,0
ENST00000261921.8_ENSG00000129038.16,0,0,0,0,7,514502991,5,774005428,5,79868138,0,0,0,0,5,969971046,0,0,0
ENST00000262348.9_ENSG00000116729.14,14,99093049,19,88690977,15,99292047,17,22133724,22,54350897,0,17,39604414,19,32591218,11,47967237,13,93689375,0,23,87988418,7,98779465,12,36544846,0
ENST00000262487.5_ENSG00000101230.6,0,6,628969924,0,0,0,0,23,19472552,0,5,739836185,0,0,5,969971046,15,9755893,6,182724232,0
ENST00000262613.10_ENSG00000109062.12,59,96372195,106,0635188,143,9362842,129,1600293,120,2320479,80,83607599,162,3630786,67,64069264,109,0568875,139,3689375,128,7182725,113,4294499,135,792509,98,92358771,0
ENST00000262848.6_ENSG00000183943.6,0,13,25793985,0,8,610668618,15,02900598,11,54801086,0,0,0,0,0,0,0,0,0
ENST00000262960.14_ENSG00000142002.18,14,99093049,46,40278947,15,99292047,0,37,57251495,40,41803799,34,79208828,48,31478046,0,27,87378749,6,129441547,5,969971046,47,9267679,24,73089693,0
ENST00000263100.8_ENSG00000121410.12,14,99093049,994,3454887,986,2300955,1351,874973,1209,834982,964,2589064,1177,13232,637,755102,1211,105435,947,7087747,851,992375,961,1653383,527,1944469,828,4850471,0
ENST00000263228.4_ENSG00000107341.5,0,19,88690977,5,330973489,8,610668618,45,08701794,11,54801086,11,59736276,19,32591218,11,47967237,27,87378749,36,77664928,23,87988418,31,9511786,6,182724232,0
ENST00000263238.7_ENSG00000115091.12,29,98186097,79,54763909,58,64070838,43,05334309,67,63052692,46,19204342,52,18813242,38,65182437,57,39836185,27,87378749,49,03553237,41,78979732,63,9023572,74,19269078,0
ENST00000263354.8_ENSG00000105402.8,0,112,6924887,53,30973489,94,7173548,52,60152094,34,64403257,81,18153932,48,31478046,63,13819804,55,74757498,42,90609083,59,69971046,39,93897325,43,27906962,0
ENST00000263398.11_ENSG00000026508.21,0,33,14484962,21,32389396,8,610668618,22,54350897,11,54801086,23,19472552,48,31478046,22,95934474,0,12,25888309,11,93994209,31,9511786,18,5481727,179,7591228
ENST00000263645.10_ENSG00000110651.12,14,99093049,563,4624436,346,5132768,421,9227623,586,1312333,588,9485536,475,4918731,357,5293754,470,6665672,571,4126436,735,5329856,394,018089,383,4141432,445,1561447,0
ENST00000263674.4_ENSG00000110237.5,14,99093049,6,628969924,10,66194698,8,610668618,7,514502991,0,17,39604414,0,22,95934474,0,0,5,969971046,15,9755893,24,73089693,0
ENST00000263856.9_ENSG00000115561.16,0,6,628969924,10,66194698,8,610668618,7,514502991,17,32201628,0,0,11,47967237,13,93689375,0,5,969971046,0,6,182724232,0
ENST00000263925.8_ENSG00000072201.14,0,6,628969924,0,0,0,11,54801086,5,79868138,0,5,739836185,13,93689375,12,25888309,5,969971046,7,98779465,6,182724232,0
ENST00000264093.9_ENSG00000114956.20,0,6,628969924,0,25,83200586,7,514502991,5,774005428,5,79868138,0,5,739836185,0,0,11,93994209,0,12,36544846,0
ENST00000264161.9_ENSG00000115866.11,14,99093049,26,5158797,10,66194698,51,66401171,60,11602393,23,09602171,69,58417656,28,98886827,45,91868948,41,81068124,18,38832464,41,78979732,95,8535358,30,91362116,0
ENST00000264228.9_ENSG00000128039.13,0,66,28969924,31,98584093,0,7,514502991,17,32201628,23,19472552,9,662956092,17,21950856,0,30,64720773,11,93994209,23,96338395,12,36544846,0
ENST00000264312.12_ENSG00000109180.15,0,53,03175939,15,99292047,86,10668618,45,08701794,17,32201628,52,18813242,38,65182437,68,87803422,55,74757498,36,77664928,41,78979732,47,9267679,30,91362116,0
ENST00000264716.9_ENSG00000075426.12,0,33,14484962,10,66194698,8,610668618,15,02900598,5,774005428,11,59736276,0,0,13,93689375,0,5,969971046,0,0,0
ENST00000265097.9_ENSG00000051596.10,14,99093049,13,25793985,10,66194698,0,15,02900598,0,11,59736276,9,662956092,0,13,93689375,24,51776619,5,969971046,23,96338395,12,36544846,0
ENST00000265138.4_ENSG00000113369.9,104,9365134,79,54763909,10,66194698,77,49601757,112,7175449,155,8981465,115,9736276,9,662956092,63,13819804,55,74757498,67,42385701,77,60962359,111,8291251,61,82724232,0
ENST00000265261.11_ENSG00000064225.13,0,0,10,66194698,0,7,514502991,11,54801086,17,39604414,0,5,739836185,13,93689375,18,38832464,0,0,6,182724232,0
ENST00000265393.10_ENSG00000106052.14,0,19,88690977,10,66194698,25,83200586,0,11,54801086,11,59736276,9,662956092,11,47967237,13,93689375,18,38832464,5,969971046,0,12,36544846,0
ENST00000265394.10_ENSG00000106066.15,0,19,88690977,10,66194698,34,44267447,30,05801196,17,32201628,46,38945104,38,65182437,45,91868948,27,87378749,18,38832464,29,84985523,55,91456255,43,27906962,0
ENST00000265594.9_ENSG00000078070.14,0,13,25793985,21,32389396,25,83200586,22,54350897,28,87002714,17,39604414,0,17,21950856,0,18,38832464,11,93994209,0,0,0
ENST00000265620.11_ENSG00000087460.29,0,232,0139474,79,96460234,206,6560468,202,8915808,242,508228,173,9604414,202,9220779,172,1950856,167,2427249,214,5304541,173,1291603,247,6216341,154,5681058,0
ENST00000265678.9_ENSG00000071242.12,0,6,628969924,10,66194698,17,22133724,22,54350897,23,09602171,5,79868138,0,0,13,93689375,0,5,969971046,15,9755893,6,182724232,0
ENST00000265717.5_ENSG00000005249.13,0,0,0,0,7,514502991,17,32201628,11,59736276,0,0,0,6,129441547,0,7,98779465,24,73089693,0
ENST00000265729.7_ENSG00000075142.14,29,98186097,53,03175939,21,32389396,25,83200586,15,02900598,40,41803799,17,39604414,9,662956092,63,13819804,55,74757498,73,55329856,41,78979732,15,9755893,43,27906962,0
ENST00000266041.9_ENSG00000055955.17,14,99093049,291,6746767,277,2106214,387,4800878,353,1816406,438,8244125,260,9406621,338,2034632,424,7478777,376,2961311,343,2487266,405,9580311,239,6338395,253,4916935,179,7591228
ENST00000266254.12_ENSG00000100271.17,0,6,628969924,0,0,0,0,0,0,0,0,0,5,969971046,7,98779465,0,0
ENST00000266458.10_ENSG00000139112.11,0,79,54763909,21,32389396,25,83200586,45,08701794,28,87002714,34,79208828,48,31478046,40,1788533,83,62136247,36,77664928,11,93994209,39,93897325,6,182724232,0
ENST00000266542.9_ENSG00000139178.12,104,9365134,125,9504286,170,5911517,120,5493607,142,7755568,132,8021248,191,3564855,241,5739023,143,4959046,181,1796187,116,4593894,143,2793051,183,7192769,129,8372089,179,7591228
ENST00000266557.4_ENSG00000139193.4,0,13,25793985,0,8,610668618,7,514502991,5,774005428,5,79868138,0,5,739836185,0,0,5,969971046,0,0,0
ENST00000266671.10_ENSG00000139289.14,0,26,5158797,5,330973489,25,83200586,22,54350897,17,32201628,11,59736276,0,22,95934474,0,6,129441547,23,87988418,7,98779465,49,46179386,0
ENST00000266732.8_ENSG00000120802.14,14,99093049,0,0,0,7,514502991,5,774005428,5,79868138,0,5,739836185,0,0,0,23,96338395,12,36544846,0
ENST00000267103.10_ENSG00000139637.14,0,39,77381955,21,32389396,43,05334309,15,02900598,28,87002714,28,9934069,0,45,91868948,13,93689375,12,25888309,17,90991314,23,96338395,18,5481727,0
ENST00000267615.11_ENSG00000100605.17,44,97279146,26,5158797,53,30973489,34,44267447,37,57251495,92,38408684,46,38945104,19,32591218,22,95934474,13,93689375,36,77664928,41,78979732,47,9267679,49,46179386,0
ENST00000268097.10_ENSG00000213614.11,0,79,54763909,69,30265536,51,66401171,60,11602393,63,5140597,46,38945104,38,65182437,74,61787041,55,74757498,49,03553237,47,75976837,63,9023572,74,19269078,0
ENST00000268184.11_ENSG00000140577.17,0,26,5158797,0,17,22133724,0,11,54801086,5,79868138,9,662956092,5,739836185,0,12,25888309,11,93994209,0,6,182724232,0
ENST00000270257.9_ENSG00000142252.11,0,6,628969924,0,8,610668618,7,514502991,17,32201628,11,59736276,19,32591218,0,0,12,25888309,23,87988418,0,6,182724232,0
ENST00000273075.9_ENSG00000123992.20,0,19,88690977,10,66194698,43,05334309,7,514502991,0,23,19472552,19,32591218,17,21950856,0,12,25888309,23,87988418,0,18,5481727,0
ENST00000273308.9_ENSG00000257727.6,14,99093049,72,91866917,47,9787614,68,88534895,67,63052692,40,41803799,98,57758346,86,96660482,63,13819804,69,68446873,61,29441547,59,69971046,31,9511786,37,09634539,0
ENST00000273450.7_ENSG00000144908.14,0,0,0,0,0,5,774005428,0,0,5,739836185,0,0,0,0,0,0
ENST00000274134.5_ENSG00000145491.12,0,19,88690977,0,0,7,514502991,0,0,0,0,0,0,0,23,96338395,0,0
ENST00000275036.11_ENSG00000118418.14,29,98186097,33,14484962,15,99292047,51,66401171,82,6595329,57,74005428,17,39604414,19,32591218,51,65852567,69,68446873,49,03553237,35,81982627,71,89015185,37,09634539,0
ENST00000275493.7_ENSG00000146648.20,0,19,88690977,5,330973489,0,0,0,5,79868138,9,662956092,0,0,0,0,0,0,0
ENST00000275815.4_ENSG00000146904.9,0,13,25793985,31,98584093,8,610668618,15,02900598,0,17,39604414,9,662956092,5,739836185,0,12,25888309,11,93994209,15,9755893,30,91362116,0
ENST00000276590.5-1_ENSG00000147592.9,29,98186097,72,91866917,5,330973489,120,5493607,105,2030419,51,96604885,98,57758346,57,97773655,80,35770659,69,68446873,55,16497392,65,6696815,127,8047144,49,46179386,0
ENST00000276646.14_ENSG00000147642.17,0,0,5,330973489,0,7,514502991,0,5,79868138,0,5,739836185,0,0,0,0,0,0
ENST00000277570.10_ENSG00000148426.13,29,98186097,26,5158797,37,31681442,34,44267447,45,08701794,17,32201628,17,39604414,19,32591218,11,47967237,97,55825622,24,51776619,47,75976837,7,98779465,30,91362116,0
ENST00000277900.12_ENSG00000148700.15,0,39,77381955,10,66194698,25,83200586,7,514502991,23,09602171,46,38945104,28,98886827,51,65852567,0,0,35,81982627,23,96338395,37,09634539,0
ENST00000278927.10_ENSG00000149564.12,0,26,5158797,15,99292047,17,22133724,7,514502991,46,19204342,23,19472552,19,32591218,28,69918093,41,81068124,30,64720773,41,78979732,7,98779465,6,182724232,0
ENST00000281496.6_ENSG00000102763.18,0,6,628969924,0,17,22133724,0,0,11,59736276,0,0,13,93689375,0,5,969971046,0,0,0
ENST00000282185.8_ENSG00000152348.16,0,6,628969924,21,32389396,0,0,11,54801086,11,59736276,9,662956092,5,739836185,13,93689375,6,129441547,0,0,12,36544846,0
ENST00000283109.8_ENSG00000058729.11,0,19,88690977,10,66194698,8,610668618,0,0,5,79868138,9,662956092,11,47967237,13,93689375,0,5,969971046,0,6,182724232,0
ENST00000283131.4_ENSG00000153147.6,0,0,5,330973489,8,610668618,7,514502991,17,32201628,11,59736276,9,662956092,22,95934474,0,12,25888309,17,90991314,15,9755893,0,0
ENST00000283296.12_ENSG00000069122.19,0,6,628969924,0,0,0,5,774005428,23,19472552,19,32591218,5,739836185,41,81068124,6,129441547,35,81982627,15,9755893,0,0
ENST00000283928.10_ENSG00000153814.13,0,26,5158797,21,32389396,8,610668618,30,05801196,5,774005428,11,59736276,19,32591218,11,47967237,13,93689375,6,129441547,0,15,9755893,12,36544846,0
ENST00000284240.10_ENSG00000154096.14,0,0,0,17,22133724,7,514502991,5,774005428,0,0,17,21950856,13,93689375,0,0,0,6,182724232,0
ENST00000285046.10_ENSG00000154783.12,0,6,628969924,0,8,610668618,7,514502991,5,774005428,5,79868138,0,5,739836185,0,0,0,0,6,182724232,0
ENST00000285814.9_ENSG00000155438.12,0,6,628969924,5,330973489,8,610668618,22,54350897,11,54801086,11,59736276,28,98886827,17,21950856,27,87378749,18,38832464,17,90991314,15,9755893,12,36544846,0
ENST00000286234.6_ENSG00000155792.10,0,13,25793985,15,99292047,8,610668618,45,08701794,11,54801086,34,79208828,0,17,21950856,0,0,23,87988418,23,96338395,18,5481727,0
ENST00000286371.8_ENSG00000069849.11,0,19,88690977,15,99292047,8,610668618,30,05801196,17,32201628,11,59736276,19,32591218,0,13,93689375,6,129441547,0,15,9755893,24,73089693,0
ENST00000287022.10_ENSG00000156467.10,89,94558292,556,8334736,554,4212429,490,8081112,428,3266705,450,3724234,365,3169269,347,8664193,499,3657481,334,4854499,502,6142068,459,6877705,367,4385539,488,4352143,0
ENST00000287766.10_ENSG00000157103.12,89,94558292,132,5793985,21,32389396,68,88534895,90,17403589,138,5761303,139,1683531,77,30364873,86,09754278,139,3689375,165,4949218,83,57959464,167,7436876,136,0199331,0
ENST00000287878.9_ENSG00000106617.15,0,6,628969924,5,330973489,25,83200586,0,5,774005428,23,19472552,0,22,95934474,0,12,25888309,11,93994209,7,98779465,12,36544846,179,7591228
ENST00000288422.4_ENSG00000157625.16,14,99093049,19,88690977,0,34,44267447,15,02900598,5,774005428,17,39604414,9,662956092,17,21950856,0,12,25888309,47,75976837,55,91456255,43,27906962,0
ENST00000288607.3_ENSG00000157778.9,14,99093049,19,88690977,10,66194698,8,610668618,30,05801196,17,32201628,5,79868138,0,11,47967237,0,12,25888309,17,90991314,7,98779465,0,0
ENST00000288642.12_ENSG00000138101.20,0,0,0,0,0,5,774005428,0,0,5,739836185,0,12,25888309,0,0,0,0
ENST00000290130.4_ENSG00000159055.4,0,6,628969924,0,0,7,514502991,5,774005428,0,19,32591218,0,0,0,11,93994209,7,98779465,0,0
ENST00000290291.10_ENSG00000060491.17,59,96372195,13,25793985,5,330973489,17,22133724,0,11,54801086,0,19,32591218,11,47967237,27,87378749,0,0,7,98779465,6,182724232,0
ENST00000290349.11_ENSG00000159228.13,179,8911658,437,512015,346,5132768,430,5334309,195,3770778,225,1862117,411,706378,222,2479901,315,6909902,250,8640874,171,6243633,298,4985523,183,7192769,241,126245,0
ENST00000291539.11_ENSG00000160191.18,0,6,628969924,0,0,0,0,5,79868138,0,11,47967237,0,0,5,969971046,0,6,182724232,0
ENST00000291670.9_ENSG00000160282.15,0,99,43454887,74,63362885,103,3280234,75,14502991,109,7061031,150,7657159,19,32591218,120,5365599,111,49515,85,81218165,95,51953673,39,93897325,80,37541502,0
ENST00000291688.6_ENSG00000160294.11,0,0,0,0,15,02900598,5,774005428,17,39604414,0,0,13,93689375,6,129441547,5,969971046,0,6,182724232,0
ENST00000292211.5_ENSG00000160714.10,0,13,25793985,21,32389396,34,44267447,22,54350897,17,32201628,57,9868138,19,32591218,40,1788533,41,81068124,24,51776619,11,93994209,31,9511786,18,5481727,0
ENST00000292330.3_ENSG00000160813.7,29,98186097,13,25793985,5,330973489,0,22,54350897,5,774005428,23,19472552,28,98886827,11,47967237,13,93689375,0,17,90991314,0,6,182724232,0
ENST00000293379.9_ENSG00000161638.11,44,97279146,26,5158797,42,64778791,17,22133724,30,05801196,11,54801086,57,9868138,48,31478046,40,1788533,0,18,38832464,41,78979732,63,9023572,43,27906962,0
ENST00000295095.11_ENSG00000075884.14,14,99093049,6,628969924,0,25,83200586,0,11,54801086,0,19,32591218,11,47967237,0,6,129441547,5,969971046,7,98779465,12,36544846,0
ENST00000295598.10_ENSG00000163399.16,14,99093049,106,0635188,58,64070838,103,3280234,105,2030419,40,41803799,86,9802207,77,30364873,97,57721515,69,68446873,116,4593894,71,63965255,103,8413304,74,19269078,0
ENST00000295666.6_ENSG00000163453.11,14,99093049,894,9109398,106,6194698,309,9840703,443,3556765,467,6944396,440,6997849,289,8886827,625,6421442,515,6650686,318,7309604,459,6877705,255,6094288,309,1362116,0
ENST00000295899.10_ENSG00000163634.12,0,46,40278947,5,330973489,25,83200586,22,54350897,63,5140597,40,59076966,28,98886827,45,91868948,27,87378749,18,38832464,17,90991314,55,91456255,30,91362116,0
ENST00000295901.9_ENSG00000163636.11,0,19,88690977,10,66194698,43,05334309,30,05801196,17,32201628,23,19472552,28,98886827,34,43901711,13,93689375,6,129441547,11,93994209,7,98779465,0,0
ENST00000295924.12_ENSG00000163659.13,0,19,88690977,10,66194698,51,66401171,30,05801196,40,41803799,28,9934069,28,98886827,17,21950856,41,81068124,12,25888309,35,81982627,7,98779465,18,5481727,0
ENST00000296088.12_ENSG00000163788.14,14,99093049,26,5158797,31,98584093,51,66401171,15,02900598,17,32201628,28,9934069,9,662956092,17,21950856,69,68446873,24,51776619,35,81982627,39,93897325,30,91362116,0
ENST00000296181.9_ENSG00000082781.12,14,99093049,79,54763909,42,64778791,8,610668618,60,11602393,57,74005428,40,59076966,38,65182437,45,91868948,55,74757498,110,3299478,77,60962359,87,86574115,37,09634539,0
ENST00000296315.8_ENSG00000163947.12,0,6,628969924,0,8,610668618,0,5,774005428,0,0,5,739836185,0,6,129441547,5,969971046,7,98779465,12,36544846,0
ENST00000297109.11_ENSG00000164576.12,0,0,5,330973489,17,22133724,0,17,32201628,5,79868138,19,32591218,11,47967237,27,87378749,24,51776619,0,15,9755893,6,182724232,0
ENST00000297338.7_ENSG00000164754.16,44,97279146,33,14484962,10,66194698,34,44267447,45,08701794,40,41803799,40,59076966,48,31478046,63,13819804,55,74757498,42,90609083,41,78979732,55,91456255,61,82724232,0
ENST00000298299.4_ENSG00000165512.5,14,99093049,39,77381955,0,25,83200586,7,514502991,11,54801086,5,79868138,9,662956092,17,21950856,13,93689375,6,129441547,53,72973941,7,98779465,24,73089693,0
ENST00000298815.13_ENSG00000165895.19,0,6,628969924,0,0,15,02900598,0,0,0,0,0,0,0,0,0,0
ENST00000299339.3_ENSG00000134873.10,0,13,25793985,5,330973489,0,15,02900598,11,54801086,17,39604414,0,0,0,0,11,93994209,15,9755893,0,0
ENST00000299367.10_ENSG00000166278.15,0,72,91866917,37,31681442,111,938692,82,6595329,75,06207056,98,57758346,57,97773655,80,35770659,41,81068124,55,16497392,53,72973941,47,9267679,86,55813925,0
ENST00000299572.9_ENSG00000166451.14,0,0,10,66194698,0,0,0,0,0,0,13,93689375,6,129441547,0,0,0,0
ENST00000300737.8_ENSG00000167323.12,29,98186097,33,14484962,37,31681442,34,44267447,30,05801196,17,32201628,40,59076966,57,97773655,80,35770659,27,87378749,30,64720773,17,90991314,39,93897325,37,09634539,179,7591228
ENST00000300738.10_ENSG00000167325.15,14,99093049,6,628969924,10,66194698,0,0,5,774005428,5,79868138,0,17,21950856,13,93689375,24,51776619,11,93994209,15,9755893,30,91362116,0
ENST00000301665.8_ENSG00000167920.11,0,0,15,99292047,8,610668618,7,514502991,5,774005428,5,79868138,0,5,739836185,13,93689375,6,129441547,17,90991314,15,9755893,6,182724232,0
ENST00000302085.9_ENSG00000170365.10,14,99093049,6,628969924,0,0,7,514502991,11,54801086,5,79868138,0,11,47967237,13,93689375,0,17,90991314,31,9511786,37,09634539,0
ENST00000302517.8_ENSG00000171604.12,0,19,88690977,0,0,15,02900598,17,32201628,5,79868138,28,98886827,11,47967237,0,42,90609083,0,15,9755893,6,182724232,0
ENST00000302708.9_ENSG00000166199.13,0,6,628969924,10,66194698,25,83200586,22,54350897,5,774005428,0,0,0,27,87378749,0,35,81982627,0,30,91362116,0
ENST00000302763.12_ENSG00000044115.21,29,98186097,132,5793985,53,30973489,68,88534895,105,2030419,75,06207056,121,772309,77,30364873,97,57721515,55,74757498,79,68274011,101,4895078,167,7436876,92,74086348,0
ENST00000303436.11_ENSG00000168374.11,29,98186097,79,54763909,26,65486745,180,824041,105,2030419,173,2201628,150,7657159,77,30364873,120,5365599,97,55825622,190,0126879,113,4294499,183,7192769,92,74086348,0
ENST00000303809.7_ENSG00000170684.10,14,99093049,6,628969924,0,0,0,0,0,0,0,0,0,5,969971046,0,0,0
ENST00000304141.5_ENSG00000168497.5,14,99093049,72,91866917,21,32389396,17,22133724,22,54350897,23,09602171,57,9868138,19,32591218,80,35770659,13,93689375,67,42385701,101,4895078,47,9267679,49,46179386,0
ENST00000304361.9_ENSG00000172322.14,0,0,0,0,0,0,0,0,0,0,6,129441547,5,969971046,7,98779465,0,0
ENST00000305366.8_ENSG00000169908.12,0,33,14484962,31,98584093,17,22133724,30,05801196,34,64403257,34,79208828,28,98886827,40,1788533,0,42,90609083,29,84985523,55,91456255,24,73089693,0
ENST00000305626.6_ENSG00000172007.7,14,99093049,13,25793985,0,0,7,514502991,11,54801086,23,19472552,9,662956092,0,27,87378749,6,129441547,11,93994209,23,96338395,0,0
ENST00000306200.7_ENSG00000168818.10,0,6,628969924,15,99292047,8,610668618,30,05801196,11,54801086,0,0,11,47967237,13,93689375,0,0,0,12,36544846,0
ENST00000306376.10_ENSG00000244405.8,29,98186097,0,0,43,05334309,22,54350897,0,5,79868138,19,32591218,5,739836185,0,0,5,969971046,0,6,182724232,0
ENST00000306442.5_ENSG00000168938.6,29,98186097,46,40278947,10,66194698,34,44267447,7,514502991,23,09602171,28,9934069,0,11,47967237,0,18,38832464,17,90991314,23,96338395,12,36544846,0
ENST00000306627.8_ENSG00000170142.12,0,72,91866917,10,66194698,25,83200586,37,57251495,28,87002714,28,9934069,28,98886827,40,1788533,13,93689375,24,51776619,47,75976837,23,96338395,18,5481727,0
ENST00000307201.5_ENSG00000168792.5,0,33,14484962,0,8,610668618,0,5,774005428,5,79868138,9,662956092,22,95934474,13,93689375,6,129441547,0,0,18,5481727,0
ENST00000307534.10_ENSG00000152782.18,0,6,628969924,5,330973489,17,22133724,0,5,774005428,5,79868138,0,28,69918093,0,18,38832464,5,969971046,7,98779465,6,182724232,0
ENST00000307677.5_ENSG00000171552.14,0,13,25793985,0,0,15,02900598,5,774005428,5,79868138,0,0,0,6,129441547,5,969971046,0,0,0
ENST00000307712.11_ENSG00000100934.15,29,98186097,53,03175939,5,330973489,68,88534895,60,11602393,75,06207056,40,59076966,86,96660482,91,83737896,55,74757498,42,90609083,59,69971046,79,8779465,55,64451809,0
ENST00000307972.10_ENSG00000137166.17,0,6,628969924,0,8,610668618,0,17,32201628,5,79868138,0,5,739836185,13,93689375,6,129441547,11,93994209,7,98779465,18,5481727,0
ENST00000309099.7_ENSG00000172935.9,14,99093049,0,15,99292047,8,610668618,0,11,54801086,0,9,662956092,5,739836185,0,6,129441547,0,7,98779465,6,182724232,0
ENST00000309268.11_ENSG00000156508.19,59,96372195,3519,98303,1082,187618,2230,163172,2584,989029,3169,92898,1907,766174,1951,91713,2646,064481,2536,514662,2954,390825,1886,51085,2140,728966,1650,78737,1258,313859
ENST00000309318.8_ENSG00000173457.11,0,92,80557894,58,64070838,34,44267447,52,60152094,80,83607599,52,18813242,38,65182437,34,43901711,41,81068124,73,55329856,35,81982627,71,89015185,43,27906962,0
ENST00000309794.16_ENSG00000141562.19,0,26,5158797,10,66194698,0,30,05801196,17,32201628,34,79208828,19,32591218,17,21950856,13,93689375,18,38832464,29,84985523,15,9755893,18,5481727,0
ENST00000309955.8_ENSG00000003402.21,0,6,628969924,0,8,610668618,0,0,0,0,0,0,0,0,0,6,182724232,0
ENST00000309982.10_ENSG00000164929.17,0,0,10,66194698,0,0,0,0,0,0,0,6,129441547,5,969971046,7,98779465,6,182724232,0
ENST00000310380.11_ENSG00000173950.16,0,0,0,0,7,514502991,0,0,0,11,47967237,0,0,0,0,0,0
ENST00000310758.9_ENSG00000155849.16,0,6,628969924,0,8,610668618,7,514502991,17,32201628,5,79868138,9,662956092,22,95934474,13,93689375,12,25888309,0,0,6,182724232,0
ENST00000311234.9_ENSG00000102786.15,0,13,25793985,0,8,610668618,0,28,87002714,0,19,32591218,17,21950856,13,93689375,12,25888309,5,969971046,31,9511786,0,0
ENST00000311350.8_ENSG00000122557.11,0,19,88690977,5,330973489,8,610668618,7,514502991,23,09602171,11,59736276,9,662956092,22,95934474,13,93689375,6,129441547,35,81982627,23,96338395,6,182724232,0
ENST00000311669.12_ENSG00000159322.18,0,13,25793985,0,8,610668618,0,0,11,59736276,9,662956092,5,739836185,0,6,129441547,5,969971046,0,6,182724232,0
ENST00000312629.10_ENSG00000175634.15,14,99093049,39,77381955,42,64778791,34,44267447,30,05801196,40,41803799,17,39604414,38,65182437,28,69918093,41,81068124,36,77664928,77,60962359,31,9511786,68,00996655,0
ENST00000312960.4_ENSG00000181788.4,0,79,54763909,58,64070838,34,44267447,82,6595329,75,06207056,52,18813242,77,30364873,68,87803422,41,81068124,55,16497392,41,78979732,55,91456255,80,37541502,0
ENST00000313005.11_ENSG00000186318.18,0,0,15,99292047,25,83200586,7,514502991,5,774005428,17,39604414,28,98886827,11,47967237,0,24,51776619,0,15,9755893,6,182724232,0
ENST00000313115.11_ENSG00000177556.12,44,97279146,132,5793985,229,23186,232,4880527,165,3190658,184,7681737,139,1683531,115,9554731,183,6747579,195,1165124,159,3654802,208,9489866,135,792509,136,0199331,359,5182456
ENST00000313250.10_ENSG00000157326.19,0,0,0,0,7,514502991,11,54801086,0,0,0,0,0,5,969971046,0,6,182724232,0
ENST00000313833.5_ENSG00000178974.11,0,6,628969924,0,0,7,514502991,0,11,59736276,0,5,739836185,0,6,129441547,0,0,6,182724232,0
ENST00000313961.10_ENSG00000143248.13,0,19,88690977,5,330973489,8,610668618,22,54350897,5,774005428,0,38,65182437,22,95934474,27,87378749,24,51776619,11,93994209,0,12,36544846,0
ENST00000314400.10_ENSG00000163608.15,0,6,628969924,0,8,610668618,0,0,5,79868138,0,0,0,6,129441547,0,0,0,0
ENST00000314606.9_ENSG00000179115.11,29,98186097,19,88690977,26,65486745,51,66401171,30,05801196,40,41803799,17,39604414,38,65182437,17,21950856,0,24,51776619,59,69971046,23,96338395,43,27906962,0
ENST00000315013.9_ENSG00000180104.16,29,98186097,26,5158797,5,330973489,0,22,54350897,23,09602171,28,9934069,19,32591218,5,739836185,13,93689375,0,11,93994209,39,93897325,30,91362116,0
ENST00000316099.10_ENSG00000101076.19,0,6,628969924,0,8,610668618,15,02900598,23,09602171,0,0,0,13,93689375,6,129441547,0,0,0,0
ENST00000316292.13_ENSG00000156508.19,29,98186097,33,14484962,10,66194698,8,610668618,37,57251495,5,774005428,17,39604414,0,11,47967237,13,93689375,30,64720773,11,93994209,31,9511786,18,5481727,0
ENST00000316423.11_ENSG00000109814.12,29,98186097,33,14484962,21,32389396,94,7173548,30,05801196,63,5140597,104,3762648,28,98886827,74,61787041,69,68446873,36,77664928,53,72973941,143,7803037,136,0199331,0
ENST00000316549.11_ENSG00000181804.15,14,99093049,0,5,330973489,0,15,02900598,23,09602171,5,79868138,28,98886827,22,95934474,0,0,17,90991314,7,98779465,12,36544846,0
ENST00000316562.9_ENSG00000125779.24,59,96372195,19,88690977,5,330973489,8,610668618,45,08701794,11,54801086,5,79868138,19,32591218,17,21950856,13,93689375,18,38832464,11,93994209,15,9755893,24,73089693,0
ENST00000317114.3_ENSG00000177337.9,0,13,25793985,5,330973489,0,7,514502991,5,774005428,0,9,662956092,0,0,6,129441547,11,93994209,7,98779465,6,182724232,0
ENST00000317256.10_ENSG00000108387.16,0,13,25793985,0,0,0,17,32201628,0,0,5,739836185,0,6,129441547,11,93994209,0,0,0
ENST00000317571.8_ENSG00000168234.13,0,6,628969924,0,17,22133724,7,514502991,5,774005428,0,0,5,739836185,0,6,129441547,0,0,0,0
ENST00000317881.9_ENSG00000005022.6,59,96372195,384,4802556,287,8725684,370,2587506,353,1816406,444,5984179,347,9208828,241,5739023,373,089352,292,6747686,392,284259,543,2673652,191,7070716,340,0498328,179,7591228
ENST00000317931.12_ENSG00000154655.16,0,19,88690977,0,25,83200586,7,514502991,0,17,39604414,0,17,21950856,13,93689375,18,38832464,0,7,98779465,6,182724232,0
ENST00000318291.4_ENSG00000177406.5,0,19,88690977,5,330973489,0,0,5,774005428,11,59736276,9,662956092,11,47967237,13,93689375,6,129441547,0,7,98779465,0,0
ENST00000318388.11_ENSG00000265257.5,89,94558292,351,335406,517,1044284,387,4800878,398,2686585,294,4742768,568,2707752,463,8218924,390,3088606,362,3592374,392,284259,477,5976837,431,3409111,408,0597993,0
ENST00000318407.5_ENSG00000176720.6,0,33,14484962,31,98584093,60,27468033,30,05801196,34,64403257,40,59076966,28,98886827,28,69918093,139,3689375,49,03553237,17,90991314,39,93897325,18,5481727,0
ENST00000318410.12_ENSG00000164961.16,0,13,25793985,0,8,610668618,15,02900598,40,41803799,34,79208828,0,11,47967237,27,87378749,24,51776619,17,90991314,15,9755893,43,27906962,0
ENST00000318602.12_ENSG00000175899.15,14,99093049,815,3633007,106,6194698,1437,981659,225,4350897,282,926266,417,5050593,241,5739023,338,6503349,473,8543873,380,0253759,179,0991314,207,6826609,278,2225904,0
ENST00000319212.9_ENSG00000166938.13,0,6,628969924,15,99292047,0,7,514502991,0,5,79868138,48,31478046,5,739836185,27,87378749,18,38832464,11,93994209,0,12,36544846,0
ENST00000319264.4_ENSG00000153714.6,14,99093049,46,40278947,53,30973489,68,88534895,15,02900598,17,32201628,5,79868138,0,51,65852567,125,4320437,18,38832464,53,72973941,7,98779465,74,19269078,0
ENST00000319332.10_ENSG00000090530.10,0,6,628969924,0,8,610668618,7,514502991,11,54801086,17,39604414,0,5,739836185,0,0,17,90991314,0,0,0
ENST00000319397.6_ENSG00000134954.14,44,97279146,59,66072932,5,330973489,8,610668618,37,57251495,34,64403257,34,79208828,19,32591218,51,65852567,13,93689375,18,38832464,23,87988418,23,96338395,43,27906962,0
ENST00000319449.9_ENSG00000176783.15,0,26,5158797,5,330973489,0,15,02900598,17,32201628,17,39604414,9,662956092,11,47967237,0,12,25888309,17,90991314,0,6,182724232,0
ENST00000319555.8_ENSG00000179588.9,0,6,628969924,5,330973489,0,22,54350897,5,774005428,0,0,11,47967237,0,0,0,7,98779465,0,0
ENST00000319562.11_ENSG00000152767.17,14,99093049,59,66072932,63,97168187,68,88534895,15,02900598,40,41803799,40,59076966,28,98886827,28,69918093,13,93689375,49,03553237,29,84985523,39,93897325,80,37541502,179,7591228
ENST00000320640.11_ENSG00000129636.13,14,99093049,66,28969924,42,64778791,60,27468033,45,08701794,40,41803799,86,9802207,9,662956092,45,91868948,69,68446873,18,38832464,89,54956568,71,89015185,74,19269078,179,7591228
ENST00000320785.10_ENSG00000129250.12,29,98186097,33,14484962,26,65486745,25,83200586,7,514502991,28,87002714,17,39604414,19,32591218,40,1788533,0,24,51776619,0,31,9511786,12,36544846,0
ENST00000320936.9_ENSG00000099622.14,29,98186097,6,628969924,5,330973489,43,05334309,15,02900598,46,19204342,11,59736276,19,32591218,28,69918093,13,93689375,24,51776619,17,90991314,7,98779465,12,36544846,0
ENST00000321030.9_ENSG00000105618.14,14,99093049,6,628969924,10,66194698,17,22133724,37,57251495,28,87002714,63,78549518,28,98886827,57,39836185,41,81068124,24,51776619,17,90991314,23,96338395,30,91362116,0
ENST00000321256.10_ENSG00000114503.11,0,19,88690977,0,34,44267447,0,23,09602171,5,79868138,0,5,739836185,27,87378749,12,25888309,5,969971046,0,6,182724232,0
ENST00000321556.5_ENSG00000158828.8,0,72,91866917,95,9575228,77,49601757,112,7175449,80,83607599,57,9868138,86,96660482,63,13819804,97,55825622,91,9416232,59,69971046,95,8535358,98,92358771,179,7591228
ENST00000321765.10_ENSG00000076382.17,0,0,10,66194698,0,15,02900598,0,0,0,5,739836185,13,93689375,12,25888309,0,0,6,182724232,0
ENST00000322354.4_ENSG00000167565.13,0,0,0,0,0,0,5,79868138,0,17,21950856,0,12,25888309,5,969971046,15,9755893,0,0
ENST00000322611.4_ENSG00000176788.9,0,19,88690977,21,32389396,0,37,57251495,63,5140597,28,9934069,19,32591218,40,1788533,0,18,38832464,17,90991314,47,9267679,18,5481727,0
ENST00000322623.10_ENSG00000175792.12,0,0,0,0,15,02900598,5,774005428,11,59736276,9,662956092,17,21950856,0,0,11,93994209,0,0,0
ENST00000323984.8_ENSG00000004866.22,0,0,5,330973489,8,610668618,7,514502991,11,54801086,5,79868138,0,34,43901711,13,93689375,0,0,0,0,0
ENST00000324266.10_ENSG00000171853.16,0,19,88690977,42,64778791,25,83200586,15,02900598,17,32201628,17,39604414,19,32591218,22,95934474,13,93689375,30,64720773,29,84985523,47,9267679,43,27906962,179,7591228
ENST00000324366.13_ENSG00000100462.16,0,6,628969924,5,330973489,0,0,28,87002714,17,39604414,0,5,739836185,0,12,25888309,5,969971046,15,9755893,6,182724232,0
ENST00000325123.5_ENSG00000114812.13,0,13,25793985,0,8,610668618,15,02900598,17,32201628,17,39604414,0,5,739836185,13,93689375,12,25888309,11,93994209,0,12,36544846,0
ENST00000325509.5_ENSG00000178860.9,0,6,628969924,5,330973489,8,610668618,0,0,0,0,0,0,0,0,7,98779465,0,0
ENST00000327111.8_ENSG00000175745.14,0,53,03175939,10,66194698,8,610668618,22,54350897,17,32201628,28,9934069,9,662956092,22,95934474,13,93689375,12,25888309,29,84985523,39,93897325,24,73089693,0
ENST00000327773.7_ENSG00000183087.15,0,13,25793985,10,66194698,8,610668618,37,57251495,11,54801086,17,39604414,28,98886827,11,47967237,55,74757498,30,64720773,29,84985523,15,9755893,6,182724232,0
ENST00000328024.11_ENSG00000185236.12,0,66,28969924,42,64778791,51,66401171,97,68853888,34,64403257,69,58417656,48,31478046,51,65852567,55,74757498,36,77664928,47,75976837,39,93897325,43,27906962,0
ENST00000328834.10_ENSG00000182973.20,0,6,628969924,15,99292047,0,0,0,17,39604414,19,32591218,5,739836185,0,0,5,969971046,23,96338395,12,36544846,0
ENST00000329078.8_ENSG00000183018.9,0,13,25793985,5,330973489,17,22133724,15,02900598,0,11,59736276,9,662956092,0,0,0,5,969971046,47,9267679,12,36544846,0
ENST00000329451.8_ENSG00000185522.9,0,0,5,330973489,0,7,514502991,5,774005428,11,59736276,0,5,739836185,0,6,129441547,5,969971046,0,6,182724232,0
ENST00000330539.1_ENSG00000183154.1,0,13,25793985,0,17,22133724,7,514502991,0,0,0,0,0,6,129441547,5,969971046,0,12,36544846,0
ENST00000331200.8_ENSG00000128951.14,0,19,88690977,31,98584093,25,83200586,30,05801196,17,32201628,5,79868138,0,22,95934474,13,93689375,30,64720773,17,90991314,31,9511786,6,182724232,0
ENST00000331222.6_ENSG00000182372.10,14,99093049,13,25793985,5,330973489,0,7,514502991,11,54801086,0,0,5,739836185,0,12,25888309,0,0,0,0
ENST00000331302.12_ENSG00000181031.16,0,26,5158797,26,65486745,8,610668618,15,02900598,0,5,79868138,19,32591218,11,47967237,27,87378749,18,38832464,23,87988418,31,9511786,24,73089693,0
ENST00000331314.11_ENSG00000118197.14,0,0,0,8,610668618,7,514502991,0,5,79868138,9,662956092,11,47967237,0,6,129441547,11,93994209,7,98779465,12,36544846,0
ENST00000331523.7_ENSG00000156508.19,14,99093049,13,25793985,21,32389396,8,610668618,15,02900598,34,64403257,11,59736276,9,662956092,5,739836185,13,93689375,12,25888309,5,969971046,7,98779465,6,182724232,0
ENST00000331817.6_ENSG00000135480.17,0,19,88690977,5,330973489,8,610668618,0,40,41803799,5,79868138,19,32591218,5,739836185,0,0,5,969971046,15,9755893,0,0
ENST00000331826.12_ENSG00000140479.18,0,0,0,8,610668618,7,514502991,5,774005428,5,79868138,0,0,0,0,5,969971046,0,6,182724232,0
ENST00000332281.6_ENSG00000185669.6,0,0,0,8,610668618,7,514502991,0,0,0,5,739836185,0,0,0,0,6,182724232,0
ENST00000332981.11_ENSG00000027075.17,0,0,5,330973489,8,610668618,37,57251495,11,54801086,0,9,662956092,17,21950856,69,68446873,6,129441547,29,84985523,23,96338395,12,36544846,0
ENST00000333090.5_ENSG00000182704.8,0,59,66072932,53,30973489,189,4347096,150,2900598,28,87002714,69,58417656,19,32591218,45,91868948,41,81068124,79,68274011,11,93994209,7,98779465,37,09634539,0
ENST00000333119.7_ENSG00000126756.12,0,92,80557894,143,9362842,120,5493607,67,63052692,132,8021248,75,38285794,28,98886827,57,39836185,139,3689375,116,4593894,155,2192472,47,9267679,49,46179386,179,7591228
ENST00000333924.6_ENSG00000186666.6,0,6,628969924,0,0,0,0,0,0,0,0,6,129441547,5,969971046,0,0,0
ENST00000334398.8_ENSG00000185973.12,14,99093049,13,25793985,21,32389396,0,7,514502991,0,5,79868138,9,662956092,5,739836185,0,18,38832464,29,84985523,0,0,0
ENST00000334668.8_ENSG00000204642.14,0,92,80557894,42,64778791,8,610668618,105,2030419,34,64403257,28,9934069,28,98886827,28,69918093,0,85,81218165,35,81982627,39,93897325,24,73089693,0
ENST00000335209.12_ENSG00000088992.18,0,13,25793985,5,330973489,8,610668618,0,0,0,0,5,739836185,0,6,129441547,0,15,9755893,12,36544846,0
ENST00000335574.10_ENSG00000101294.18,0,13,25793985,5,330973489,0,7,514502991,0,0,0,0,0,0,0,7,98779465,0,0
ENST00000336617.8_ENSG00000136104.21,0,6,628969924,10,66194698,0,7,514502991,0,11,59736276,9,662956092,0,0,0,5,969971046,0,18,5481727,0
ENST00000336715.11_ENSG00000143373.18,29,98186097,0,15,99292047,0,37,57251495,11,54801086,5,79868138,9,662956092,11,47967237,13,93689375,24,51776619,5,969971046,7,98779465,6,182724232,0
ENST00000336737.8_ENSG00000069998.12,14,99093049,53,03175939,31,98584093,34,44267447,30,05801196,23,09602171,28,9934069,9,662956092,17,21950856,0,24,51776619,35,81982627,47,9267679,55,64451809,0
ENST00000336949.7_ENSG00000165175.17,0,26,5158797,10,66194698,68,88534895,22,54350897,23,09602171,23,19472552,19,32591218,34,43901711,13,93689375,18,38832464,17,90991314,39,93897325,30,91362116,0
ENST00000337002.9_ENSG00000008952.17,29,98186097,106,0635188,69,30265536,103,3280234,150,2900598,98,15809227,144,9670345,96,62956092,103,3170513,97,55825622,116,4593894,131,339363,135,792509,154,5681058,0
ENST00000337137.9_ENSG00000054611.14,0,6,628969924,5,330973489,0,7,514502991,17,32201628,17,39604414,19,32591218,5,739836185,13,93689375,12,25888309,0,0,30,91362116,0
ENST00000337138.9_ENSG00000100644.17,0,46,40278947,0,8,610668618,7,514502991,34,64403257,11,59736276,28,98886827,22,95934474,13,93689375,24,51776619,17,90991314,39,93897325,12,36544846,0
ENST00000337288.10_ENSG00000084090.14,44,97279146,33,14484962,63,97168187,8,610668618,60,11602393,23,09602171,57,9868138,28,98886827,51,65852567,13,93689375,30,64720773,29,84985523,103,8413304,24,73089693,0
ENST00000337478.3_ENSG00000148841.17,0,33,14484962,5,330973489,0,0,11,54801086,11,59736276,0,22,95934474,27,87378749,6,129441547,0,0,18,5481727,0
ENST00000338045.7_ENSG00000169756.16,14,99093049,26,5158797,15,99292047,8,610668618,22,54350897,5,774005428,5,79868138,0,51,65852567,27,87378749,24,51776619,53,72973941,31,9511786,43,27906962,0
ENST00000338523.9_ENSG00000086300.16,14,99093049,39,77381955,5,330973489,25,83200586,30,05801196,63,5140597,52,18813242,48,31478046,63,13819804,69,68446873,67,42385701,29,84985523,103,8413304,24,73089693,0
ENST00000338961.11_ENSG00000148334.16,14,99093049,53,03175939,58,64070838,25,83200586,30,05801196,17,32201628,23,19472552,48,31478046,22,95934474,41,81068124,12,25888309,17,90991314,63,9023572,30,91362116,0
ENST00000339020.8_ENSG00000188725.8,0,19,88690977,47,9787614,51,66401171,15,02900598,46,19204342,23,19472552,48,31478046,34,43901711,13,93689375,24,51776619,35,81982627,79,8779465,24,73089693,0
ENST00000339091.8_ENSG00000003436.16,0,0,10,66194698,0,0,0,5,79868138,0,11,47967237,0,0,5,969971046,7,98779465,6,182724232,0
ENST00000339105.9_ENSG00000125246.16,0,33,14484962,37,31681442,86,10668618,37,57251495,28,87002714,52,18813242,9,662956092,51,65852567,41,81068124,61,29441547,29,84985523,55,91456255,12,36544846,0
ENST00000339877.8_ENSG00000157110.16,14,99093049,13,25793985,26,65486745,17,22133724,30,05801196,28,87002714,23,19472552,9,662956092,11,47967237,41,81068124,36,77664928,23,87988418,55,91456255,43,27906962,0
ENST00000340006.7_ENSG00000159176.14,74,95465244,86,17660902,47,9787614,34,44267447,37,57251495,57,74005428,52,18813242,96,62956092,68,87803422,69,68446873,73,55329856,53,72973941,63,9023572,68,00996655,0
ENST00000340385.6_ENSG00000117592.9,89,94558292,424,2540752,602,4000043,645,8001464,510,9862034,381,0843582,429,1024221,309,2145949,424,7478777,487,7912811,465,8375575,531,3274231,335,4873753,265,857142,0
ENST00000340491.8_ENSG00000080845.19,59,96372195,19,88690977,15,99292047,8,610668618,7,514502991,0,0,0,5,739836185,13,93689375,6,129441547,0,0,6,182724232,0
ENST00000340852.9_ENSG00000101294.18,0,53,03175939,21,32389396,25,83200586,22,54350897,51,96604885,46,38945104,86,96660482,28,69918093,41,81068124,42,90609083,11,93994209,7,98779465,61,82724232,0
ENST00000341222.10_ENSG00000003402.21,0,13,25793985,0,0,0,5,774005428,17,39604414,9,662956092,5,739836185,0,18,38832464,0,15,9755893,6,182724232,0
ENST00000341322.4_ENSG00000185658.14,0,26,5158797,0,8,610668618,7,514502991,23,09602171,11,59736276,0,5,739836185,13,93689375,18,38832464,5,969971046,15,9755893,0,0
ENST00000341700.7_ENSG00000156049.7,0,13,25793985,0,8,610668618,7,514502991,5,774005428,11,59736276,19,32591218,0,0,6,129441547,5,969971046,15,9755893,12,36544846,0
ENST00000341712.8_ENSG00000133030.22,29,98186097,6,628969924,0,8,610668618,15,02900598,5,774005428,23,19472552,9,662956092,11,47967237,13,93689375,24,51776619,5,969971046,23,96338395,24,73089693,0
ENST00000341871.8_ENSG00000187824.9,0,59,66072932,74,63362885,60,27468033,30,05801196,57,74005428,69,58417656,28,98886827,51,65852567,111,49515,24,51776619,53,72973941,39,93897325,68,00996655,0
ENST00000342512.3_ENSG00000152782.18,0,13,25793985,0,8,610668618,22,54350897,23,09602171,0,0,0,27,87378749,6,129441547,5,969971046,0,0,0
ENST00000342983.6_ENSG00000123728.10,0,6,628969924,0,0,15,02900598,11,54801086,11,59736276,0,0,0,0,5,969971046,0,12,36544846,0
ENST00000344726.9_ENSG00000118418.14,0,26,5158797,5,330973489,17,22133724,37,57251495,23,09602171,28,9934069,9,662956092,34,43901711,27,87378749,0,17,90991314,55,91456255,30,91362116,0
ENST00000344836.9_ENSG00000187555.16,44,97279146,19,88690977,15,99292047,25,83200586,37,57251495,11,54801086,5,79868138,9,662956092,34,43901711,27,87378749,12,25888309,17,90991314,15,9755893,24,73089693,0
ENST00000344843.12_ENSG00000242485.6,14,99093049,72,91866917,90,62654931,163,6027037,97,68853888,127,0281194,92,77890208,19,32591218,86,09754278,83,62136247,98,07106475,113,4294499,143,7803037,80,37541502,0
ENST00000344920.9_ENSG00000112992.18,0,39,77381955,5,330973489,60,27468033,37,57251495,63,5140597,34,79208828,28,98886827,57,39836185,97,55825622,49,03553237,35,81982627,39,93897325,55,64451809,0
ENST00000345094.7_ENSG00000134077.16,0,19,88690977,0,0,7,514502991,11,54801086,0,0,0,0,12,25888309,17,90991314,23,96338395,0,0
ENST00000345146.7_ENSG00000138413.14,14,99093049,119,3214586,5,330973489,103,3280234,60,11602393,75,06207056,69,58417656,38,65182437,80,35770659,27,87378749,116,4593894,29,84985523,87,86574115,12,36544846,0
ENST00000346213.9_ENSG00000108774.15,0,59,66072932,159,9292047,86,10668618,112,7175449,115,4801086,115,9736276,106,292517,51,65852567,209,0534062,91,9416232,95,51953673,63,9023572,74,19269078,0
ENST00000347631.8_ENSG00000126091.21,0,13,25793985,0,0,0,11,54801086,11,59736276,9,662956092,5,739836185,0,6,129441547,0,7,98779465,0,0
ENST00000347869.8_ENSG00000003756.17,0,0,5,330973489,17,22133724,7,514502991,5,774005428,5,79868138,9,662956092,0,0,6,129441547,0,0,6,182724232,0
ENST00000348222.3_ENSG00000114956.20,0,13,25793985,0,8,610668618,0,0,0,0,0,0,0,5,969971046,0,12,36544846,0
ENST00000348354.7_ENSG00000154640.15,0,13,25793985,10,66194698,17,22133724,15,02900598,0,11,59736276,19,32591218,5,739836185,0,12,25888309,5,969971046,0,24,73089693,0
ENST00000349155.7_ENSG00000135111.16,0,13,25793985,10,66194698,8,610668618,22,54350897,23,09602171,17,39604414,28,98886827,0,13,93689375,12,25888309,17,90991314,63,9023572,6,182724232,0
ENST00000350605.4_ENSG00000103490.14,0,0,5,330973489,0,0,5,774005428,0,0,5,739836185,0,6,129441547,5,969971046,0,6,182724232,0
ENST00000351035.8_ENSG00000126091.21,0,6,628969924,0,0,7,514502991,0,0,0,5,739836185,0,0,0,0,0,0
ENST00000351325.9_ENSG00000221857.7,59,96372195,185,6111579,474,4566405,232,4880527,232,9495927,202,09019,313,1287945,96,62956092,195,1544303,250,8640874,177,7538049,292,5285812,151,7680983,204,0298997,179,7591228
ENST00000353265.8_ENSG00000178184.16,0,0,0,8,610668618,0,11,54801086,5,79868138,0,0,13,93689375,0,0,7,98779465,12,36544846,0
ENST00000353555.9_ENSG00000172270.22,59,96372195,92,80557894,207,9079661,77,49601757,120,2320479,155,8981465,168,16176,144,9443414,120,5365599,97,55825622,98,07106475,125,369392,119,8169197,210,2126239,359,5182456
ENST00000354545.8_ENSG00000115841.21,0,13,25793985,10,66194698,25,83200586,60,11602393,11,54801086,28,9934069,28,98886827,45,91868948,27,87378749,18,38832464,29,84985523,15,9755893,12,36544846,0
ENST00000354666.4_ENSG00000197977.4,0,19,88690977,42,64778791,25,83200586,37,57251495,23,09602171,34,79208828,0,34,43901711,13,93689375,12,25888309,41,78979732,95,8535358,30,91362116,0
ENST00000355178.8_ENSG00000152348.16,0,0,10,66194698,0,7,514502991,0,0,0,0,0,6,129441547,0,0,0,0
ENST00000355572.6_ENSG00000196923.14,14,99093049,0,0,0,0,0,0,0,5,739836185,0,0,0,0,6,182724232,0
ENST00000355841.7_ENSG00000196923.14,0,13,25793985,5,330973489,17,22133724,7,514502991,11,54801086,17,39604414,9,662956092,11,47967237,0,0,17,90991314,7,98779465,6,182724232,0
ENST00000355899.8_ENSG00000102024.19,0,39,77381955,0,0,37,57251495,28,87002714,28,9934069,19,32591218,51,65852567,27,87378749,18,38832464,0,15,9755893,18,5481727,0
ENST00000355962.5_ENSG00000198650.11,29,98186097,212,1270376,85,29557583,378,8694192,240,4640957,150,1241411,266,7393435,347,8664193,327,1706625,432,0437061,165,4949218,107,4594788,63,9023572,111,2890362,0
ENST00000356113.10_ENSG00000166035.11,0,13,25793985,15,99292047,17,22133724,37,57251495,23,09602171,17,39604414,9,662956092,22,95934474,27,87378749,36,77664928,11,93994209,0,6,182724232,0
ENST00000356260.10_ENSG00000198301.12,0,13,25793985,10,66194698,0,0,11,54801086,11,59736276,38,65182437,5,739836185,27,87378749,0,0,0,0,0
ENST00000356413.5_ENSG00000089289.16,0,26,5158797,31,98584093,0,7,514502991,46,19204342,23,19472552,28,98886827,17,21950856,13,93689375,30,64720773,29,84985523,15,9755893,30,91362116,0
ENST00000356725.9_ENSG00000197863.9,0,6,628969924,5,330973489,8,610668618,0,5,774005428,5,79868138,0,0,0,0,0,0,12,36544846,0
ENST00000357276.9_ENSG00000138375.13,14,99093049,6,628969924,5,330973489,0,15,02900598,11,54801086,5,79868138,0,28,69918093,13,93689375,12,25888309,11,93994209,0,24,73089693,0
ENST00000357430.8_ENSG00000123983.15,0,13,25793985,0,25,83200586,7,514502991,11,54801086,11,59736276,48,31478046,28,69918093,0,30,64720773,41,78979732,15,9755893,18,5481727,0
ENST00000358278.7_ENSG00000140416.23,0,0,0,8,610668618,7,514502991,0,0,0,0,0,0,5,969971046,0,12,36544846,0
ENST00000359365.9_ENSG00000068028.18,0,6,628969924,0,0,0,11,54801086,5,79868138,9,662956092,0,0,12,25888309,11,93994209,0,6,182724232,0
ENST00000359492.6_ENSG00000118137.10,119,9274439,855,1371202,954,2442545,1214,104275,1089,602934,941,1628847,864,0035256,338,2034632,1130,747728,641,0971123,594,55583,913,40557,774,816081,1081,976741,0
ENST00000359562.4_ENSG00000164107.9,0,19,88690977,5,330973489,25,83200586,15,02900598,0,5,79868138,0,11,47967237,0,18,38832464,5,969971046,7,98779465,6,182724232,0
ENST00000359674.8_ENSG00000111181.13,59,96372195,33,14484962,53,30973489,60,27468033,60,11602393,40,41803799,28,9934069,28,98886827,63,13819804,41,81068124,30,64720773,11,93994209,39,93897325,49,46179386,0
ENST00000360370.9_ENSG00000114544.17,0,0,15,99292047,17,22133724,7,514502991,0,5,79868138,0,11,47967237,13,93689375,0,17,90991314,23,96338395,18,5481727,0
ENST00000360458.5_ENSG00000123562.18,0,6,628969924,5,330973489,8,610668618,7,514502991,17,32201628,11,59736276,9,662956092,0,0,6,129441547,5,969971046,0,6,182724232,0
ENST00000360568.8_ENSG00000072682.20,0,6,628969924,5,330973489,8,610668618,7,514502991,23,09602171,0,0,0,13,93689375,6,129441547,11,93994209,15,9755893,6,182724232,0
ENST00000360779.4_ENSG00000125775.15,0,13,25793985,5,330973489,8,610668618,0,0,0,0,0,0,6,129441547,5,969971046,23,96338395,0,0
ENST00000361204.9_ENSG00000198911.12,0,92,80557894,101,2884963,43,05334309,60,11602393,23,09602171,57,9868138,28,98886827,22,95934474,27,87378749,79,68274011,53,72973941,119,8169197,43,27906962,0
ENST00000361565.9_ENSG00000198700.10,0,13,25793985,0,0,15,02900598,0,5,79868138,0,5,739836185,41,81068124,6,129441547,5,969971046,0,0,0
ENST00000361781.7_ENSG00000198964.14,0,19,88690977,5,330973489,34,44267447,30,05801196,23,09602171,34,79208828,0,11,47967237,41,81068124,36,77664928,23,87988418,15,9755893,24,73089693,0
ENST00000366516.5_ENSG00000185420.19,0,6,628969924,5,330973489,0,7,514502991,5,774005428,11,59736276,9,662956092,0,13,93689375,0,0,7,98779465,12,36544846,0
ENST00000366613.1_ENSG00000168275.16,0,6,628969924,15,99292047,8,610668618,15,02900598,5,774005428,0,0,11,47967237,0,12,25888309,5,969971046,0,0,0
ENST00000366615.10_ENSG00000168275.16,0,26,5158797,5,330973489,17,22133724,22,54350897,28,87002714,23,19472552,48,31478046,22,95934474,13,93689375,24,51776619,5,969971046,23,96338395,12,36544846,0
ENST00000366759.9_ENSG00000143740.15,0,13,25793985,5,330973489,0,15,02900598,0,40,59076966,9,662956092,17,21950856,0,24,51776619,17,90991314,23,96338395,6,182724232,0
ENST00000366812.6_ENSG00000182827.9,29,98186097,6,628969924,0,0,15,02900598,5,774005428,34,79208828,28,98886827,11,47967237,27,87378749,24,51776619,0,15,9755893,18,5481727,0
ENST00000366903.8_ENSG00000136630.13,14,99093049,26,5158797,15,99292047,0,22,54350897,0,28,9934069,9,662956092,22,95934474,27,87378749,18,38832464,53,72973941,39,93897325,12,36544846,0
ENST00000366920.6_ENSG00000085511.20,0,13,25793985,5,330973489,0,0,5,774005428,11,59736276,9,662956092,5,739836185,41,81068124,6,129441547,0,23,96338395,12,36544846,0
ENST00000366927.3_ENSG00000143353.12,0,6,628969924,0,25,83200586,7,514502991,11,54801086,0,0,5,739836185,0,0,11,93994209,0,0,0
ENST00000366928.10_ENSG00000143353.12,0,19,88690977,5,330973489,17,22133724,37,57251495,17,32201628,5,79868138,28,98886827,28,69918093,0,12,25888309,23,87988418,39,93897325,18,5481727,0
ENST00000367027.5_ENSG00000117594.10,0,450,7699549,197,2460191,404,7014251,413,2976645,357,9883365,423,3037407,270,5627706,344,3901711,376,2961311,471,9669991,358,1982627,375,4263485,197,8471754,0
ENST00000367188.5_ENSG00000158615.10,0,19,88690977,0,0,0,0,0,0,0,0,6,129441547,5,969971046,15,9755893,12,36544846,0
ENST00000367284.10_ENSG00000163435.16,0,19,88690977,0,0,15,02900598,11,54801086,17,39604414,0,0,0,6,129441547,5,969971046,23,96338395,0,0
ENST00000367635.8_ENSG00000116191.19,0,6,628969924,0,0,7,514502991,0,0,0,5,739836185,13,93689375,0,5,969971046,0,0,0
ENST00000367763.8_ENSG00000120370.14,0,13,25793985,0,0,15,02900598,0,5,79868138,19,32591218,5,739836185,0,12,25888309,0,39,93897325,12,36544846,0
ENST00000367881.11-1_ENSG00000143183.18,0,86,17660902,31,98584093,129,1600293,112,7175449,69,28806513,40,59076966,67,64069264,97,57721515,69,68446873,85,81218165,41,78979732,55,91456255,74,19269078,0
ENST00000367976.4_ENSG00000118523.6,0,19,88690977,0,8,610668618,0,23,09602171,5,79868138,9,662956092,74,61787041,13,93689375,30,64720773,0,0,12,36544846,0
ENST00000368226.9_ENSG00000152894.15,29,98186097,19,88690977,31,98584093,34,44267447,60,11602393,46,19204342,52,18813242,0,34,43901711,41,81068124,55,16497392,41,78979732,47,9267679,37,09634539,179,7591228
ENST00000368364.4_ENSG00000135547.9,0,6,628969924,5,330973489,0,0,5,774005428,5,79868138,9,662956092,0,0,6,129441547,0,0,0,0
ENST00000368485.8_ENSG00000160712.13,119,9274439,72,91866917,69,30265536,60,27468033,30,05801196,23,09602171,139,1683531,57,97773655,57,39836185,83,62136247,73,55329856,77,60962359,47,9267679,55,64451809,179,7591228
ENST00000368761.11_ENSG00000056972.20,14,99093049,6,628969924,5,330973489,17,22133724,7,514502991,0,5,79868138,0,5,739836185,0,12,25888309,11,93994209,15,9755893,6,182724232,0
ENST00000369569.6_ENSG00000134262.13,0,6,628969924,0,17,22133724,15,02900598,5,774005428,11,59736276,0,11,47967237,0,0,0,0,12,36544846,0
ENST00000369626.8_ENSG00000155380.13,0,13,25793985,0,0,0,0,5,79868138,19,32591218,0,0,6,129441547,0,7,98779465,6,182724232,0
ENST00000370128.9_ENSG00000137996.13,0,33,14484962,21,32389396,8,610668618,22,54350897,5,774005428,17,39604414,0,22,95934474,13,93689375,6,129441547,29,84985523,31,9511786,30,91362116,0
ENST00000370192.8_ENSG00000188641.14,0,26,5158797,0,17,22133724,7,514502991,34,64403257,46,38945104,9,662956092,34,43901711,41,81068124,36,77664928,29,84985523,47,9267679,24,73089693,0
ENST00000370205.6_ENSG00000172339.10,0,6,628969924,42,64778791,25,83200586,0,5,774005428,28,9934069,28,98886827,11,47967237,13,93689375,36,77664928,17,90991314,31,9511786,24,73089693,0
ENST00000370920.8_ENSG00000132485.14,0,19,88690977,0,0,7,514502991,5,774005428,5,79868138,0,5,739836185,0,0,0,7,98779465,0,0
ENST00000370982.4_ENSG00000172380.6,14,99093049,53,03175939,37,31681442,25,83200586,67,63052692,23,09602171,57,9868138,48,31478046,28,69918093,55,74757498,61,29441547,5,969971046,79,8779465,55,64451809,0
ENST00000371045.9_ENSG00000184588.18,0,13,25793985,0,25,83200586,7,514502991,11,54801086,5,79868138,0,5,739836185,13,93689375,0,0,0,6,182724232,0
ENST00000371085.8_ENSG00000087460.29,14,99093049,92,80557894,37,31681442,103,3280234,52,60152094,69,28806513,81,18153932,38,65182437,86,09754278,41,81068124,98,07106475,89,54956568,103,8413304,49,46179386,0
ENST00000371205.5_ENSG00000138185.20,0,6,628969924,0,0,7,514502991,0,0,0,0,0,6,129441547,0,15,9755893,0,0
ENST00000371319.8_ENSG00000157216.16,29,98186097,26,5158797,53,30973489,34,44267447,52,60152094,11,54801086,46,38945104,48,31478046,51,65852567,69,68446873,24,51776619,17,90991314,47,9267679,61,82724232,179,7591228
ENST00000371417.4_ENSG00000203993.7,0,13,25793985,0,8,610668618,7,514502991,11,54801086,0,0,0,27,87378749,6,129441547,0,0,6,182724232,0
ENST00000371421.9_ENSG00000197070.14,89,94558292,19,88690977,42,64778791,8,610668618,30,05801196,17,32201628,5,79868138,0,40,1788533,41,81068124,0,47,75976837,31,9511786,49,46179386,0
ENST00000371626.9_ENSG00000117862.13,14,99093049,53,03175939,63,97168187,34,44267447,75,14502991,63,5140597,86,9802207,48,31478046,91,83737896,27,87378749,36,77664928,71,63965255,55,91456255,68,00996655,179,7591228
ENST00000371890.7_ENSG00000162365.13,0,6,628969924,10,66194698,0,15,02900598,0,11,59736276,0,5,739836185,0,0,5,969971046,15,9755893,6,182724232,0
ENST00000371891.8_ENSG00000162365.13,0,59,66072932,58,64070838,103,3280234,67,63052692,103,9320977,179,7591228,9,662956092,109,0568875,139,3689375,134,847714,125,369392,31,9511786,55,64451809,179,7591228
ENST00000371933.8_ENSG00000159658.15,0,0,0,0,0,5,774005428,0,0,0,0,18,38832464,0,15,9755893,12,36544846,0
ENST00000371979.7_ENSG00000101901.12,0,26,5158797,10,66194698,8,610668618,30,05801196,17,32201628,11,59736276,0,11,47967237,27,87378749,18,38832464,29,84985523,7,98779465,24,73089693,0
ENST00000372013.8_ENSG00000148671.14,74,95465244,46,40278947,186,5840721,51,66401171,142,7755568,242,508228,197,1551669,86,96660482,143,4959046,139,3689375,85,81218165,161,1892182,55,91456255,86,55813925,0
ENST00000372281.8_ENSG00000133678.14,0,6,628969924,26,65486745,25,83200586,22,54350897,51,96604885,23,19472552,67,64069264,28,69918093,13,93689375,36,77664928,23,87988418,63,9023572,30,91362116,0
ENST00000372292.8_ENSG00000133661.17,0,0,5,330973489,0,0,0,0,0,0,0,12,25888309,0,0,0,0
ENST00000372330.3_ENSG00000100985.7,0,6,628969924,0,0,0,0,5,79868138,0,5,739836185,0,0,5,969971046,7,98779465,0,0
ENST00000372430.9_ENSG00000178922.18,0,6,628969924,10,66194698,8,610668618,7,514502991,5,774005428,11,59736276,19,32591218,17,21950856,0,6,129441547,23,87988418,0,6,182724232,0
ENST00000372432.5_ENSG00000178922.18,0,0,21,32389396,17,22133724,7,514502991,46,19204342,11,59736276,0,11,47967237,0,30,64720773,23,87988418,15,9755893,6,182724232,0
ENST00000372433.5_ENSG00000178922.18,0,0,5,330973489,0,7,514502991,0,5,79868138,0,0,0,12,25888309,0,0,6,182724232,0
ENST00000372434.5_ENSG00000178922.18,0,0,10,66194698,0,7,514502991,11,54801086,0,9,662956092,0,0,6,129441547,0,0,0,0
ENST00000372457.9_ENSG00000159479.17,59,96372195,33,14484962,42,64778791,8,610668618,52,60152094,28,87002714,40,59076966,19,32591218,5,739836185,0,24,51776619,17,90991314,39,93897325,43,27906962,0
ENST00000372524.5_ENSG00000165655.17,0,0,5,330973489,0,15,02900598,5,774005428,5,79868138,28,98886827,11,47967237,0,30,64720773,5,969971046,0,6,182724232,0
ENST00000372816.3_ENSG00000116990.11,0,19,88690977,0,0,0,5,774005428,17,39604414,0,0,0,12,25888309,0,7,98779465,0,0
ENST00000372857.7_ENSG00000090621.15,0,19,88690977,5,330973489,17,22133724,0,17,32201628,5,79868138,9,662956092,17,21950856,27,87378749,18,38832464,0,15,9755893,12,36544846,0
ENST00000372858.8_ENSG00000090621.15,14,99093049,13,25793985,5,330973489,17,22133724,15,02900598,23,09602171,11,59736276,19,32591218,11,47967237,0,6,129441547,11,93994209,39,93897325,24,73089693,0
ENST00000372940.3_ENSG00000182180.14,0,0,5,330973489,0,7,514502991,0,0,0,5,739836185,0,0,0,0,6,182724232,0
ENST00000372945.8_ENSG00000182180.14,14,99093049,53,03175939,90,62654931,60,27468033,52,60152094,57,74005428,17,39604414,48,31478046,34,43901711,55,74757498,55,16497392,71,63965255,39,93897325,24,73089693,0
ENST00000372950.6_ENSG00000213551.7,0,13,25793985,5,330973489,8,610668618,15,02900598,17,32201628,11,59736276,0,0,0,6,129441547,5,969971046,23,96338395,24,73089693,0
ENST00000373049.8_ENSG00000147202.19,0,13,25793985,10,66194698,0,0,5,774005428,11,59736276,19,32591218,11,47967237,13,93689375,6,129441547,0,15,9755893,6,182724232,0
ENST00000373064.9_ENSG00000148339.13,29,98186097,132,5793985,127,9433637,86,10668618,120,2320479,63,5140597,92,77890208,144,9443414,132,0162323,209,0534062,214,5304541,53,72973941,31,9511786,105,1063119,0
ENST00000373418.7_ENSG00000134686.20,0,0,5,330973489,0,22,54350897,28,87002714,5,79868138,0,22,95934474,0,24,51776619,0,7,98779465,12,36544846,0
ENST00000373703.5_ENSG00000162517.13,14,99093049,19,88690977,0,8,610668618,15,02900598,5,774005428,23,19472552,9,662956092,17,21950856,0,30,64720773,5,969971046,7,98779465,6,182724232,0
ENST00000373806.1_ENSG00000148180.21,14,99093049,46,40278947,0,0,0,11,54801086,0,0,0,0,0,0,7,98779465,0,0
ENST00000373818.8_ENSG00000148180.21,0,39,77381955,5,330973489,8,610668618,30,05801196,23,09602171,28,9934069,48,31478046,11,47967237,13,93689375,12,25888309,5,969971046,7,98779465,24,73089693,0
ENST00000373963.5_ENSG00000123992.20,0,0,5,330973489,0,0,0,0,0,5,739836185,0,0,5,969971046,0,6,182724232,0
ENST00000374023.8_ENSG00000196821.10,29,98186097,33,14484962,90,62654931,60,27468033,67,63052692,86,61008141,57,9868138,38,65182437,74,61787041,69,68446873,61,29441547,71,63965255,55,91456255,80,37541502,0
ENST00000374433.7_ENSG00000169740.14,0,6,628969924,5,330973489,17,22133724,30,05801196,5,774005428,23,19472552,0,11,47967237,0,0,5,969971046,0,18,5481727,0
ENST00000374704.8_ENSG00000108100.18,14,99093049,19,88690977,21,32389396,34,44267447,15,02900598,69,28806513,23,19472552,28,98886827,17,21950856,0,24,51776619,23,87988418,39,93897325,30,91362116,0
ENST00000374881.3_ENSG00000204264.12,0,0,0,0,0,5,774005428,5,79868138,0,5,739836185,0,0,5,969971046,0,0,0
ENST00000374882.8_ENSG00000204264.12,0,79,54763909,63,97168187,103,3280234,97,68853888,28,87002714,46,38945104,48,31478046,51,65852567,55,74757498,24,51776619,41,78979732,23,96338395,43,27906962,0
ENST00000375114.7_ENSG00000125970.12,0,13,25793985,10,66194698,0,0,17,32201628,5,79868138,0,0,0,18,38832464,0,23,96338395,0,0
ENST00000375213.8_ENSG00000091436.17,0,19,88690977,0,8,610668618,7,514502991,5,774005428,17,39604414,0,11,47967237,13,93689375,6,129441547,5,969971046,7,98779465,6,182724232,0
ENST00000375320.5_ENSG00000118137.10,29,98186097,344,7064361,394,4920382,792,1815129,473,4136884,600,4965645,400,1090152,231,9109462,585,4632909,292,6747686,429,0609083,459,6877705,247,6216341,476,0697659,179,7591228
ENST00000375329.6-1_ENSG00000118137.10,14,99093049,0,10,66194698,0,0,0,11,59736276,0,0,0,0,0,0,6,182724232,0
ENST00000375329.6_ENSG00000118137.10,0,6,628969924,37,31681442,17,22133724,0,17,32201628,5,79868138,0,11,47967237,13,93689375,6,129441547,5,969971046,15,9755893,18,5481727,0
ENST00000375431.9_ENSG00000139835.14,0,13,25793985,15,99292047,0,15,02900598,23,09602171,23,19472552,9,662956092,17,21950856,13,93689375,18,38832464,23,87988418,15,9755893,18,5481727,0
ENST00000375436.9_ENSG00000179051.14,0,6,628969924,5,330973489,0,15,02900598,5,774005428,0,0,11,47967237,0,0,5,969971046,7,98779465,18,5481727,0
ENST00000375551.7_ENSG00000126218.12,0,0,5,330973489,8,610668618,22,54350897,5,774005428,5,79868138,0,5,739836185,13,93689375,6,129441547,5,969971046,15,9755893,0,0
ENST00000375559.8_ENSG00000126218.12,0,59,66072932,90,62654931,51,66401171,112,7175449,51,96604885,46,38945104,48,31478046,97,57721515,125,4320437,61,29441547,23,87988418,79,8779465,49,46179386,0
ENST00000375782.2_ENSG00000162460.7,74,95465244,53,03175939,95,9575228,51,66401171,75,14502991,34,64403257,40,59076966,28,98886827,86,09754278,69,68446873,73,55329856,71,63965255,63,9023572,61,82724232,0
ENST00000375980.9_ENSG00000142634.13,0,26,5158797,26,65486745,8,610668618,7,514502991,17,32201628,5,79868138,9,662956092,11,47967237,27,87378749,18,38832464,23,87988418,0,12,36544846,0
ENST00000376279.7_ENSG00000175198.17,0,0,10,66194698,0,0,5,774005428,11,59736276,0,5,739836185,0,0,5,969971046,0,0,179,7591228
ENST00000376285.6_ENSG00000175198.17,0,33,14484962,53,30973489,25,83200586,37,57251495,57,74005428,52,18813242,48,31478046,28,69918093,55,74757498,61,29441547,35,81982627,63,9023572,37,09634539,0
ENST00000376395.9_ENSG00000135018.14,0,19,88690977,0,8,610668618,22,54350897,5,774005428,5,79868138,0,17,21950856,27,87378749,18,38832464,11,93994209,47,9267679,6,182724232,0
ENST00000376436.5_ENSG00000130684.14,29,98186097,0,5,330973489,0,0,5,774005428,5,79868138,0,0,27,87378749,12,25888309,0,7,98779465,0,0
ENST00000376840.8_ENSG00000204634.13,0,6,628969924,0,0,7,514502991,0,0,0,0,0,0,0,7,98779465,0,0
ENST00000376926.8_ENSG00000006062.18,0,13,25793985,10,66194698,0,7,514502991,0,5,79868138,0,0,0,0,0,0,0,0
ENST00000376936.9_ENSG00000171824.14,14,99093049,0,15,99292047,17,22133724,7,514502991,0,17,39604414,19,32591218,17,21950856,13,93689375,12,25888309,5,969971046,7,98779465,6,182724232,0
ENST00000377211.8_ENSG00000136160.17,14,99093049,59,66072932,0,43,05334309,30,05801196,63,5140597,17,39604414,19,32591218,63,13819804,41,81068124,30,64720773,29,84985523,47,9267679,61,82724232,0
ENST00000377452.4_ENSG00000125821.13,0,19,88690977,21,32389396,8,610668618,30,05801196,11,54801086,5,79868138,9,662956092,0,13,93689375,0,23,87988418,7,98779465,24,73089693,0
ENST00000377602.5_ENSG00000148488.17,0,0,0,0,7,514502991,5,774005428,0,0,0,0,0,5,969971046,0,0,0
ENST00000378567.8_ENSG00000067606.17,14,99093049,6,628969924,10,66194698,0,7,514502991,11,54801086,17,39604414,9,662956092,5,739836185,41,81068124,24,51776619,29,84985523,15,9755893,12,36544846,0
ENST00000378723.7_ENSG00000198947.18,14,99093049,53,03175939,26,65486745,51,66401171,37,57251495,17,32201628,63,78549518,19,32591218,57,39836185,0,36,77664928,41,78979732,7,98779465,30,91362116,0
ENST00000378945.7_ENSG00000198814.14,0,13,25793985,0,8,610668618,7,514502991,0,5,79868138,0,5,739836185,0,18,38832464,0,7,98779465,12,36544846,0
ENST00000378953.8_ENSG00000197536.11,0,6,628969924,0,8,610668618,7,514502991,17,32201628,23,19472552,0,5,739836185,0,6,129441547,17,90991314,0,12,36544846,0
ENST00000378980.8_ENSG00000122756.15,29,98186097,19,88690977,15,99292047,8,610668618,7,514502991,11,54801086,17,39604414,0,17,21950856,13,93689375,42,90609083,5,969971046,23,96338395,6,182724232,0
ENST00000379056.5_ENSG00000133112.17,0,39,77381955,5,330973489,8,610668618,30,05801196,11,54801086,23,19472552,9,662956092,11,47967237,27,87378749,18,38832464,17,90991314,15,9755893,24,73089693,0
ENST00000379060.8_ENSG00000133112.17,0,72,91866917,26,65486745,68,88534895,67,63052692,51,96604885,86,9802207,19,32591218,22,95934474,167,2427249,36,77664928,95,51953673,15,9755893,49,46179386,0
ENST00000379214.9_ENSG00000205213.14,29,98186097,46,40278947,10,66194698,43,05334309,37,57251495,63,5140597,104,3762648,57,97773655,126,2763961,139,3689375,98,07106475,83,57959464,143,7803037,105,1063119,179,7591228
ENST00000379607.10_ENSG00000173674.11,0,26,5158797,5,330973489,43,05334309,45,08701794,23,09602171,11,59736276,19,32591218,17,21950856,41,81068124,42,90609083,47,75976837,47,9267679,24,73089693,0
ENST00000379671.7_ENSG00000134986.14,14,99093049,46,40278947,31,98584093,25,83200586,37,57251495,11,54801086,46,38945104,19,32591218,34,43901711,27,87378749,12,25888309,5,969971046,15,9755893,30,91362116,0
ENST00000379731.5_ENSG00000086062.13,74,95465244,66,28969924,79,96460234,25,83200586,60,11602393,51,96604885,57,9868138,67,64069264,51,65852567,69,68446873,73,55329856,83,57959464,103,8413304,49,46179386,0
ENST00000379942.5_ENSG00000044446.12,29,98186097,13,25793985,58,64070838,8,610668618,52,60152094,11,54801086,34,79208828,19,32591218,28,69918093,0,36,77664928,23,87988418,79,8779465,24,73089693,0
ENST00000380324.8_ENSG00000140455.17,0,19,88690977,10,66194698,8,610668618,7,514502991,5,774005428,0,9,662956092,11,47967237,0,24,51776619,11,93994209,31,9511786,6,182724232,0
ENST00000380454.8_ENSG00000124588.22,0,13,25793985,5,330973489,17,22133724,0,0,5,79868138,0,0,13,93689375,18,38832464,0,0,0,0
ENST00000380455.11_ENSG00000124588.22,0,79,54763909,21,32389396,94,7173548,22,54350897,69,28806513,34,79208828,19,32591218,91,83737896,27,87378749,85,81218165,17,90991314,47,9267679,43,27906962,0
ENST00000381154.6_ENSG00000006756.16,104,9365134,39,77381955,154,5982312,17,22133724,60,11602393,63,5140597,98,57758346,38,65182437,97,57721515,69,68446873,49,03553237,71,63965255,87,86574115,49,46179386,0
ENST00000381317.9_ENSG00000169093.16,0,6,628969924,37,31681442,8,610668618,7,514502991,0,5,79868138,0,0,13,93689375,12,25888309,0,15,9755893,0,0
ENST00000381317.9_PAR_Y_ENSG00000169093.16-PAR-Y,0,6,628969924,5,330973489,17,22133724,15,02900598,0,17,39604414,0,11,47967237,0,36,77664928,5,969971046,0,6,182724232,0
ENST00000381473.7_ENSG00000109180.15,0,6,628969924,0,17,22133724,15,02900598,28,87002714,17,39604414,0,28,69918093,0,18,38832464,11,93994209,7,98779465,6,182724232,0
ENST00000381937.9_ENSG00000152620.13,0,19,88690977,0,34,44267447,7,514502991,34,64403257,23,19472552,9,662956092,5,739836185,27,87378749,42,90609083,11,93994209,47,9267679,30,91362116,0
ENST00000382592.5_ENSG00000150457.9,14,99093049,6,628969924,10,66194698,0,0,0,5,79868138,9,662956092,0,0,0,11,93994209,15,9755893,6,182724232,0
ENST00000382952.8_ENSG00000159692.16,44,97279146,53,03175939,37,31681442,0,30,05801196,28,87002714,28,9934069,77,30364873,40,1788533,13,93689375,42,90609083,53,72973941,63,9023572,30,91362116,0
ENST00000383791.8_ENSG00000131370.16,0,19,88690977,0,8,610668618,0,11,54801086,23,19472552,9,662956092,11,47967237,27,87378749,6,129441547,5,969971046,31,9511786,12,36544846,0
ENST00000392066.7_ENSG00000123983.15,0,6,628969924,0,17,22133724,7,514502991,5,774005428,17,39604414,0,0,0,0,0,15,9755893,0,0
ENST00000392185.8_ENSG00000130340.17,44,97279146,13,25793985,5,330973489,34,44267447,45,08701794,63,5140597,57,9868138,57,97773655,51,65852567,41,81068124,36,77664928,71,63965255,55,91456255,68,00996655,0
ENST00000392210.6_ENSG00000173457.11,0,0,5,330973489,0,0,0,0,0,0,0,18,38832464,5,969971046,0,0,0
ENST00000392749.7_ENSG00000136560.14,0,13,25793985,5,330973489,43,05334309,22,54350897,57,74005428,57,9868138,28,98886827,28,69918093,13,93689375,18,38832464,29,84985523,31,9511786,92,74086348,0
ENST00000393056.8_ENSG00000123454.12,0,0,0,0,0,34,64403257,11,59736276,9,662956092,17,21950856,0,0,35,81982627,0,24,73089693,0
ENST00000393107.2_ENSG00000115107.20,0,13,25793985,0,0,7,514502991,5,774005428,5,79868138,0,0,27,87378749,6,129441547,0,0,6,182724232,0
ENST00000393110.7_ENSG00000115107.20,0,0,5,330973489,17,22133724,0,0,0,9,662956092,11,47967237,13,93689375,6,129441547,5,969971046,7,98779465,12,36544846,0
ENST00000393434.7_ENSG00000144908.14,0,33,14484962,63,97168187,94,7173548,60,11602393,28,87002714,63,78549518,28,98886827,68,87803422,0,73,55329856,29,84985523,95,8535358,12,36544846,0
ENST00000393451.7_ENSG00000004866.22,0,13,25793985,0,8,610668618,0,11,54801086,0,0,0,13,93689375,0,11,93994209,0,6,182724232,0
ENST00000393609.8_ENSG00000186635.15,0,19,88690977,5,330973489,8,610668618,7,514502991,0,5,79868138,0,5,739836185,41,81068124,6,129441547,0,0,0,0
ENST00000393913.8_ENSG00000115363.14,0,6,628969924,0,8,610668618,15,02900598,17,32201628,17,39604414,9,662956092,5,739836185,13,93689375,24,51776619,0,23,96338395,0,0
ENST00000394081.7_ENSG00000131759.18,0,0,5,330973489,8,610668618,0,11,54801086,0,0,0,0,0,0,0,0,0
ENST00000394089.6_ENSG00000131759.18,0,0,0,0,7,514502991,5,774005428,5,79868138,9,662956092,0,0,6,129441547,0,7,98779465,6,182724232,0
ENST00000394166.8_ENSG00000185551.15,0,46,40278947,10,66194698,51,66401171,15,02900598,28,87002714,46,38945104,28,98886827,28,69918093,27,87378749,30,64720773,35,81982627,47,9267679,61,82724232,0
ENST00000394313.7_ENSG00000161642.18,14,99093049,6,628969924,0,8,610668618,0,11,54801086,5,79868138,19,32591218,5,739836185,0,12,25888309,5,969971046,15,9755893,24,73089693,0
ENST00000394801.8_ENSG00000109332.20,0,0,0,8,610668618,0,0,5,79868138,9,662956092,11,47967237,0,6,129441547,0,7,98779465,6,182724232,0
ENST00000394803.9_ENSG00000109332.20,0,0,0,17,22133724,0,5,774005428,5,79868138,9,662956092,11,47967237,13,93689375,6,129441547,0,0,6,182724232,0
ENST00000394829.6_ENSG00000107758.16,0,13,25793985,0,0,0,0,0,0,5,739836185,0,0,0,0,0,0
ENST00000394874.1_ENSG00000171132.14,0,6,628969924,0,0,7,514502991,0,5,79868138,9,662956092,11,47967237,0,0,5,969971046,15,9755893,0,0
ENST00000395797.1_ENSG00000169740.14,0,0,5,330973489,8,610668618,0,0,0,0,11,47967237,13,93689375,0,0,0,6,182724232,0
ENST00000395807.2_ENSG00000133030.22,0,0,10,66194698,0,0,5,774005428,0,0,5,739836185,0,6,129441547,0,0,0,0
ENST00000395905.8_ENSG00000163827.14,14,99093049,0,0,0,0,5,774005428,5,79868138,9,662956092,11,47967237,0,18,38832464,0,7,98779465,12,36544846,0
ENST00000396032.8_ENSG00000101126.18,0,19,88690977,0,17,22133724,0,0,0,0,5,739836185,0,6,129441547,5,969971046,0,18,5481727,0
ENST00000396153.7_ENSG00000185104.21,0,33,14484962,21,32389396,25,83200586,22,54350897,5,774005428,28,9934069,9,662956092,22,95934474,0,12,25888309,23,87988418,23,96338395,18,5481727,179,7591228
ENST00000396172.6_ENSG00000254870.5,0,13,25793985,5,330973489,8,610668618,0,11,54801086,11,59736276,0,0,0,0,0,15,9755893,0,0
ENST00000396276.7_ENSG00000106066.15,0,13,25793985,10,66194698,8,610668618,7,514502991,5,774005428,5,79868138,9,662956092,5,739836185,0,24,51776619,0,15,9755893,18,5481727,0
ENST00000396319.7_ENSG00000106052.14,0,0,0,0,0,17,32201628,0,0,0,0,0,5,969971046,7,98779465,0,0
ENST00000396396.6_ENSG00000154330.13,0,6,628969924,15,99292047,8,610668618,0,28,87002714,5,79868138,0,0,0,6,129441547,5,969971046,7,98779465,18,5481727,0
ENST00000396842.7_ENSG00000144597.14,0,13,25793985,0,8,610668618,15,02900598,5,774005428,17,39604414,9,662956092,5,739836185,0,18,38832464,11,93994209,23,96338395,0,0
ENST00000396857.7_ENSG00000104814.13,0,26,5158797,0,0,0,11,54801086,0,0,0,0,0,5,969971046,15,9755893,0,0
ENST00000396987.7_ENSG00000158669.11,0,0,5,330973489,25,83200586,15,02900598,0,5,79868138,0,11,47967237,0,12,25888309,0,0,6,182724232,0
ENST00000397075.7_ENSG00000157326.19,0,0,0,0,0,5,774005428,0,0,0,0,0,11,93994209,0,12,36544846,0
ENST00000397192.5_ENSG00000157212.19,14,99093049,6,628969924,0,0,15,02900598,0,11,59736276,28,98886827,17,21950856,0,18,38832464,0,15,9755893,6,182724232,0
ENST00000397298.8_ENSG00000214026.11,29,98186097,86,17660902,154,5982312,103,3280234,52,60152094,92,38408684,69,58417656,28,98886827,45,91868948,55,74757498,91,9416232,47,75976837,39,93897325,111,2890362,0
ENST00000397323.9_ENSG00000157110.16,0,6,628969924,0,0,0,5,774005428,5,79868138,0,5,739836185,0,6,129441547,0,0,6,182724232,0
ENST00000397394.8_ENSG00000133424.22,0,0,10,66194698,0,15,02900598,0,17,39604414,9,662956092,11,47967237,27,87378749,12,25888309,0,15,9755893,0,0
ENST00000397588.8_ENSG00000153046.18,0,6,628969924,0,0,7,514502991,5,774005428,0,0,11,47967237,27,87378749,0,0,0,0,0
ENST00000397743.1_ENSG00000160282.15,0,0,5,330973489,0,7,514502991,0,0,0,11,47967237,0,0,5,969971046,0,0,0
ENST00000397746.8_ENSG00000160282.15,14,99093049,218,7560075,133,2743372,275,5413958,90,17403589,242,508228,260,9406621,28,98886827,189,4145941,97,55825622,183,8832464,131,339363,111,8291251,86,55813925,0
ENST00000398174.9_ENSG00000101294.18,0,0,5,330973489,0,7,514502991,5,774005428,5,79868138,0,5,739836185,0,6,129441547,5,969971046,7,98779465,0,0
ENST00000398275.5_ENSG00000214401.5,0,0,53,30973489,51,66401171,37,57251495,11,54801086,5,79868138,38,65182437,28,69918093,13,93689375,49,03553237,35,81982627,39,93897325,61,82724232,0
ENST00000398805.8_ENSG00000119471.15,0,33,14484962,10,66194698,60,27468033,45,08701794,11,54801086,23,19472552,38,65182437,51,65852567,41,81068124,73,55329856,23,87988418,79,8779465,43,27906962,0
ENST00000398806.8_ENSG00000056998.20,44,97279146,13,25793985,37,31681442,8,610668618,22,54350897,0,23,19472552,0,22,95934474,13,93689375,24,51776619,0,23,96338395,24,73089693,0
ENST00000399079.7_ENSG00000179344.17,0,0,10,66194698,0,22,54350897,0,5,79868138,19,32591218,11,47967237,13,93689375,6,129441547,17,90991314,0,6,182724232,0
ENST00000399133.2_ENSG00000184436.12,89,94558292,53,03175939,47,9787614,25,83200586,7,514502991,28,87002714,28,9934069,28,98886827,34,43901711,0,18,38832464,23,87988418,15,9755893,12,36544846,0
ENST00000399540.2_ENSG00000215067.11,0,6,628969924,5,330973489,0,15,02900598,5,774005428,0,0,0,0,0,0,7,98779465,6,182724232,0
ENST00000399793.6_ENSG00000154153.15,29,98186097,6,628969924,47,9787614,25,83200586,7,514502991,11,54801086,28,9934069,9,662956092,28,69918093,13,93689375,24,51776619,47,75976837,39,93897325,30,91362116,0
ENST00000399921.5_ENSG00000156273.16,14,99093049,19,88690977,10,66194698,34,44267447,15,02900598,5,774005428,34,79208828,9,662956092,17,21950856,13,93689375,24,51776619,17,90991314,15,9755893,12,36544846,0
ENST00000400555.7_ENSG00000154845.16,44,97279146,0,10,66194698,0,15,02900598,28,87002714,5,79868138,9,662956092,11,47967237,27,87378749,24,51776619,11,93994209,15,9755893,24,73089693,0
ENST00000400566.6_ENSG00000155307.19,0,33,14484962,0,17,22133724,22,54350897,5,774005428,17,39604414,9,662956092,22,95934474,0,6,129441547,5,969971046,7,98779465,24,73089693,0
ENST00000400798.6_ENSG00000189337.17,29,98186097,13,25793985,5,330973489,0,0,5,774005428,0,9,662956092,5,739836185,13,93689375,0,11,93994209,0,24,73089693,0
ENST00000403665.7_ENSG00000088926.14,0,19,88690977,10,66194698,25,83200586,7,514502991,17,32201628,17,39604414,57,97773655,34,43901711,27,87378749,0,17,90991314,0,18,5481727,0
ENST00000403766.8_ENSG00000134882.16,29,98186097,26,5158797,74,63362885,43,05334309,22,54350897,40,41803799,28,9934069,9,662956092,17,21950856,13,93689375,24,51776619,41,78979732,15,9755893,37,09634539,0
ENST00000404484.9_ENSG00000140416.23,0,19,88690977,5,330973489,43,05334309,0,23,09602171,11,59736276,0,17,21950856,13,93689375,6,129441547,0,7,98779465,6,182724232,0
ENST00000405303.7_ENSG00000169762.17,14,99093049,6,628969924,5,330973489,8,610668618,30,05801196,11,54801086,0,9,662956092,0,13,93689375,0,11,93994209,15,9755893,12,36544846,0
ENST00000405315.9_ENSG00000104805.16,0,59,66072932,53,30973489,51,66401171,15,02900598,46,19204342,57,9868138,86,96660482,5,739836185,69,68446873,49,03553237,5,969971046,47,9267679,37,09634539,0
ENST00000406595.5_ENSG00000055955.17,0,198,8690977,229,23186,292,762733,338,1526346,207,8641954,191,3564855,328,5405071,286,9918093,292,6747686,275,8248696,173,1291603,135,792509,290,5880389,719,0364911
ENST00000407010.7_ENSG00000214960.11,0,0,0,8,610668618,0,0,0,0,17,21950856,0,0,0,0,0,0
ENST00000409208.5_ENSG00000137166.17,14,99093049,0,5,330973489,8,610668618,0,0,0,0,0,13,93689375,0,0,0,0,0
ENST00000409225.2_ENSG00000115561.16,14,99093049,13,25793985,15,99292047,8,610668618,7,514502991,17,32201628,0,28,98886827,11,47967237,0,0,0,23,96338395,18,5481727,0
ENST00000409306.5_ENSG00000126218.12,0,6,628969924,10,66194698,25,83200586,30,05801196,17,32201628,23,19472552,9,662956092,17,21950856,0,6,129441547,11,93994209,23,96338395,24,73089693,0
ENST00000409329.5_ENSG00000115594.12,0,0,0,0,0,0,0,9,662956092,5,739836185,0,6,129441547,0,7,98779465,0,0
ENST00000409600.6_ENSG00000082153.18,0,79,54763909,5,330973489,60,27468033,30,05801196,40,41803799,17,39604414,48,31478046,34,43901711,55,74757498,30,64720773,29,84985523,31,9511786,24,73089693,0
ENST00000409905.1_ENSG00000222001.2,0,0,5,330973489,8,610668618,0,0,0,0,5,739836185,27,87378749,12,25888309,5,969971046,7,98779465,12,36544846,0
ENST00000410023.6_ENSG00000115594.12,14,99093049,33,14484962,10,66194698,17,22133724,15,02900598,51,96604885,57,9868138,96,62956092,51,65852567,13,93689375,42,90609083,29,84985523,55,91456255,74,19269078,0
ENST00000412224.6_ENSG00000186615.12,0,0,5,330973489,8,610668618,0,0,0,0,0,0,0,0,0,6,182724232,0
ENST00000413077.2_ENSG00000234327.9,0,0,5,330973489,0,0,5,774005428,0,0,5,739836185,0,0,23,87988418,0,6,182724232,0
ENST00000413761.7_ENSG00000236287.8,14,99093049,6,628969924,0,8,610668618,22,54350897,11,54801086,11,59736276,19,32591218,11,47967237,0,12,25888309,0,0,12,36544846,0
ENST00000415067.2_ENSG00000204261.9,0,6,628969924,0,8,610668618,0,0,11,59736276,0,5,739836185,0,0,0,0,0,0
ENST00000415691.2_ENSG00000101076.19,0,0,5,330973489,8,610668618,0,0,0,9,662956092,5,739836185,0,0,0,0,0,0
ENST00000415912.6_ENSG00000117298.16,89,94558292,19,88690977,69,30265536,51,66401171,45,08701794,34,64403257,57,9868138,115,9554731,51,65852567,27,87378749,55,16497392,17,90991314,31,9511786,43,27906962,0
ENST00000415913.5_ENSG00000138413.14,0,0,5,330973489,17,22133724,0,0,0,9,662956092,11,47967237,0,6,129441547,0,15,9755893,6,182724232,0
ENST00000416263.3_ENSG00000229980.5,0,0,0,0,0,0,5,79868138,0,11,47967237,0,0,0,7,98779465,6,182724232,0
ENST00000416348.1_ENSG00000148671.14,14,99093049,0,15,99292047,8,610668618,0,0,11,59736276,0,0,0,0,5,969971046,7,98779465,0,0
ENST00000416869.2_ENSG00000238142.3,0,13,25793985,0,8,610668618,0,0,5,79868138,0,0,0,0,5,969971046,0,6,182724232,0
ENST00000416970.5_ENSG00000233016.8,0,33,14484962,5,330973489,0,0,5,774005428,0,9,662956092,11,47967237,0,0,5,969971046,7,98779465,12,36544846,0
ENST00000417401.2_ENSG00000224093.6,0,6,628969924,0,8,610668618,0,0,0,0,5,739836185,0,18,38832464,5,969971046,7,98779465,6,182724232,0
ENST00000417897.2_ENSG00000233223.4,0,6,628969924,10,66194698,0,0,0,5,79868138,0,0,13,93689375,0,0,0,0,0
ENST00000418476.2_ENSG00000140553.18,0,0,31,98584093,17,22133724,30,05801196,11,54801086,5,79868138,9,662956092,11,47967237,13,93689375,30,64720773,29,84985523,31,9511786,24,73089693,0
ENST00000418819.5_ENSG00000123562.18,0,0,0,0,0,0,0,0,5,739836185,0,6,129441547,0,0,0,0
ENST00000418949.6_ENSG00000166278.15,0,19,88690977,15,99292047,25,83200586,7,514502991,23,09602171,5,79868138,57,97773655,40,1788533,55,74757498,24,51776619,35,81982627,0,6,182724232,0
ENST00000418996.5_ENSG00000114956.20,0,6,628969924,5,330973489,0,7,514502991,5,774005428,11,59736276,9,662956092,0,0,0,0,23,96338395,12,36544846,0
ENST00000419199.1_ENSG00000225083.2,0,0,0,8,610668618,0,5,774005428,0,9,662956092,0,0,0,0,0,0,0
ENST00000420367.2_ENSG00000203497.3,0,6,628969924,5,330973489,0,0,5,774005428,5,79868138,0,11,47967237,0,0,0,15,9755893,0,0
ENST00000420850.2_ENSG00000223797.7,0,33,14484962,37,31681442,25,83200586,15,02900598,11,54801086,11,59736276,0,5,739836185,13,93689375,18,38832464,23,87988418,0,6,182724232,0
ENST00000422124.1_ENSG00000238142.3,0,0,31,98584093,0,30,05801196,5,774005428,0,0,0,27,87378749,0,17,90991314,7,98779465,12,36544846,0
ENST00000422660.6_ENSG00000136104.21,14,99093049,6,628969924,0,17,22133724,0,5,774005428,0,0,5,739836185,0,0,11,93994209,0,0,0
ENST00000423241.6_ENSG00000003402.21,0,0,10,66194698,0,0,5,774005428,0,9,662956092,0,0,6,129441547,5,969971046,0,0,0
ENST00000424383.5_ENSG00000225968.8,0,0,0,0,7,514502991,5,774005428,0,0,0,55,74757498,12,25888309,11,93994209,7,98779465,0,0
ENST00000424649.6_ENSG00000089159.17,14,99093049,26,5158797,21,32389396,51,66401171,30,05801196,17,32201628,28,9934069,38,65182437,11,47967237,0,24,51776619,41,78979732,39,93897325,18,5481727,0
ENST00000425081.3_ENSG00000236618.3,14,99093049,0,21,32389396,0,7,514502991,17,32201628,5,79868138,19,32591218,11,47967237,13,93689375,0,5,969971046,0,24,73089693,0
ENST00000425110.1_ENSG00000223991.1,14,99093049,6,628969924,5,330973489,17,22133724,15,02900598,0,23,19472552,9,662956092,11,47967237,0,6,129441547,17,90991314,31,9511786,12,36544846,0
ENST00000425112.2_ENSG00000235954.8,0,0,0,8,610668618,0,5,774005428,11,59736276,0,5,739836185,0,6,129441547,5,969971046,0,0,0
ENST00000425189.1_ENSG00000225756.1,14,99093049,6,628969924,5,330973489,17,22133724,7,514502991,11,54801086,5,79868138,0,22,95934474,0,0,5,969971046,7,98779465,0,0
ENST00000425642.3_ENSG00000171130.19,89,94558292,66,28969924,170,5911517,68,88534895,67,63052692,63,5140597,81,18153932,57,97773655,86,09754278,97,55825622,73,55329856,65,6696815,127,8047144,49,46179386,0
ENST00000425690.8_ENSG00000073008.15,0,6,628969924,0,8,610668618,0,0,5,79868138,0,0,0,0,11,93994209,7,98779465,6,182724232,0
ENST00000426270.5_ENSG00000233554.6,0,6,628969924,5,330973489,0,0,0,5,79868138,0,0,0,0,0,0,6,182724232,0
ENST00000426523.5_ENSG00000186635.15,29,98186097,53,03175939,21,32389396,8,610668618,15,02900598,5,774005428,17,39604414,38,65182437,22,95934474,27,87378749,36,77664928,11,93994209,23,96338395,30,91362116,0
ENST00000427093.5_ENSG00000227695.6,0,0,0,8,610668618,0,11,54801086,0,0,11,47967237,0,6,129441547,0,0,0,0
ENST00000428956.7_ENSG00000244731.8,0,6,628969924,0,8,610668618,142,7755568,28,87002714,28,9934069,0,5,739836185,0,24,51776619,0,0,0,0
ENST00000429319.1_ENSG00000224846.3,0,13,25793985,0,0,0,0,0,0,0,0,0,17,90991314,0,6,182724232,0
ENST00000429350.5_ENSG00000227117.6,14,99093049,0,37,31681442,0,0,5,774005428,28,9934069,0,28,69918093,27,87378749,6,129441547,5,969971046,0,0,0
ENST00000429600.2_ENSG00000204261.9,14,99093049,6,628969924,15,99292047,0,7,514502991,0,0,9,662956092,0,0,6,129441547,0,0,0,0
ENST00000429962.2_ENSG00000230513.3,0,6,628969924,5,330973489,0,0,0,0,0,0,13,93689375,6,129441547,0,0,6,182724232,0
ENST00000429989.7_ENSG00000108219.15,0,13,25793985,0,0,0,0,5,79868138,19,32591218,0,0,6,129441547,0,15,9755893,0,0
ENST00000431361.1_ENSG00000229873.1,0,0,0,0,0,0,0,0,0,0,6,129441547,5,969971046,0,6,182724232,0
ENST00000432226.7_ENSG00000148180.21,0,6,628969924,0,0,22,54350897,11,54801086,0,9,662956092,11,47967237,0,24,51776619,0,0,0,0
ENST00000432493.5_ENSG00000088727.14,0,6,628969924,0,17,22133724,0,11,54801086,11,59736276,9,662956092,5,739836185,13,93689375,0,0,7,98779465,24,73089693,0
ENST00000432829.7_ENSG00000107099.18,0,26,5158797,5,330973489,8,610668618,15,02900598,5,774005428,11,59736276,9,662956092,11,47967237,27,87378749,6,129441547,5,969971046,15,9755893,18,5481727,0
ENST00000433005.1_ENSG00000237773.8,14,99093049,13,25793985,5,330973489,0,0,5,774005428,0,0,0,13,93689375,0,17,90991314,0,0,0
ENST00000433176.6_ENSG00000123562.18,0,0,0,8,610668618,7,514502991,17,32201628,5,79868138,0,0,0,0,0,0,0,0
ENST00000434550.2_ENSG00000164161.10,0,6,628969924,0,0,0,0,5,79868138,0,5,739836185,0,6,129441547,11,93994209,0,0,0
ENST00000434651.7_ENSG00000179344.17,0,225,3849774,42,64778791,43,05334309,82,6595329,127,0281194,52,18813242,48,31478046,45,91868948,111,49515,67,42385701,83,57959464,23,96338395,92,74086348,0
ENST00000435296.2_ENSG00000135245.10,14,99093049,0,5,330973489,8,610668618,7,514502991,0,0,0,0,13,93689375,12,25888309,0,0,0,0
ENST00000435363.7_ENSG00000224389.9,0,159,0952782,42,64778791,215,2667155,90,17403589,63,5140597,162,3630786,338,2034632,212,3739388,97,55825622,55,16497392,41,78979732,95,8535358,18,5481727,0
ENST00000436357.5_ENSG00000142182.9,0,6,628969924,21,32389396,8,610668618,7,514502991,5,774005428,11,59736276,0,22,95934474,13,93689375,18,38832464,11,93994209,0,6,182724232,0
ENST00000436612.5_ENSG00000167920.11,0,0,10,66194698,0,7,514502991,5,774005428,0,0,0,0,0,0,7,98779465,0,0
ENST00000436784.7_ENSG00000168237.18,0,0,5,330973489,25,83200586,0,0,0,0,0,0,0,0,0,0,0
ENST00000437176.5_ENSG00000140044.13,14,99093049,0,0,8,610668618,7,514502991,11,54801086,11,59736276,19,32591218,17,21950856,13,93689375,18,38832464,5,969971046,7,98779465,18,5481727,179,7591228
ENST00000437713.7_ENSG00000235954.8,14,99093049,6,628969924,0,8,610668618,7,514502991,11,54801086,5,79868138,0,5,739836185,0,12,25888309,5,969971046,7,98779465,6,182724232,0
ENST00000437964.5_ENSG00000230487.9,0,6,628969924,10,66194698,0,0,5,774005428,0,0,0,0,6,129441547,0,0,0,0
ENST00000438666.7_ENSG00000133104.14,0,6,628969924,0,8,610668618,22,54350897,17,32201628,11,59736276,0,11,47967237,41,81068124,12,25888309,29,84985523,23,96338395,6,182724232,0
ENST00000439329.5_ENSG00000080618.17,0,33,14484962,10,66194698,0,0,5,774005428,11,59736276,9,662956092,34,43901711,0,24,51776619,0,0,12,36544846,0
ENST00000440234.6_ENSG00000132819.17,0,0,0,8,610668618,7,514502991,11,54801086,5,79868138,0,0,0,0,0,0,0,0
ENST00000440574.2_ENSG00000231908.2,0,19,88690977,0,0,0,0,11,59736276,9,662956092,0,0,0,0,0,0,0
ENST00000441076.7_ENSG00000123562.18,0,6,628969924,5,330973489,17,22133724,0,11,54801086,5,79868138,9,662956092,0,13,93689375,0,5,969971046,0,6,182724232,0
ENST00000442119.7_ENSG00000234608.9,0,0,5,330973489,17,22133724,15,02900598,5,774005428,0,0,5,739836185,27,87378749,0,0,0,0,0
ENST00000442278.6_ENSG00000166278.15,0,0,21,32389396,0,0,28,87002714,5,79868138,19,32591218,5,739836185,27,87378749,0,11,93994209,0,6,182724232,0
ENST00000442785.1_ENSG00000232010.1,0,0,5,330973489,8,610668618,0,0,0,0,5,739836185,0,0,0,0,0,0
ENST00000443314.5_ENSG00000115365.12,0,33,14484962,15,99292047,8,610668618,22,54350897,23,09602171,5,79868138,0,17,21950856,0,36,77664928,5,969971046,7,98779465,6,182724232,0
ENST00000443819.5_ENSG00000171469.11,0,6,628969924,0,8,610668618,0,5,774005428,5,79868138,0,0,0,0,11,93994209,7,98779465,0,0
ENST00000443997.1_ENSG00000267532.5,14,99093049,0,0,0,0,0,0,9,662956092,11,47967237,13,93689375,18,38832464,0,0,0,0
ENST00000444035.6_ENSG00000186642.16,0,6,628969924,21,32389396,8,610668618,7,514502991,40,41803799,11,59736276,9,662956092,11,47967237,27,87378749,12,25888309,5,969971046,23,96338395,24,73089693,0
ENST00000444488.1_ENSG00000234076.1,0,33,14484962,5,330973489,8,610668618,0,11,54801086,17,39604414,0,5,739836185,69,68446873,12,25888309,5,969971046,7,98779465,6,182724232,0
ENST00000444663.6_ENSG00000227258.7,14,99093049,0,5,330973489,0,0,17,32201628,0,0,5,739836185,0,6,129441547,5,969971046,0,0,0
ENST00000444957.3_ENSG00000214022.12,0,19,88690977,0,8,610668618,0,5,774005428,23,19472552,28,98886827,11,47967237,13,93689375,0,0,0,12,36544846,0
ENST00000445272.6_ENSG00000227591.6,0,0,5,330973489,0,15,02900598,0,5,79868138,0,5,739836185,13,93689375,12,25888309,5,969971046,7,98779465,6,182724232,0
ENST00000446986.1_ENSG00000224281.5,0,6,628969924,5,330973489,8,610668618,15,02900598,0,0,0,0,13,93689375,0,0,7,98779465,0,0
ENST00000447388.8_ENSG00000066136.21,0,6,628969924,0,8,610668618,15,02900598,17,32201628,11,59736276,19,32591218,11,47967237,0,12,25888309,0,15,9755893,12,36544846,0
ENST00000447795.3_ENSG00000232671.7,0,6,628969924,15,99292047,0,0,5,774005428,0,0,0,0,0,5,969971046,0,6,182724232,0
ENST00000447982.7_ENSG00000231770.7,14,99093049,13,25793985,10,66194698,8,610668618,0,0,5,79868138,0,5,739836185,0,18,38832464,0,7,98779465,0,0
ENST00000448373.6_ENSG00000233527.10,0,0,5,330973489,0,0,5,774005428,5,79868138,0,5,739836185,0,0,0,0,0,0
ENST00000448629.7_ENSG00000224870.8,0,6,628969924,21,32389396,0,7,514502991,5,774005428,17,39604414,28,98886827,22,95934474,13,93689375,12,25888309,17,90991314,31,9511786,18,5481727,0
ENST00000449762.6_ENSG00000164830.19,0,6,628969924,0,0,0,0,0,0,0,0,0,0,7,98779465,6,182724232,0
ENST00000451368.1_ENSG00000225792.2,0,19,88690977,0,8,610668618,0,0,11,59736276,9,662956092,0,0,0,0,15,9755893,6,182724232,0
ENST00000451795.2_ENSG00000231663.2,0,0,0,0,0,0,0,0,11,47967237,0,0,0,0,6,182724232,0
ENST00000451914.2_ENSG00000223956.4,0,0,15,99292047,0,0,0,0,0,5,739836185,27,87378749,6,129441547,35,81982627,0,18,5481727,0
ENST00000452003.1_ENSG00000115363.14,0,39,77381955,0,34,44267447,30,05801196,23,09602171,46,38945104,9,662956092,34,43901711,0,42,90609083,17,90991314,47,9267679,0,0
ENST00000452463.5_ENSG00000182158.16,0,6,628969924,0,0,0,5,774005428,0,0,0,0,0,11,93994209,7,98779465,0,0
ENST00000452853.6_ENSG00000070087.15,0,13,25793985,0,0,7,514502991,0,5,79868138,0,0,0,6,129441547,5,969971046,0,12,36544846,0
ENST00000453426.2_ENSG00000204261.9,0,6,628969924,0,17,22133724,0,0,0,0,0,0,0,0,0,0,0
ENST00000453744.7_ENSG00000109332.20,0,59,66072932,26,65486745,34,44267447,15,02900598,46,19204342,5,79868138,48,31478046,22,95934474,13,93689375,12,25888309,23,87988418,23,96338395,12,36544846,0
ENST00000454219.2_ENSG00000228084.2,0,0,5,330973489,8,610668618,7,514502991,0,0,0,0,0,0,0,0,0,0
ENST00000454963.5_ENSG00000114302.16,0,0,0,8,610668618,0,0,0,0,0,0,0,5,969971046,0,6,182724232,0
ENST00000455220.6_ENSG00000137500.10,0,0,5,330973489,0,0,0,5,79868138,19,32591218,5,739836185,0,6,129441547,0,0,0,0
ENST00000455810.5_ENSG00000237943.8,0,0,0,0,0,5,774005428,0,0,0,0,0,0,0,12,36544846,0
ENST00000455976.6_ENSG00000128951.14,0,0,0,0,0,5,774005428,5,79868138,9,662956092,0,0,6,129441547,0,7,98779465,0,0
ENST00000455996.6_ENSG00000187824.9,0,0,15,99292047,8,610668618,7,514502991,0,5,79868138,0,11,47967237,0,18,38832464,11,93994209,7,98779465,0,0
ENST00000456721.3_ENSG00000228812.8,0,6,628969924,21,32389396,51,66401171,15,02900598,5,774005428,40,59076966,19,32591218,57,39836185,0,24,51776619,35,81982627,0,0,0
ENST00000457075.1_ENSG00000238142.3,0,0,15,99292047,0,7,514502991,0,0,9,662956092,0,27,87378749,6,129441547,5,969971046,0,0,0
ENST00000458624.1_ENSG00000244239.1,0,6,628969924,15,99292047,0,0,11,54801086,0,0,5,739836185,0,0,17,90991314,0,12,36544846,0
ENST00000458640.5_ENSG00000254870.5,0,13,25793985,5,330973489,25,83200586,15,02900598,23,09602171,5,79868138,19,32591218,22,95934474,0,30,64720773,11,93994209,15,9755893,0,0
ENST00000458659.3_ENSG00000102804.15,0,0,0,0,0,0,0,0,11,47967237,0,0,5,969971046,0,0,0
ENST00000460522.5_ENSG00000143353.12,0,13,25793985,0,17,22133724,22,54350897,11,54801086,28,9934069,0,28,69918093,13,93689375,18,38832464,5,969971046,7,98779465,0,0
ENST00000461311.1_ENSG00000171735.19,0,0,0,8,610668618,0,5,774005428,0,9,662956092,5,739836185,0,6,129441547,5,969971046,0,6,182724232,0
ENST00000461820.5_ENSG00000003402.21,0,6,628969924,10,66194698,0,7,514502991,5,774005428,0,9,662956092,11,47967237,0,6,129441547,0,0,6,182724232,0
ENST00000461943.1_ENSG00000244265.2,0,0,5,330973489,0,0,0,0,0,0,27,87378749,6,129441547,5,969971046,7,98779465,0,0
ENST00000462256.5_ENSG00000254870.5,29,98186097,13,25793985,10,66194698,8,610668618,30,05801196,0,5,79868138,38,65182437,17,21950856,27,87378749,12,25888309,17,90991314,31,9511786,6,182724232,179,7591228
ENST00000462745.5_ENSG00000196549.13,74,95465244,66,28969924,47,9787614,25,83200586,30,05801196,46,19204342,28,9934069,19,32591218,45,91868948,27,87378749,55,16497392,47,75976837,95,8535358,37,09634539,0
ENST00000465495.1_ENSG00000162461.8,0,0,10,66194698,0,0,0,5,79868138,0,0,0,6,129441547,0,23,96338395,12,36544846,0
ENST00000466846.5_ENSG00000159086.15,14,99093049,13,25793985,5,330973489,17,22133724,7,514502991,0,5,79868138,9,662956092,11,47967237,13,93689375,18,38832464,11,93994209,15,9755893,0,0
ENST00000466942.2_ENSG00000237149.5,0,6,628969924,0,17,22133724,0,0,0,0,5,739836185,0,0,0,0,0,0
ENST00000467087.7_ENSG00000109689.19,0,6,628969924,15,99292047,8,610668618,15,02900598,11,54801086,5,79868138,28,98886827,5,739836185,13,93689375,0,5,969971046,15,9755893,6,182724232,0
ENST00000467458.3_ENSG00000239911.3,0,13,25793985,0,0,15,02900598,0,5,79868138,0,17,21950856,13,93689375,24,51776619,11,93994209,31,9511786,0,0
ENST00000469584.5_ENSG00000163634.12,0,0,5,330973489,0,0,0,5,79868138,9,662956092,5,739836185,0,6,129441547,0,0,18,5481727,0
ENST00000470491.7_ENSG00000175061.19,0,0,10,66194698,8,610668618,0,5,774005428,0,9,662956092,0,13,93689375,12,25888309,0,23,96338395,6,182724232,0
ENST00000471136.5_ENSG00000090266.13,0,0,0,0,0,0,5,79868138,0,0,0,0,0,7,98779465,12,36544846,0
ENST00000471161.1_ENSG00000178826.11,0,13,25793985,0,0,0,5,774005428,17,39604414,0,5,739836185,0,6,129441547,0,0,0,0
ENST00000471229.7_ENSG00000102401.20,29,98186097,6,628969924,0,34,44267447,0,5,774005428,5,79868138,57,97773655,22,95934474,27,87378749,18,38832464,5,969971046,0,12,36544846,0
ENST00000473578.5_ENSG00000171735.19,0,33,14484962,58,64070838,8,610668618,30,05801196,57,74005428,46,38945104,19,32591218,45,91868948,13,93689375,12,25888309,89,54956568,55,91456255,30,91362116,179,7591228
ENST00000473583.1_ENSG00000168237.18,0,13,25793985,10,66194698,8,610668618,0,23,09602171,5,79868138,0,5,739836185,0,0,0,0,6,182724232,0
ENST00000474311.1_ENSG00000163608.15,0,6,628969924,10,66194698,8,610668618,0,0,0,9,662956092,0,0,0,0,7,98779465,0,0
ENST00000474484.1_ENSG00000240891.8,29,98186097,13,25793985,21,32389396,43,05334309,22,54350897,23,09602171,17,39604414,28,98886827,11,47967237,97,55825622,30,64720773,29,84985523,31,9511786,37,09634539,0
ENST00000475210.1_ENSG00000244038.11,0,0,5,330973489,0,0,0,0,0,0,0,6,129441547,0,7,98779465,0,0
ENST00000475947.7_ENSG00000175061.19,0,53,03175939,31,98584093,60,27468033,7,514502991,69,28806513,40,59076966,48,31478046,51,65852567,69,68446873,49,03553237,53,72973941,15,9755893,80,37541502,0
ENST00000475953.6_ENSG00000175061.19,14,99093049,0,0,0,0,5,774005428,0,0,5,739836185,0,0,0,0,12,36544846,0
ENST00000476163.5_ENSG00000171735.19,0,0,0,8,610668618,0,0,5,79868138,0,5,739836185,0,0,5,969971046,0,0,0
ENST00000476666.5_ENSG00000102786.15,0,0,0,0,0,0,0,0,0,0,6,129441547,5,969971046,7,98779465,6,182724232,0
ENST00000477180.1_ENSG00000163638.13,14,99093049,6,628969924,0,0,0,0,0,9,662956092,5,739836185,0,0,0,0,6,182724232,0
ENST00000477853.6_ENSG00000127463.16,0,26,5158797,26,65486745,25,83200586,7,514502991,17,32201628,23,19472552,9,662956092,11,47967237,0,18,38832464,0,15,9755893,0,0
ENST00000477931.5_ENSG00000087460.29,0,6,628969924,5,330973489,8,610668618,15,02900598,0,0,9,662956092,5,739836185,0,12,25888309,0,0,6,182724232,0
ENST00000478167.1_ENSG00000228812.8,0,0,0,0,15,02900598,5,774005428,0,0,0,0,12,25888309,0,7,98779465,6,182724232,0
ENST00000478808.3_ENSG00000256262.2,0,6,628969924,15,99292047,25,83200586,15,02900598,11,54801086,11,59736276,0,5,739836185,0,18,38832464,17,90991314,7,98779465,24,73089693,0
ENST00000479388.5_ENSG00000137171.15,0,6,628969924,0,0,0,0,0,0,0,0,12,25888309,0,0,6,182724232,0
ENST00000479646.1_ENSG00000285347.1,0,0,26,65486745,0,0,0,5,79868138,9,662956092,0,13,93689375,18,38832464,5,969971046,0,0,0
ENST00000479960.1_ENSG00000163399.16,0,0,0,0,15,02900598,0,0,0,0,0,0,0,0,0,0
ENST00000480683.2_ENSG00000156113.24,0,0,0,0,0,0,0,9,662956092,0,0,6,129441547,5,969971046,0,12,36544846,0
ENST00000480897.5_ENSG00000143740.15,29,98186097,13,25793985,0,8,610668618,7,514502991,5,774005428,0,0,0,0,6,129441547,11,93994209,0,0,0
ENST00000480975.5_ENSG00000087460.29,0,13,25793985,15,99292047,8,610668618,7,514502991,23,09602171,17,39604414,28,98886827,0,0,18,38832464,11,93994209,31,9511786,24,73089693,0
ENST00000481027.5_ENSG00000175061.19,0,6,628969924,10,66194698,8,610668618,0,11,54801086,0,0,5,739836185,13,93689375,0,5,969971046,0,6,182724232,0
ENST00000484704.5_ENSG00000204642.14,14,99093049,13,25793985,0,0,7,514502991,0,0,9,662956092,0,13,93689375,6,129441547,0,0,0,0
ENST00000484794.6_ENSG00000225484.7,0,6,628969924,0,0,0,0,0,0,5,739836185,0,0,5,969971046,7,98779465,6,182724232,0
ENST00000485303.6_ENSG00000177707.11,0,0,0,0,0,11,54801086,0,9,662956092,0,0,6,129441547,5,969971046,7,98779465,0,0
ENST00000485386.1_ENSG00000180953.11,14,99093049,6,628969924,5,330973489,17,22133724,0,11,54801086,11,59736276,19,32591218,11,47967237,0,6,129441547,11,93994209,0,12,36544846,0
ENST00000485816.5_ENSG00000055955.17,0,19,88690977,37,31681442,43,05334309,82,6595329,46,19204342,57,9868138,77,30364873,68,87803422,69,68446873,49,03553237,89,54956568,7,98779465,30,91362116,0
ENST00000486489.1_ENSG00000115363.14,0,6,628969924,0,0,7,514502991,0,0,0,0,0,6,129441547,0,0,6,182724232,0
ENST00000487078.5_ENSG00000084693.16,0,0,15,99292047,0,0,0,5,79868138,9,662956092,11,47967237,13,93689375,0,5,969971046,7,98779465,12,36544846,0
ENST00000488652.6_ENSG00000087460.29,0,13,25793985,0,17,22133724,0,0,0,0,0,0,0,5,969971046,0,0,0
ENST00000489096.5_ENSG00000240005.6,14,99093049,0,5,330973489,0,7,514502991,0,0,0,0,0,6,129441547,0,0,0,0
ENST00000489432.7_ENSG00000214022.12,29,98186097,6,628969924,15,99292047,0,0,0,17,39604414,0,11,47967237,0,0,0,0,0,0
ENST00000490569.6_ENSG00000156508.19,14,99093049,13,25793985,31,98584093,8,610668618,22,54350897,11,54801086,23,19472552,9,662956092,17,21950856,13,93689375,18,38832464,23,87988418,23,96338395,18,5481727,0
ENST00000491407.1_ENSG00000160813.7,14,99093049,6,628969924,10,66194698,0,7,514502991,0,0,0,5,739836185,0,0,0,0,0,179,7591228
ENST00000491663.5_ENSG00000055955.17,44,97279146,0,5,330973489,8,610668618,22,54350897,5,774005428,5,79868138,28,98886827,11,47967237,0,6,129441547,5,969971046,7,98779465,12,36544846,0
ENST00000491676.1_ENSG00000242522.1,0,0,5,330973489,0,22,54350897,11,54801086,5,79868138,0,0,0,6,129441547,17,90991314,0,0,0
ENST00000492130.1_ENSG00000081087.15,0,0,0,0,7,514502991,0,0,0,5,739836185,0,12,25888309,11,93994209,7,98779465,6,182724232,0
ENST00000492846.2_ENSG00000102081.16,14,99093049,0,0,17,22133724,0,5,774005428,0,0,0,0,0,0,0,0,0
ENST00000492933.5_ENSG00000163636.11,0,6,628969924,0,8,610668618,0,0,0,0,5,739836185,0,0,0,0,0,0
ENST00000492937.1_ENSG00000243926.3,0,6,628969924,15,99292047,17,22133724,7,514502991,5,774005428,0,9,662956092,0,0,0,17,90991314,7,98779465,12,36544846,0
ENST00000496972.6_ENSG00000138101.20,14,99093049,6,628969924,0,0,7,514502991,5,774005428,0,0,0,0,0,5,969971046,7,98779465,18,5481727,0
ENST00000498064.1_ENSG00000123562.18,0,13,25793985,0,0,15,02900598,23,09602171,5,79868138,28,98886827,17,21950856,13,93689375,18,38832464,0,31,9511786,0,0
ENST00000499247.3_ENSG00000141232.5,179,8911658,46,40278947,31,98584093,86,10668618,142,7755568,150,1241411,156,5643973,260,8998145,137,7560684,195,1165124,190,0126879,131,339363,127,8047144,241,126245,179,7591228
ENST00000499624.3_ENSG00000244879.9,0,6,628969924,5,330973489,8,610668618,0,0,0,0,0,0,0,5,969971046,0,0,0
ENST00000500949.6_ENSG00000247556.6,0,6,628969924,0,0,7,514502991,0,17,39604414,0,5,739836185,0,0,5,969971046,0,12,36544846,0
ENST00000501665.2_ENSG00000247556.6,0,0,5,330973489,8,610668618,7,514502991,5,774005428,5,79868138,0,11,47967237,0,0,11,93994209,0,0,0
ENST00000502322.5_ENSG00000164211.13,0,6,628969924,10,66194698,8,610668618,0,5,774005428,5,79868138,0,0,0,6,129441547,0,0,0,0
ENST00000503362.2_ENSG00000129128.13,0,33,14484962,5,330973489,43,05334309,0,17,32201628,17,39604414,9,662956092,0,27,87378749,36,77664928,0,7,98779465,18,5481727,0
ENST00000507305.5_ENSG00000288606.1,0,6,628969924,5,330973489,17,22133724,0,5,774005428,0,0,0,0,12,25888309,0,0,0,0
ENST00000507382.2_ENSG00000167105.8,0,0,10,66194698,0,15,02900598,5,774005428,5,79868138,9,662956092,0,0,12,25888309,5,969971046,0,6,182724232,0
ENST00000507678.5_ENSG00000129128.13,0,13,25793985,0,8,610668618,0,5,774005428,0,9,662956092,5,739836185,27,87378749,0,5,969971046,7,98779465,0,0
ENST00000507742.5_ENSG00000134986.14,0,0,0,0,0,0,0,0,5,739836185,0,6,129441547,5,969971046,0,0,0
ENST00000508269.2_ENSG00000248890.3,0,0,0,8,610668618,0,0,5,79868138,0,22,95934474,0,12,25888309,17,90991314,0,6,182724232,0
ENST00000508369.5_ENSG00000138640.15,0,6,628969924,0,8,610668618,0,0,0,0,5,739836185,0,6,129441547,0,0,0,0
ENST00000508517.2_ENSG00000249249.2,0,0,5,330973489,0,0,0,0,0,0,0,6,129441547,5,969971046,0,0,0
ENST00000508564.1_ENSG00000250742.5,0,0,0,0,7,514502991,5,774005428,0,0,0,0,6,129441547,0,7,98779465,0,0
ENST00000509252.2_ENSG00000248275.3,14,99093049,0,15,99292047,8,610668618,15,02900598,11,54801086,11,59736276,9,662956092,0,0,6,129441547,29,84985523,0,12,36544846,0
ENST00000509294.1_ENSG00000180104.16,14,99093049,0,0,0,7,514502991,0,0,0,5,739836185,0,0,0,7,98779465,6,182724232,0
ENST00000509887.5_ENSG00000164211.13,0,0,0,17,22133724,0,11,54801086,0,0,5,739836185,13,93689375,6,129441547,0,0,0,0
ENST00000511048.1_ENSG00000171604.12,0,0,0,0,7,514502991,0,0,0,0,0,6,129441547,0,0,6,182724232,0
ENST00000511361.1_ENSG00000250282.1,0,6,628969924,5,330973489,0,0,5,774005428,5,79868138,0,0,13,93689375,0,0,0,0,0
ENST00000513179.1_ENSG00000251580.3,0,0,5,330973489,0,7,514502991,0,5,79868138,0,0,0,0,5,969971046,0,6,182724232,0
ENST00000513185.3_ENSG00000174136.13,0,0,0,0,0,0,5,79868138,0,5,739836185,0,0,0,0,12,36544846,0
ENST00000513560.7_ENSG00000248092.8,0,0,0,0,7,514502991,0,0,0,0,0,0,0,7,98779465,0,0
ENST00000515205.1_ENSG00000251580.3,0,6,628969924,5,330973489,8,610668618,0,5,774005428,0,0,5,739836185,0,6,129441547,11,93994209,0,0,0
ENST00000515687.5_ENSG00000168818.10,14,99093049,6,628969924,5,330973489,0,0,0,0,0,0,13,93689375,6,129441547,0,7,98779465,6,182724232,0
ENST00000517959.1_ENSG00000253982.3,14,99093049,0,0,8,610668618,0,0,5,79868138,0,5,739836185,0,12,25888309,0,0,12,36544846,0
ENST00000517970.6_ENSG00000123124.14,0,0,5,330973489,8,610668618,7,514502991,5,774005428,5,79868138,9,662956092,17,21950856,13,93689375,12,25888309,5,969971046,15,9755893,12,36544846,0
ENST00000518406.5_ENSG00000156467.10,14,99093049,6,628969924,31,98584093,17,22133724,7,514502991,5,774005428,23,19472552,0,0,0,12,25888309,11,93994209,7,98779465,49,46179386,0
ENST00000518481.2_ENSG00000253982.3,0,19,88690977,26,65486745,17,22133724,15,02900598,23,09602171,23,19472552,28,98886827,22,95934474,13,93689375,24,51776619,23,87988418,15,9755893,24,73089693,0
ENST00000518822.1_ENSG00000253982.3,0,0,15,99292047,0,0,0,0,0,0,0,0,0,0,0,0
ENST00000519065.6_ENSG00000196591.12,0,26,5158797,0,8,610668618,7,514502991,17,32201628,34,79208828,28,98886827,22,95934474,27,87378749,30,64720773,35,81982627,39,93897325,24,73089693,0
ENST00000519676.6_ENSG00000174032.17,14,99093049,33,14484962,10,66194698,34,44267447,30,05801196,17,32201628,34,79208828,86,96660482,34,43901711,0,30,64720773,47,75976837,47,9267679,18,5481727,0
ENST00000520358.7_ENSG00000157570.12,0,6,628969924,10,66194698,0,0,5,774005428,0,0,0,13,93689375,0,0,15,9755893,0,0
ENST00000520382.5_ENSG00000177556.12,0,0,10,66194698,0,0,0,0,0,0,0,6,129441547,0,0,0,0
ENST00000520576.5_ENSG00000204949.10,0,0,5,330973489,8,610668618,0,0,0,0,0,0,0,0,0,6,182724232,0
ENST00000520944.6_ENSG00000245910.9,14,99093049,46,40278947,79,96460234,51,66401171,75,14502991,46,19204342,23,19472552,57,97773655,45,91868948,83,62136247,42,90609083,53,72973941,55,91456255,74,19269078,0
ENST00000521326.2_ENSG00000254231.3,0,0,5,330973489,0,22,54350897,11,54801086,0,0,11,47967237,0,6,129441547,5,969971046,7,98779465,6,182724232,179,7591228
ENST00000521399.6_ENSG00000245910.9,0,0,5,330973489,8,610668618,15,02900598,5,774005428,0,0,5,739836185,0,0,0,7,98779465,0,0
ENST00000522817.3_ENSG00000253738.3,0,13,25793985,5,330973489,17,22133724,7,514502991,11,54801086,11,59736276,0,17,21950856,0,12,25888309,0,7,98779465,12,36544846,0
ENST00000523330.2_ENSG00000204949.10,0,6,628969924,101,2884963,0,7,514502991,0,0,28,98886827,5,739836185,13,93689375,0,5,969971046,0,24,73089693,0
ENST00000523657.2_ENSG00000253196.2,0,6,628969924,31,98584093,17,22133724,0,28,87002714,0,0,11,47967237,0,6,129441547,17,90991314,39,93897325,6,182724232,0
ENST00000524052.2_ENSG00000253549.6,0,6,628969924,5,330973489,0,0,0,0,0,0,0,0,0,0,6,182724232,0
ENST00000525090.1_ENSG00000129151.9,14,99093049,46,40278947,15,99292047,77,49601757,112,7175449,51,96604885,57,9868138,9,662956092,57,39836185,13,93689375,67,42385701,95,51953673,31,9511786,49,46179386,0
ENST00000525503.5_ENSG00000137500.10,0,13,25793985,0,43,05334309,15,02900598,23,09602171,52,18813242,0,11,47967237,55,74757498,30,64720773,29,84985523,23,96338395,12,36544846,0
ENST00000526623.2_ENSG00000254614.2,0,6,628969924,5,330973489,0,7,514502991,0,0,0,0,0,6,129441547,5,969971046,23,96338395,6,182724232,0
ENST00000527564.2_ENSG00000254531.2,0,6,628969924,0,0,7,514502991,0,11,59736276,0,0,0,0,5,969971046,7,98779465,0,0
ENST00000527726.1_ENSG00000255462.1,0,0,5,330973489,0,0,0,11,59736276,0,5,739836185,0,0,0,7,98779465,0,0
ENST00000527986.5_ENSG00000254635.6,14,99093049,19,88690977,5,330973489,17,22133724,30,05801196,5,774005428,11,59736276,9,662956092,11,47967237,0,6,129441547,23,87988418,0,6,182724232,0
ENST00000529296.2_ENSG00000254531.2,0,0,15,99292047,0,0,0,0,0,0,0,6,129441547,0,7,98779465,0,0
ENST00000529369.2_ENSG00000254682.2,0,13,25793985,5,330973489,8,610668618,0,11,54801086,0,0,0,13,93689375,12,25888309,0,7,98779465,6,182724232,0
ENST00000529689.6_ENSG00000137500.10,0,13,25793985,5,330973489,0,22,54350897,23,09602171,28,9934069,28,98886827,11,47967237,0,30,64720773,29,84985523,7,98779465,0,0
ENST00000530705.6_ENSG00000133112.17,404,7551232,3791,770797,2708,134532,4064,235588,3336,439328,3516,369305,3131,287945,3034,168213,3243,007445,3303,043818,3518,299448,4029,730456,2276,521475,2602,926902,539,2773683
ENST00000531661.2_ENSG00000254473.2,14,99093049,0,0,17,22133724,15,02900598,11,54801086,0,0,0,0,0,5,969971046,0,0,0
ENST00000532213.2_ENSG00000258604.1,0,0,15,99292047,0,7,514502991,0,0,9,662956092,0,0,0,5,969971046,0,6,182724232,0
ENST00000533394.5_ENSG00000147642.17,0,0,5,330973489,25,83200586,0,5,774005428,11,59736276,19,32591218,0,0,0,29,84985523,0,0,0
ENST00000534025.6_ENSG00000175348.11,0,19,88690977,15,99292047,34,44267447,45,08701794,23,09602171,17,39604414,0,40,1788533,0,24,51776619,29,84985523,47,9267679,24,73089693,0
ENST00000534620.1_ENSG00000254607.2,0,13,25793985,37,31681442,34,44267447,82,6595329,34,64403257,75,38285794,9,662956092,45,91868948,41,81068124,49,03553237,29,84985523,63,9023572,43,27906962,0
ENST00000535372.1_ENSG00000285427.1,0,6,628969924,0,0,7,514502991,0,0,0,0,0,12,25888309,5,969971046,0,0,0
ENST00000535639.5_ENSG00000215039.8,0,6,628969924,10,66194698,8,610668618,0,0,0,0,11,47967237,0,6,129441547,17,90991314,7,98779465,0,0
ENST00000536696.6_ENSG00000120833.14,14,99093049,46,40278947,21,32389396,0,15,02900598,0,5,79868138,9,662956092,17,21950856,0,18,38832464,5,969971046,0,12,36544846,0
ENST00000537373.6_ENSG00000118600.13,0,0,0,8,610668618,0,0,5,79868138,0,5,739836185,13,93689375,6,129441547,0,0,0,0
ENST00000537384.6_ENSG00000188191.15,0,6,628969924,5,330973489,34,44267447,7,514502991,11,54801086,11,59736276,9,662956092,5,739836185,27,87378749,0,5,969971046,31,9511786,6,182724232,0
ENST00000538355.1_ENSG00000256940.3,0,0,5,330973489,0,0,11,54801086,0,0,5,739836185,0,0,0,0,0,0
ENST00000539242.5_ENSG00000137936.18,0,13,25793985,0,0,7,514502991,11,54801086,5,79868138,0,0,0,12,25888309,5,969971046,7,98779465,0,0
ENST00000539259.1_ENSG00000250132.6,0,0,0,0,7,514502991,0,0,0,5,739836185,0,6,129441547,5,969971046,0,0,0
ENST00000539966.6_ENSG00000102572.15,14,99093049,19,88690977,37,31681442,25,83200586,30,05801196,17,32201628,28,9934069,0,22,95934474,13,93689375,24,51776619,11,93994209,31,9511786,49,46179386,179,7591228
ENST00000540918.2-1_ENSG00000168234.13,0,46,40278947,42,64778791,51,66401171,45,08701794,28,87002714,40,59076966,9,662956092,40,1788533,13,93689375,30,64720773,71,63965255,15,9755893,18,5481727,0
ENST00000542265.7_ENSG00000255857.7,0,0,5,330973489,8,610668618,0,5,774005428,0,0,0,0,0,17,90991314,0,12,36544846,0
ENST00000542466.2_ENSG00000255737.2,0,6,628969924,5,330973489,0,0,0,0,0,5,739836185,0,6,129441547,0,7,98779465,6,182724232,0
ENST00000542920.1_ENSG00000171840.13,0,6,628969924,10,66194698,0,22,54350897,0,5,79868138,9,662956092,5,739836185,0,0,11,93994209,7,98779465,0,0
ENST00000543617.2_ENSG00000111452.13,0,0,0,8,610668618,0,0,11,59736276,0,5,739836185,0,0,0,0,0,179,7591228
ENST00000544604.7_ENSG00000183579.16,14,99093049,0,15,99292047,17,22133724,0,5,774005428,0,9,662956092,0,13,93689375,0,11,93994209,0,12,36544846,0
ENST00000545509.2_ENSG00000111203.13,0,0,0,0,0,0,0,0,5,739836185,0,0,0,7,98779465,6,182724232,0
ENST00000545620.5_ENSG00000113658.18,0,13,25793985,0,0,0,5,774005428,0,0,11,47967237,0,6,129441547,0,7,98779465,6,182724232,0
ENST00000547417.1_ENSG00000139117.14,14,99093049,19,88690977,10,66194698,8,610668618,0,0,17,39604414,0,22,95934474,13,93689375,0,5,969971046,7,98779465,6,182724232,0
ENST00000548065.7_ENSG00000181929.13,0,19,88690977,21,32389396,34,44267447,30,05801196,23,09602171,23,19472552,19,32591218,40,1788533,27,87378749,49,03553237,35,81982627,23,96338395,18,5481727,0
ENST00000548468.2_ENSG00000272368.2,0,0,0,17,22133724,0,0,0,0,0,0,0,5,969971046,0,0,0
ENST00000549117.5_ENSG00000135404.12,0,19,88690977,10,66194698,8,610668618,7,514502991,0,0,0,0,0,6,129441547,5,969971046,7,98779465,0,0
ENST00000549565.3_ENSG00000257303.3,0,6,628969924,26,65486745,8,610668618,15,02900598,5,774005428,11,59736276,19,32591218,0,13,93689375,0,0,7,98779465,18,5481727,0
ENST00000550735.7_ENSG00000089022.14,0,6,628969924,10,66194698,8,610668618,0,0,11,59736276,0,17,21950856,13,93689375,12,25888309,5,969971046,7,98779465,0,0
ENST00000551152.1_ENSG00000257718.1,0,0,0,0,0,0,0,0,5,739836185,0,6,129441547,0,7,98779465,6,182724232,0
ENST00000551404.6_ENSG00000089022.14,0,0,0,8,610668618,7,514502991,0,5,79868138,0,0,0,0,23,87988418,0,0,0
ENST00000552576.3_ENSG00000258056.3,0,0,5,330973489,8,610668618,7,514502991,5,774005428,0,19,32591218,0,0,0,0,0,6,182724232,0
ENST00000553454.1_ENSG00000215256.5,0,0,0,0,15,02900598,0,0,0,0,0,12,25888309,0,0,6,182724232,0
ENST00000555011.3_ENSG00000258603.5,0,0,10,66194698,8,610668618,0,5,774005428,0,0,11,47967237,13,93689375,0,11,93994209,0,0,0
ENST00000555562.1_ENSG00000258920.1,0,0,0,8,610668618,0,5,774005428,0,9,662956092,5,739836185,13,93689375,12,25888309,0,7,98779465,0,0
ENST00000556002.5_ENSG00000257621.9,14,99093049,33,14484962,21,32389396,25,83200586,7,514502991,5,774005428,11,59736276,0,11,47967237,0,6,129441547,11,93994209,23,96338395,6,182724232,0
ENST00000556301.2_ENSG00000259038.2,0,0,10,66194698,0,0,0,5,79868138,9,662956092,0,0,6,129441547,11,93994209,0,6,182724232,0
ENST00000556379.2_ENSG00000215256.5,0,6,628969924,0,0,0,0,11,59736276,0,5,739836185,13,93689375,0,5,969971046,0,12,36544846,0
ENST00000557038.5_ENSG00000150527.18,29,98186097,26,5158797,0,51,66401171,45,08701794,17,32201628,23,19472552,19,32591218,0,13,93689375,24,51776619,11,93994209,31,9511786,24,73089693,0
ENST00000558068.1_ENSG00000140044.13,29,98186097,0,0,0,0,0,0,0,0,0,6,129441547,0,0,0,0
ENST00000558472.5_ENSG00000128951.14,0,39,77381955,0,34,44267447,7,514502991,23,09602171,23,19472552,0,17,21950856,41,81068124,12,25888309,11,93994209,0,6,182724232,179,7591228
ENST00000558581.5_ENSG00000157326.19,0,0,5,330973489,8,610668618,7,514502991,0,0,0,22,95934474,13,93689375,0,0,0,0,0
ENST00000558813.5_ENSG00000128951.14,0,0,0,8,610668618,7,514502991,11,54801086,0,19,32591218,5,739836185,13,93689375,0,11,93994209,7,98779465,12,36544846,0
ENST00000558904.2_ENSG00000069667.16,0,6,628969924,5,330973489,0,7,514502991,0,5,79868138,0,0,0,12,25888309,0,0,0,0
ENST00000565342.5_ENSG00000213599.10,59,96372195,112,6924887,106,6194698,60,27468033,120,2320479,86,61008141,81,18153932,96,62956092,132,0162323,41,81068124,79,68274011,95,51953673,63,9023572,86,55813925,0
ENST00000565562.5_ENSG00000186153.18,0,6,628969924,0,0,0,5,774005428,0,0,5,739836185,0,6,129441547,0,0,0,0
ENST00000565747.5_ENSG00000260136.6,0,0,5,330973489,8,610668618,7,514502991,5,774005428,5,79868138,0,5,739836185,13,93689375,0,0,0,6,182724232,0
ENST00000566103.1_ENSG00000186153.18,0,19,88690977,0,8,610668618,0,5,774005428,23,19472552,0,11,47967237,0,6,129441547,11,93994209,15,9755893,18,5481727,0
ENST00000568897.5_ENSG00000103227.19,0,0,15,99292047,8,610668618,0,0,17,39604414,9,662956092,5,739836185,27,87378749,6,129441547,23,87988418,7,98779465,0,0
ENST00000570287.6_ENSG00000196628.20,0,6,628969924,5,330973489,0,0,5,774005428,0,0,5,739836185,0,0,23,87988418,23,96338395,6,182724232,0
ENST00000570952.1_ENSG00000261978.1,0,0,5,330973489,8,610668618,0,0,0,0,5,739836185,13,93689375,0,0,0,0,0
ENST00000572046.2_ENSG00000233223.4,0,0,5,330973489,0,0,5,774005428,11,59736276,0,0,0,0,5,969971046,15,9755893,12,36544846,0
ENST00000576924.5_ENSG00000167978.17,0,6,628969924,0,8,610668618,7,514502991,0,0,0,5,739836185,13,93689375,0,0,0,0,0
ENST00000577396.5_ENSG00000213246.7,0,0,10,66194698,8,610668618,7,514502991,0,0,9,662956092,11,47967237,0,0,11,93994209,0,0,0
ENST00000578345.1_ENSG00000187824.9,29,98186097,39,77381955,21,32389396,77,49601757,52,60152094,34,64403257,69,58417656,106,292517,74,61787041,125,4320437,91,9416232,41,78979732,151,7680983,86,55813925,179,7591228
ENST00000579095.1_ENSG00000265458.2,0,0,10,66194698,8,610668618,7,514502991,5,774005428,5,79868138,9,662956092,0,0,0,5,969971046,31,9511786,6,182724232,0
ENST00000579226.5_ENSG00000101608.13,0,6,628969924,5,330973489,0,0,0,5,79868138,9,662956092,11,47967237,0,6,129441547,11,93994209,7,98779465,0,0
ENST00000579760.6_ENSG00000173918.15,14,99093049,72,91866917,42,64778791,34,44267447,90,17403589,109,7061031,75,38285794,19,32591218,74,61787041,41,81068124,73,55329856,65,6696815,31,9511786,37,09634539,0
ENST00000580048.1_ENSG00000264247.2,0,13,25793985,0,0,0,0,0,19,32591218,17,21950856,0,0,5,969971046,0,6,182724232,0
ENST00000580714.1_ENSG00000265254.1,14,99093049,19,88690977,21,32389396,8,610668618,15,02900598,0,17,39604414,9,662956092,5,739836185,41,81068124,24,51776619,35,81982627,7,98779465,12,36544846,0
ENST00000581080.1_ENSG00000265666.1,14,99093049,19,88690977,5,330973489,0,15,02900598,5,774005428,0,19,32591218,5,739836185,0,6,129441547,0,0,12,36544846,0
ENST00000581694.1_ENSG00000141448.11,14,99093049,6,628969924,0,8,610668618,15,02900598,17,32201628,5,79868138,9,662956092,0,13,93689375,0,5,969971046,23,96338395,6,182724232,0
ENST00000583037.5_ENSG00000178922.18,0,13,25793985,0,0,7,514502991,0,11,59736276,0,0,13,93689375,12,25888309,5,969971046,0,0,0
ENST00000583273.5_ENSG00000108387.16,0,19,88690977,10,66194698,17,22133724,45,08701794,28,87002714,11,59736276,0,11,47967237,0,0,0,0,6,182724232,0
ENST00000585682.6_ENSG00000164125.16,0,19,88690977,0,0,7,514502991,5,774005428,5,79868138,19,32591218,40,1788533,0,0,23,87988418,7,98779465,24,73089693,0
ENST00000586251.5_ENSG00000267395.5,0,0,10,66194698,0,0,0,0,9,662956092,0,0,6,129441547,5,969971046,0,0,0
ENST00000586636.5_ENSG00000099622.14,0,6,628969924,0,8,610668618,7,514502991,5,774005428,5,79868138,19,32591218,5,739836185,13,93689375,0,0,15,9755893,0,0
ENST00000587175.1_ENSG00000105298.14,0,0,5,330973489,8,610668618,0,0,0,0,5,739836185,0,12,25888309,5,969971046,0,0,0
ENST00000588576.1_ENSG00000131477.11,0,0,5,330973489,0,0,0,5,79868138,0,5,739836185,0,6,129441547,0,0,0,0
ENST00000588672.1_ENSG00000267690.1,0,0,0,8,610668618,15,02900598,0,0,9,662956092,11,47967237,13,93689375,6,129441547,5,969971046,0,6,182724232,0
ENST00000589230.6_ENSG00000168517.11,0,0,0,0,22,54350897,0,5,79868138,0,0,13,93689375,12,25888309,23,87988418,0,24,73089693,0
ENST00000590479.6_ENSG00000234608.9,0,0,0,0,7,514502991,5,774005428,5,79868138,9,662956092,5,739836185,0,6,129441547,0,0,0,0
ENST00000591312.1_ENSG00000266903.2,0,13,25793985,5,330973489,0,0,0,0,9,662956092,0,0,0,0,0,0,0
ENST00000592818.5_ENSG00000221857.7,29,98186097,0,53,30973489,8,610668618,15,02900598,0,28,9934069,9,662956092,5,739836185,13,93689375,12,25888309,23,87988418,23,96338395,18,5481727,0
ENST00000593284.5_ENSG00000268061.5,0,6,628969924,0,8,610668618,0,0,0,0,0,0,6,129441547,0,7,98779465,12,36544846,0
ENST00000593581.6_ENSG00000269386.6,29,98186097,0,10,66194698,25,83200586,22,54350897,28,87002714,17,39604414,19,32591218,28,69918093,69,68446873,18,38832464,29,84985523,23,96338395,30,91362116,0
ENST00000593917.2_ENSG00000225339.4,0,0,0,8,610668618,0,0,11,59736276,0,0,27,87378749,0,0,7,98779465,12,36544846,0
ENST00000594665.2_ENSG00000104880.19,0,6,628969924,0,0,15,02900598,0,0,0,0,0,0,0,0,0,0
ENST00000597230.3_ENSG00000268516.3,0,6,628969924,5,330973489,0,0,5,774005428,0,0,5,739836185,0,0,5,969971046,7,98779465,0,0
ENST00000599732.5_ENSG00000104960.15,29,98186097,53,03175939,138,6053107,34,44267447,75,14502991,69,28806513,104,3762648,67,64069264,68,87803422,13,93689375,42,90609083,95,51953673,47,9267679,55,64451809,0
ENST00000599895.1_ENSG00000105677.12,0,0,0,0,0,5,774005428,5,79868138,0,0,0,0,0,7,98779465,6,182724232,0
ENST00000600652.1_ENSG00000269293.4,0,26,5158797,10,66194698,8,610668618,7,514502991,5,774005428,23,19472552,0,0,0,6,129441547,0,7,98779465,0,0
ENST00000601142.2_ENSG00000168661.15,0,13,25793985,0,0,0,5,774005428,0,0,0,0,0,0,0,0,0
ENST00000601369.6_ENSG00000225484.7,14,99093049,0,5,330973489,8,610668618,0,5,774005428,5,79868138,0,0,0,0,0,0,0,179,7591228
ENST00000601675.5_ENSG00000104960.15,14,99093049,13,25793985,15,99292047,17,22133724,15,02900598,0,5,79868138,0,17,21950856,0,6,129441547,5,969971046,7,98779465,0,0
ENST00000602172.1_ENSG00000268001.1,0,0,0,0,7,514502991,5,774005428,0,0,5,739836185,0,0,5,969971046,7,98779465,6,182724232,0
ENST00000602674.2_ENSG00000269985.2,0,6,628969924,0,8,610668618,7,514502991,0,5,79868138,19,32591218,0,13,93689375,0,17,90991314,7,98779465,6,182724232,0
ENST00000602810.2_ENSG00000269293.4,0,19,88690977,53,30973489,34,44267447,45,08701794,5,774005428,28,9934069,38,65182437,45,91868948,41,81068124,55,16497392,17,90991314,7,98779465,30,91362116,0
ENST00000604000.4_ENSG00000271601.4,0,6,628969924,5,330973489,8,610668618,7,514502991,5,774005428,0,0,5,739836185,13,93689375,6,129441547,5,969971046,7,98779465,0,0
ENST00000605945.1_ENSG00000272009.1,0,0,10,66194698,0,7,514502991,5,774005428,5,79868138,9,662956092,5,739836185,13,93689375,0,0,7,98779465,0,0
ENST00000606496.2_ENSG00000272288.7,0,13,25793985,15,99292047,0,0,5,774005428,5,79868138,0,0,0,0,0,15,9755893,6,182724232,0
ENST00000608016.1_ENSG00000273137.1,0,13,25793985,15,99292047,25,83200586,15,02900598,0,28,9934069,0,5,739836185,0,18,38832464,0,0,6,182724232,0
ENST00000608349.5_ENSG00000241570.8,14,99093049,6,628969924,0,0,7,514502991,5,774005428,23,19472552,19,32591218,11,47967237,13,93689375,6,129441547,29,84985523,7,98779465,0,0
ENST00000608372.6_ENSG00000153130.18,14,99093049,53,03175939,5,330973489,34,44267447,67,63052692,28,87002714,23,19472552,57,97773655,51,65852567,27,87378749,30,64720773,59,69971046,47,9267679,37,09634539,0
ENST00000608612.1_ENSG00000272702.1,0,0,0,0,0,5,774005428,0,0,5,739836185,0,6,129441547,5,969971046,0,0,0
ENST00000609104.6_ENSG00000148429.15,0,0,0,0,0,5,774005428,0,0,5,739836185,0,0,0,7,98779465,0,0
ENST00000609359.1_ENSG00000273247.6,0,0,0,0,0,5,774005428,0,0,5,739836185,13,93689375,18,38832464,0,15,9755893,0,0
ENST00000610745.5_ENSG00000138061.12,0,0,5,330973489,17,22133724,15,02900598,11,54801086,11,59736276,0,0,0,0,11,93994209,31,9511786,6,182724232,0
ENST00000611387.1_ENSG00000112530.12,0,0,5,330973489,8,610668618,7,514502991,5,774005428,0,0,5,739836185,0,0,0,0,6,182724232,0
ENST00000611510.5_ENSG00000136104.21,14,99093049,0,0,8,610668618,0,5,774005428,0,0,0,0,0,11,93994209,0,0,0
ENST00000611716.5_ENSG00000140479.18,29,98186097,119,3214586,111,9504433,129,1600293,165,3190658,75,06207056,92,77890208,183,5961657,137,7560684,111,49515,67,42385701,161,1892182,159,755893,185,481727,0
ENST00000613264.5_ENSG00000064225.13,0,19,88690977,0,17,22133724,22,54350897,5,774005428,5,79868138,9,662956092,5,739836185,27,87378749,6,129441547,0,7,98779465,6,182724232,0
ENST00000613438.2_ENSG00000276075.2,0,0,0,0,7,514502991,0,0,0,5,739836185,0,0,5,969971046,0,6,182724232,0
ENST00000613537.5_ENSG00000011007.13,0,19,88690977,21,32389396,17,22133724,22,54350897,5,774005428,5,79868138,19,32591218,11,47967237,27,87378749,36,77664928,11,93994209,7,98779465,24,73089693,0
ENST00000613922.2_ENSG00000277632.2,0,106,0635188,0,77,49601757,37,57251495,51,96604885,11,59736276,0,17,21950856,0,116,4593894,11,93994209,7,98779465,49,46179386,0
ENST00000614891.5_ENSG00000147676.14,0,19,88690977,5,330973489,8,610668618,30,05801196,0,11,59736276,0,22,95934474,13,93689375,12,25888309,23,87988418,23,96338395,0,0
ENST00000614986.4_ENSG00000263001.8,0,13,25793985,0,0,0,0,5,79868138,0,0,0,0,0,0,6,182724232,0
ENST00000615060.5_ENSG00000156508.19,0,13,25793985,15,99292047,8,610668618,7,514502991,28,87002714,11,59736276,9,662956092,17,21950856,0,18,38832464,11,93994209,15,9755893,12,36544846,0
ENST00000615277.5_ENSG00000154822.18,0,0,5,330973489,8,610668618,0,11,54801086,0,0,0,13,93689375,0,11,93994209,7,98779465,0,0
ENST00000615296.4_ENSG00000140479.18,14,99093049,0,0,0,0,0,0,9,662956092,0,0,6,129441547,5,969971046,7,98779465,0,0
ENST00000617445.5_ENSG00000024862.18,14,99093049,19,88690977,53,30973489,34,44267447,52,60152094,63,5140597,17,39604414,19,32591218,45,91868948,27,87378749,67,42385701,65,6696815,47,9267679,24,73089693,0
ENST00000617456.1_ENSG00000183098.11,59,96372195,26,5158797,10,66194698,8,610668618,60,11602393,23,09602171,17,39604414,19,32591218,28,69918093,27,87378749,30,64720773,53,72973941,31,9511786,12,36544846,0
ENST00000618548.4_ENSG00000140479.18,0,13,25793985,5,330973489,8,610668618,22,54350897,11,54801086,5,79868138,0,17,21950856,13,93689375,12,25888309,0,15,9755893,6,182724232,0
ENST00000619189.5_ENSG00000088970.16,0,0,5,330973489,0,0,5,774005428,0,0,0,27,87378749,6,129441547,17,90991314,7,98779465,0,0
ENST00000620514.1_ENSG00000118418.14,0,6,628969924,0,8,610668618,7,514502991,11,54801086,17,39604414,9,662956092,17,21950856,13,93689375,6,129441547,11,93994209,7,98779465,12,36544846,0
ENST00000620879.4_ENSG00000263001.8,0,13,25793985,0,8,610668618,7,514502991,5,774005428,17,39604414,19,32591218,5,739836185,0,18,38832464,0,7,98779465,6,182724232,0
ENST00000621378.2_ENSG00000276075.2,0,0,0,17,22133724,0,0,17,39604414,0,11,47967237,0,30,64720773,5,969971046,0,6,182724232,0
ENST00000621999.5_ENSG00000085365.18,14,99093049,6,628969924,5,330973489,0,30,05801196,0,0,28,98886827,5,739836185,0,12,25888309,23,87988418,47,9267679,12,36544846,0
ENST00000623943.2_ENSG00000275765.6,0,0,0,0,0,5,774005428,0,0,0,0,0,0,0,12,36544846,0
ENST00000628514.3_ENSG00000175600.16,0,26,5158797,26,65486745,51,66401171,15,02900598,17,32201628,23,19472552,19,32591218,34,43901711,13,93689375,30,64720773,23,87988418,15,9755893,30,91362116,0
ENST00000629438.2_ENSG00000114956.20,0,6,628969924,5,330973489,0,0,5,774005428,0,0,11,47967237,13,93689375,12,25888309,0,31,9511786,6,182724232,0
ENST00000629441.2_ENSG00000280832.2,0,0,0,0,0,0,0,0,5,739836185,13,93689375,6,129441547,0,0,6,182724232,0
ENST00000633182.1_ENSG00000282221.1,0,0,10,66194698,0,0,5,774005428,11,59736276,9,662956092,0,0,6,129441547,0,0,0,0
ENST00000636435.1_ENSG00000104763.20,0,26,5158797,15,99292047,17,22133724,37,57251495,23,09602171,17,39604414,9,662956092,5,739836185,13,93689375,18,38832464,11,93994209,7,98779465,6,182724232,0
ENST00000637181.2_ENSG00000055208.19,14,99093049,53,03175939,21,32389396,51,66401171,52,60152094,34,64403257,28,9934069,9,662956092,45,91868948,0,49,03553237,83,57959464,47,9267679,18,5481727,0
ENST00000637244.1_ENSG00000104763.20,0,53,03175939,10,66194698,86,10668618,90,17403589,92,38408684,81,18153932,28,98886827,86,09754278,125,4320437,61,29441547,53,72973941,127,8047144,92,74086348,0
ENST00000638572.2_ENSG00000115525.18,0,6,628969924,10,66194698,8,610668618,0,11,54801086,5,79868138,9,662956092,5,739836185,27,87378749,6,129441547,11,93994209,31,9511786,12,36544846,0
ENST00000644219.1_ENSG00000147044.23,14,99093049,0,15,99292047,8,610668618,7,514502991,11,54801086,23,19472552,9,662956092,0,27,87378749,12,25888309,0,15,9755893,0,0
ENST00000645846.2_ENSG00000011376.12,0,26,5158797,5,330973489,0,0,11,54801086,11,59736276,19,32591218,11,47967237,13,93689375,6,129441547,11,93994209,31,9511786,12,36544846,0
ENST00000646080.1_ENSG00000110436.13,0,0,5,330973489,0,0,11,54801086,0,19,32591218,0,0,6,129441547,17,90991314,0,6,182724232,0
ENST00000646607.2_ENSG00000136160.17,0,0,0,8,610668618,0,5,774005428,11,59736276,9,662956092,11,47967237,13,93689375,6,129441547,11,93994209,15,9755893,0,0
ENST00000646789.1_ENSG00000162595.8,0,0,0,0,15,02900598,11,54801086,5,79868138,0,11,47967237,0,12,25888309,5,969971046,0,12,36544846,0
ENST00000646932.1_ENSG00000136143.16,29,98186097,39,77381955,5,330973489,17,22133724,7,514502991,17,32201628,40,59076966,9,662956092,5,739836185,0,18,38832464,0,15,9755893,0,0
ENST00000648127.1_ENSG00000197989.15,0,19,88690977,0,0,7,514502991,5,774005428,0,9,662956092,11,47967237,0,0,11,93994209,7,98779465,0,0
ENST00000648566.1_ENSG00000142867.14,0,0,0,17,22133724,0,5,774005428,11,59736276,0,5,739836185,0,18,38832464,5,969971046,15,9755893,6,182724232,0
ENST00000649789.1_ENSG00000255468.7,0,6,628969924,0,0,7,514502991,5,774005428,0,9,662956092,0,0,0,5,969971046,0,6,182724232,0
ENST00000650724.2_ENSG00000286024.2,0,33,14484962,37,31681442,34,44267447,45,08701794,17,32201628,28,9934069,19,32591218,28,69918093,27,87378749,6,129441547,41,78979732,15,9755893,24,73089693,0
ENST00000652462.1_ENSG00000160255.18,0,53,03175939,10,66194698,34,44267447,45,08701794,51,96604885,63,78549518,67,64069264,22,95934474,41,81068124,30,64720773,17,90991314,63,9023572,74,19269078,0
ENST00000652867.1_ENSG00000287928.1,14,99093049,0,21,32389396,34,44267447,22,54350897,17,32201628,5,79868138,9,662956092,11,47967237,0,24,51776619,41,78979732,0,0,0
ENST00000653276.1_ENSG00000233016.8,14,99093049,13,25793985,15,99292047,17,22133724,22,54350897,34,64403257,23,19472552,9,662956092,11,47967237,41,81068124,6,129441547,5,969971046,47,9267679,18,5481727,0
ENST00000653564.2_ENSG00000224122.3,0,6,628969924,0,0,0,5,774005428,5,79868138,0,11,47967237,0,0,5,969971046,7,98779465,0,0
ENST00000653606.1_ENSG00000179818.16,0,0,10,66194698,8,610668618,0,0,5,79868138,9,662956092,0,0,6,129441547,0,7,98779465,0,0
ENST00000654325.1_ENSG00000233554.6,0,0,5,330973489,0,0,0,0,0,5,739836185,0,6,129441547,0,7,98779465,0,0
ENST00000654602.1_ENSG00000233461.6,0,6,628969924,21,32389396,8,610668618,0,5,774005428,5,79868138,0,0,27,87378749,12,25888309,0,23,96338395,24,73089693,0
ENST00000655196.1_ENSG00000235954.8,0,0,0,0,7,514502991,0,5,79868138,9,662956092,5,739836185,0,0,0,7,98779465,0,0
ENST00000655760.1_ENSG00000224660.2,0,19,88690977,0,0,7,514502991,5,774005428,5,79868138,9,662956092,11,47967237,0,6,129441547,0,7,98779465,0,0
ENST00000655818.1_ENSG00000250328.6,0,6,628969924,0,0,7,514502991,0,17,39604414,0,5,739836185,0,0,0,7,98779465,0,0
ENST00000656825.1_ENSG00000070831.17,44,97279146,99,43454887,53,30973489,94,7173548,75,14502991,75,06207056,81,18153932,77,30364873,40,1788533,83,62136247,55,16497392,65,6696815,183,7192769,74,19269078,0
ENST00000656901.1_ENSG00000237742.8,0,0,5,330973489,17,22133724,0,5,774005428,5,79868138,0,0,0,0,0,0,0,0
ENST00000657821.1_ENSG00000240086.7,14,99093049,0,5,330973489,0,22,54350897,0,0,19,32591218,0,0,0,5,969971046,7,98779465,18,5481727,0
ENST00000658105.2_ENSG00000245293.4,0,0,15,99292047,17,22133724,0,11,54801086,5,79868138,0,5,739836185,0,6,129441547,11,93994209,0,12,36544846,0
ENST00000658766.1_ENSG00000241764.5,0,0,0,0,7,514502991,11,54801086,5,79868138,9,662956092,0,0,12,25888309,11,93994209,7,98779465,0,0
ENST00000658849.1_ENSG00000225791.7,0,6,628969924,5,330973489,0,7,514502991,0,17,39604414,0,11,47967237,13,93689375,6,129441547,5,969971046,7,98779465,6,182724232,0
ENST00000659090.1_ENSG00000257698.3,0,0,5,330973489,0,7,514502991,0,0,0,0,0,0,5,969971046,0,6,182724232,0
ENST00000659169.1_ENSG00000227258.7,0,0,0,0,7,514502991,5,774005428,0,0,0,13,93689375,6,129441547,5,969971046,0,0,0
ENST00000660207.1_ENSG00000215256.5,0,0,0,0,0,0,0,0,11,47967237,0,0,0,0,0,0
ENST00000660462.1_ENSG00000175061.19,0,0,0,0,7,514502991,0,0,9,662956092,0,0,6,129441547,0,0,6,182724232,0
ENST00000661159.1_ENSG00000286646.1,0,0,0,0,7,514502991,0,0,19,32591218,0,0,0,0,15,9755893,6,182724232,0
ENST00000661550.1_ENSG00000280739.4,0,0,0,0,0,5,774005428,0,0,5,739836185,0,0,5,969971046,0,0,0
ENST00000661751.1_ENSG00000230314.7,0,6,628969924,0,0,7,514502991,5,774005428,0,0,0,0,0,0,0,0,0
ENST00000662387.1_ENSG00000262061.7,0,0,0,0,15,02900598,5,774005428,0,0,5,739836185,0,0,0,0,0,0
ENST00000662585.1_ENSG00000266903.2,0,0,5,330973489,8,610668618,15,02900598,0,5,79868138,0,5,739836185,0,0,5,969971046,7,98779465,6,182724232,0
ENST00000663113.1_ENSG00000223482.9,0,0,5,330973489,8,610668618,7,514502991,0,0,0,0,13,93689375,6,129441547,11,93994209,0,18,5481727,0
ENST00000663232.1_ENSG00000224032.8,0,13,25793985,21,32389396,0,15,02900598,40,41803799,5,79868138,0,28,69918093,0,12,25888309,29,84985523,7,98779465,6,182724232,0
ENST00000664563.2_ENSG00000236810.7,0,6,628969924,0,0,7,514502991,0,5,79868138,0,0,0,0,5,969971046,0,0,0
ENST00000664973.1_ENSG00000263400.8,0,0,0,8,610668618,0,0,5,79868138,9,662956092,5,739836185,0,6,129441547,0,0,0,0
ENST00000667155.2_ENSG00000287825.2,0,0,5,330973489,8,610668618,7,514502991,0,0,9,662956092,0,0,0,0,0,0,0
ENST00000667157.1_ENSG00000075711.21,0,13,25793985,0,8,610668618,0,0,5,79868138,9,662956092,5,739836185,0,0,0,0,12,36544846,0
ENST00000668244.1_ENSG00000249249.2,0,0,10,66194698,0,0,5,774005428,0,0,0,0,0,0,0,6,182724232,0
ENST00000668968.2_ENSG00000285230.3,0,0,5,330973489,0,0,0,0,0,0,0,0,0,7,98779465,6,182724232,0
ENST00000669154.1_ENSG00000223956.4,0,13,25793985,31,98584093,8,610668618,0,11,54801086,17,39604414,0,5,739836185,0,18,38832464,35,81982627,15,9755893,18,5481727,0
ENST00000669440.2_ENSG00000283103.4,0,0,5,330973489,17,22133724,0,5,774005428,11,59736276,0,0,0,6,129441547,0,7,98779465,6,182724232,0
ENST00000669576.1_ENSG00000234456.10,0,0,15,99292047,17,22133724,0,0,0,0,5,739836185,0,0,0,15,9755893,6,182724232,0
ENST00000669726.2_ENSG00000288044.2,0,0,5,330973489,8,610668618,0,0,0,0,5,739836185,0,12,25888309,17,90991314,0,0,0
ENST00000671514.1_ENSG00000237187.9,0,0,0,8,610668618,22,54350897,5,774005428,0,0,5,739836185,0,0,5,969971046,0,0,0
ENST00000672452.2_ENSG00000105707.15,0,218,7560075,111,9504433,249,7093899,157,8045628,115,4801086,191,3564855,106,292517,160,7154132,209,0534062,208,4010126,107,4594788,71,89015185,123,6544846,179,7591228
ENST00000673038.1_ENSG00000061938.21,14,99093049,13,25793985,5,330973489,8,610668618,0,0,5,79868138,38,65182437,22,95934474,13,93689375,6,129441547,0,39,93897325,24,73089693,0
ENST00000674823.1_ENSG00000203865.12,0,0,5,330973489,0,0,0,0,0,0,0,0,17,90991314,0,12,36544846,0
ENST00000675730.1_ENSG00000080618.17,14,99093049,6,628969924,0,0,0,0,0,9,662956092,0,13,93689375,12,25888309,0,7,98779465,0,0
ENST00000676185.1_ENSG00000049167.16,0,0,0,0,7,514502991,5,774005428,0,0,0,0,0,0,7,98779465,6,182724232,0
ENST00000676582.1_ENSG00000171552.14,0,0,5,330973489,0,7,514502991,17,32201628,0,0,0,0,6,129441547,0,0,6,182724232,0
ENST00000678563.1_ENSG00000171552.14,0,0,0,0,0,5,774005428,0,0,0,0,18,38832464,0,0,0,0
ENST00000678703.1_ENSG00000156508.19,0,26,5158797,21,32389396,8,610668618,15,02900598,34,64403257,5,79868138,9,662956092,11,47967237,0,18,38832464,23,87988418,39,93897325,12,36544846,0
ENST00000681948.1_ENSG00000109618.13,14,99093049,6,628969924,15,99292047,17,22133724,15,02900598,17,32201628,34,79208828,28,98886827,11,47967237,27,87378749,6,129441547,23,87988418,23,96338395,24,73089693,0
ENST00000684881.1_ENSG00000257878.2,0,13,25793985,5,330973489,0,7,514502991,5,774005428,0,48,31478046,0,0,6,129441547,0,7,98779465,0,0
ENST00000684981.1_ENSG00000257337.8,0,13,25793985,0,0,0,0,5,79868138,0,11,47967237,0,0,5,969971046,0,0,0
ENST00000685021.1_ENSG00000065534.20,14,99093049,39,77381955,26,65486745,51,66401171,45,08701794,34,64403257,57,9868138,9,662956092,51,65852567,27,87378749,24,51776619,41,78979732,63,9023572,43,27906962,0
ENST00000685551.1_ENSG00000124181.15,0,26,5158797,10,66194698,0,0,5,774005428,5,79868138,0,17,21950856,0,0,5,969971046,15,9755893,6,182724232,0
ENST00000685788.1_ENSG00000249348.2,14,99093049,13,25793985,5,330973489,17,22133724,22,54350897,11,54801086,0,9,662956092,0,13,93689375,12,25888309,5,969971046,0,6,182724232,0
ENST00000686111.1_ENSG00000289607.1,0,0,0,0,7,514502991,11,54801086,0,0,5,739836185,0,0,0,0,6,182724232,0
ENST00000686474.1_ENSG00000245910.9,0,13,25793985,0,0,0,0,0,9,662956092,0,13,93689375,6,129441547,11,93994209,15,9755893,0,0
ENST00000686508.1_ENSG00000224152.2,0,6,628969924,10,66194698,0,7,514502991,0,0,0,11,47967237,0,0,5,969971046,0,6,182724232,0
ENST00000687585.1_ENSG00000259343.8,14,99093049,6,628969924,0,8,610668618,0,5,774005428,0,9,662956092,17,21950856,0,0,5,969971046,0,0,0
ENST00000687593.1_ENSG00000102081.16,0,0,0,0,7,514502991,5,774005428,11,59736276,0,5,739836185,13,93689375,0,0,7,98779465,0,0
ENST00000688174.1_ENSG00000237125.12,0,13,25793985,0,8,610668618,0,0,0,0,17,21950856,13,93689375,0,17,90991314,0,6,182724232,0
ENST00000688747.1_ENSG00000269985.2,0,6,628969924,0,0,0,0,11,59736276,9,662956092,0,0,12,25888309,0,7,98779465,0,0
ENST00000689153.1_ENSG00000227398.5,0,0,5,330973489,17,22133724,0,5,774005428,0,0,0,13,93689375,0,11,93994209,0,0,0
ENST00000689184.1_ENSG00000233223.4,0,0,10,66194698,0,7,514502991,0,5,79868138,0,0,0,6,129441547,5,969971046,0,6,182724232,0
ENST00000690755.1_ENSG00000223956.4,0,0,5,330973489,0,0,0,0,0,5,739836185,0,0,5,969971046,0,0,0
ENST00000690829.1_ENSG00000239911.3,0,0,5,330973489,0,7,514502991,0,5,79868138,9,662956092,0,0,0,0,0,12,36544846,0
ENST00000690863.1_ENSG00000261189.2,0,0,0,0,0,0,0,9,662956092,5,739836185,0,6,129441547,11,93994209,0,0,0
ENST00000690982.1_ENSG00000164023.15,0,0,0,0,7,514502991,0,5,79868138,0,5,739836185,13,93689375,0,5,969971046,0,6,182724232,0
a001dc85-6996-4a42-9bfc-e97df3128605_ENSG00000182871.16,449,7279146,285,0457067,698,3575271,275,5413958,390,7541555,300,2482822,330,5248387,415,5071119,350,1300073,501,7281748,294,2131942,483,5676547,343,4751699,476,0697659,179,7591228
a03e6e2b-ce41-4f84-8c57-5913908f2eb9_ENSG00000151914.22,29,98186097,13,25793985,5,330973489,17,22133724,15,02900598,34,64403257,28,9934069,9,662956092,34,43901711,27,87378749,0,11,93994209,15,9755893,24,73089693,0
a078f3f1-8eba-44ac-b10b-46b22811123a_ENSG00000182871.16,0,26,5158797,10,66194698,60,27468033,30,05801196,17,32201628,46,38945104,28,98886827,17,21950856,13,93689375,12,25888309,5,969971046,47,9267679,24,73089693,0
a0d2401a-7dfb-4f69-b1c8-be6b4ff879db_ENSG00000229005.2,0,13,25793985,0,17,22133724,7,514502991,11,54801086,17,39604414,9,662956092,11,47967237,13,93689375,12,25888309,11,93994209,15,9755893,6,182724232,0
a18d7a73-d16c-4ebb-b067-354f397d17c8_ENSG00000074054.20,0,6,628969924,5,330973489,8,610668618,0,0,0,0,0,0,0,0,7,98779465,6,182724232,0
a1f4ac42-7e12-403e-8033-925ec861a6e2_ENSG00000178922.18,0,6,628969924,0,0,7,514502991,17,32201628,5,79868138,9,662956092,0,0,0,0,0,6,182724232,0
a2030f1e-c1c6-4330-8de1-753fa97911dc_ENSG00000263508.6,0,6,628969924,0,0,7,514502991,0,5,79868138,0,5,739836185,0,0,5,969971046,0,0,0
a2a51aa8-42c2-4c51-97a1-83d7280f24ed_ENSG00000064225.13,0,0,5,330973489,0,0,0,0,0,0,0,0,5,969971046,0,0,0
a2ba64b3-07f0-449d-8a6b-3e2eaafdba44_ENSG00000125846.16,0,6,628969924,0,0,7,514502991,0,0,0,5,739836185,0,6,129441547,0,0,6,182724232,0
a32922f1-ca97-44c0-9ad7-f60ff3bdc189_ENSG00000152601.18,14,99093049,33,14484962,26,65486745,8,610668618,52,60152094,40,41803799,63,78549518,48,31478046,22,95934474,41,81068124,30,64720773,35,81982627,95,8535358,37,09634539,0
a3a9fa4e-70ad-477c-b948-4f342d88c8d0_ENSG00000115504.15,14,99093049,33,14484962,15,99292047,43,05334309,30,05801196,34,64403257,28,9934069,28,98886827,51,65852567,27,87378749,36,77664928,17,90991314,47,9267679,12,36544846,0
a487a038-6a98-41a6-abf1-4d0d28d447ec_ENSG00000105707.15,14,99093049,0,5,330973489,8,610668618,0,5,774005428,11,59736276,0,5,739836185,0,0,0,0,6,182724232,0
a52c0c35-bcd0-4918-a9f5-6cb08a2a5b11_ENSG00000224389.9,0,0,0,0,0,0,0,0,0,0,6,129441547,0,0,0,0
a60e471b-428c-4f5e-9e6a-9819ab5130d5_ENSG00000168234.13,0,0,5,330973489,0,7,514502991,5,774005428,0,0,0,0,0,0,0,0,0
a6773c9b-7dc5-44dd-b64e-a0371aea6e74_ENSG00000055955.17,0,0,0,0,0,0,11,59736276,0,0,0,6,129441547,5,969971046,0,0,0
a6db7b1c-c07d-41fd-b1f4-5978efea4a78_ENSG00000128918.15,0,6,628969924,5,330973489,8,610668618,0,5,774005428,0,0,5,739836185,0,0,5,969971046,0,12,36544846,0
a799ed6f-5a5d-4cd0-b787-b07d8bf86512_ENSG00000257727.6,0,0,5,330973489,0,15,02900598,0,5,79868138,0,5,739836185,27,87378749,0,0,0,0,0
a8271504-5c1c-4bac-99f8-b2ca851eca49_ENSG00000272143.1,0,6,628969924,5,330973489,8,610668618,7,514502991,0,17,39604414,0,5,739836185,13,93689375,12,25888309,5,969971046,7,98779465,18,5481727,0
a832a72d-9a5f-4094-bd77-75eab5f871f5_ENSG00000138942.17,14,99093049,66,28969924,37,31681442,34,44267447,90,17403589,46,19204342,57,9868138,19,32591218,34,43901711,13,93689375,42,90609083,53,72973941,39,93897325,30,91362116,0
a873dd13-5b04-40f0-bff1-eb84cd315123_ENSG00000146373.17,0,19,88690977,5,330973489,8,610668618,0,5,774005428,5,79868138,19,32591218,5,739836185,13,93689375,12,25888309,17,90991314,15,9755893,12,36544846,0
a87f9841-7a18-47d9-a077-6c6109fee416_ENSG00000156113.24,0,0,21,32389396,17,22133724,15,02900598,5,774005428,17,39604414,0,5,739836185,0,6,129441547,17,90991314,31,9511786,12,36544846,0
a88cfd62-b06e-4c24-a517-866daa7db5c1_ENSG00000288820.1,0,6,628969924,5,330973489,0,0,5,774005428,0,0,5,739836185,0,0,0,0,0,0
a8e8f7df-95c9-4a08-84f0-e589ff7db57b_chrX:63347000,0,0,0,8,610668618,0,0,0,0,11,47967237,0,0,0,7,98779465,0,0
a902e2ad-4584-4792-a377-5a1ba68b3f9e_ENSG00000187630.18,0,13,25793985,0,0,7,514502991,0,0,0,5,739836185,0,0,0,0,0,0
a92c1fbe-a44e-4aee-83bc-918f43370874_ENSG00000189223.15,0,13,25793985,10,66194698,8,610668618,7,514502991,5,774005428,0,28,98886827,17,21950856,13,93689375,0,5,969971046,7,98779465,0,0
a942c6e6-bee4-405c-b2da-6253ef6d739e_ENSG00000259881.1,0,0,0,0,7,514502991,5,774005428,5,79868138,0,0,0,0,11,93994209,15,9755893,6,182724232,0
a94a0d8a-55d0-4464-8f47-e7484996239e_ENSG00000066135.13,14,99093049,13,25793985,15,99292047,0,0,17,32201628,17,39604414,9,662956092,11,47967237,0,12,25888309,11,93994209,31,9511786,0,0
a97a8911-0287-4f0c-bf4e-7ce4dc449304_chr14:32156000,14,99093049,6,628969924,0,8,610668618,7,514502991,0,0,0,11,47967237,0,6,129441547,0,0,0,0
ab43e33b-bb82-443c-837e-7600f4dc7017_ENSG00000165494.12,14,99093049,0,0,17,22133724,15,02900598,11,54801086,11,59736276,28,98886827,5,739836185,13,93689375,12,25888309,17,90991314,15,9755893,0,0
ab8449fe-2f5b-4ce4-b5b2-f9e740d193e4_ENSG00000087460.29,14,99093049,0,10,66194698,34,44267447,7,514502991,17,32201628,28,9934069,0,17,21950856,0,12,25888309,5,969971046,31,9511786,18,5481727,0
ab8bc225-49fc-4442-832a-5439bf86407e_ENSG00000289065.1,14,99093049,0,0,0,0,0,0,0,0,0,12,25888309,0,7,98779465,0,0
aba6ff66-6d5c-4c16-8404-4ab6d91af1ce_ENSG00000233308.2,0,0,0,0,0,0,0,0,0,0,0,5,969971046,15,9755893,0,0
acce4569-dc53-4970-b65a-51bcb80519ec_ENSG00000115760.15,44,97279146,6,628969924,5,330973489,8,610668618,15,02900598,0,23,19472552,9,662956092,11,47967237,13,93689375,6,129441547,17,90991314,31,9511786,12,36544846,0
ad522c72-db08-43c4-aa75-3923f7049c75_ENSG00000196465.10,14,99093049,6,628969924,31,98584093,0,22,54350897,5,774005428,17,39604414,28,98886827,17,21950856,27,87378749,24,51776619,17,90991314,15,9755893,18,5481727,0
ad5efe46-0852-406b-89ce-a3fe49d1a11d_ENSG00000107758.16,0,19,88690977,0,8,610668618,0,0,5,79868138,0,5,739836185,0,0,0,0,0,0
ad874c0e-193f-499b-9519-2eeefcacb088_ENSG00000143382.16,14,99093049,6,628969924,21,32389396,17,22133724,22,54350897,5,774005428,17,39604414,28,98886827,17,21950856,27,87378749,30,64720773,5,969971046,47,9267679,24,73089693,0
adcdede2-ec3e-418c-9899-5edefe5ceb66_ENSG00000289056.1,0,0,0,0,0,5,774005428,5,79868138,9,662956092,11,47967237,0,6,129441547,5,969971046,7,98779465,6,182724232,0
ade71476-8139-4b0c-92c8-8d2478b1d4cb_ENSG00000138378.19,0,6,628969924,0,0,0,5,774005428,0,19,32591218,5,739836185,13,93689375,0,5,969971046,0,6,182724232,0
aebba069-0b54-437e-a76c-01be0737823d_ENSG00000198650.11,14,99093049,13,25793985,10,66194698,8,610668618,15,02900598,5,774005428,5,79868138,19,32591218,11,47967237,13,93689375,6,129441547,0,31,9511786,18,5481727,0
af2bf410-d492-4c63-bc82-2ac4fa51d616_ENSG00000144724.20,29,98186097,6,628969924,0,0,0,0,11,59736276,0,0,13,93689375,0,5,969971046,0,0,0
af880f75-2e84-4bff-970a-d8501f00e103_ENSG00000143390.18,14,99093049,19,88690977,5,330973489,17,22133724,22,54350897,0,28,9934069,9,662956092,22,95934474,13,93689375,0,5,969971046,15,9755893,12,36544846,0
b0428b1c-c8aa-4289-bc08-ec2455eb1f04_ENSG00000157110.16,0,13,25793985,0,0,7,514502991,11,54801086,11,59736276,28,98886827,5,739836185,27,87378749,6,129441547,11,93994209,7,98779465,24,73089693,0
b1063813-9936-4059-95d1-5648dc1fdfb8_ENSG00000139746.16,0,0,10,66194698,17,22133724,7,514502991,5,774005428,5,79868138,0,5,739836185,13,93689375,0,0,0,6,182724232,0
b194aea8-cb98-4a8e-aad2-ea446598e221_ENSG00000080618.17,0,6,628969924,0,17,22133724,15,02900598,5,774005428,5,79868138,19,32591218,5,739836185,0,30,64720773,0,0,6,182724232,0
b1b44e42-4ba0-4422-a81c-1790248baffb_ENSG00000089351.15,14,99093049,39,77381955,15,99292047,0,7,514502991,17,32201628,5,79868138,0,22,95934474,0,12,25888309,0,7,98779465,18,5481727,0
b245d3c3-0664-48dc-8ac2-387930c43e08_ENSG00000138411.13,0,0,0,0,7,514502991,0,0,0,5,739836185,0,6,129441547,5,969971046,0,0,0
b268c433-8ab2-439f-b37d-69366954e59f_ENSG00000266962.2,0,0,0,17,22133724,7,514502991,11,54801086,5,79868138,19,32591218,17,21950856,0,6,129441547,5,969971046,0,6,182724232,0
b28d3c86-b4d3-48a8-b36f-93813c522bd7_ENSG00000100330.16,14,99093049,6,628969924,0,8,610668618,7,514502991,5,774005428,0,19,32591218,0,0,6,129441547,5,969971046,0,18,5481727,0
b3056d24-474d-4bb0-acef-e934c811e85c_ENSG00000128585.18,0,0,26,65486745,8,610668618,7,514502991,11,54801086,11,59736276,9,662956092,17,21950856,13,93689375,6,129441547,5,969971046,7,98779465,6,182724232,0
b32ddf6e-43fd-483e-94dc-d1771b12fbb8_ENSG00000100330.16,0,0,0,17,22133724,7,514502991,0,0,0,0,0,0,0,0,0,0
b3c64d03-9955-4410-89aa-012af897c4ec_ENSG00000125846.16,0,6,628969924,0,0,0,0,0,9,662956092,0,0,12,25888309,11,93994209,7,98779465,12,36544846,0
b3f686fc-0f0a-4425-8e45-204e2818cb01_ENSG00000160282.15,14,99093049,0,0,8,610668618,0,5,774005428,11,59736276,9,662956092,28,69918093,0,12,25888309,5,969971046,23,96338395,0,0
b48f3461-cb55-417f-b40d-a2a61184a5ee_ENSG00000049540.19,14,99093049,6,628969924,10,66194698,8,610668618,0,17,32201628,11,59736276,28,98886827,11,47967237,13,93689375,6,129441547,23,87988418,7,98779465,6,182724232,0
b492a6a5-65a7-494e-b20b-c67864714d77_ENSG00000260500.1,0,0,5,330973489,8,610668618,7,514502991,0,5,79868138,0,0,0,6,129441547,5,969971046,0,0,0
b5387939-9b07-49cb-89e8-57d20b7e9349_chr18:22166000,0,6,628969924,5,330973489,17,22133724,7,514502991,0,0,9,662956092,0,0,0,0,7,98779465,0,0
b55fd841-2d07-4818-9d36-b30187857733_ENSG00000105707.15,44,97279146,0,5,330973489,0,7,514502991,0,0,0,0,0,6,129441547,0,0,0,0
b5677fec-19a2-4c33-a571-9da953782d55_ENSG00000198650.11,0,0,0,0,7,514502991,0,0,9,662956092,0,0,12,25888309,11,93994209,7,98779465,6,182724232,0
b5bede69-8e7c-412a-b985-328184760556_ENSG00000113319.13,29,98186097,13,25793985,0,0,0,0,0,9,662956092,5,739836185,0,6,129441547,0,7,98779465,0,0
b6a2b0e5-c6cb-496d-ae08-0d5f43cbcbf4_ENSG00000115107.20,0,0,0,8,610668618,7,514502991,0,5,79868138,9,662956092,5,739836185,13,93689375,0,0,0,0,0
b79dbeca-f029-49a7-84cb-dec183f4ce48_ENSG00000147676.14,0,0,0,0,7,514502991,5,774005428,0,0,0,0,0,0,0,0,0
b7de4da3-3831-40f2-9dd1-2f7a080b0af0_ENSG00000055955.17,0,6,628969924,0,0,0,0,0,0,17,21950856,0,0,5,969971046,0,0,0
b80152c0-7aad-4d07-8666-f3d786390a10_ENSG00000110514.19,0,6,628969924,5,330973489,0,0,5,774005428,11,59736276,0,5,739836185,0,0,0,0,6,182724232,0
b8320a06-bdaf-49b4-a89b-92fc38ea61b9_ENSG00000048740.19,14,99093049,0,0,8,610668618,7,514502991,11,54801086,5,79868138,0,11,47967237,13,93689375,6,129441547,0,7,98779465,0,0
b8adf141-d679-4fe9-922f-58f1e575457f_ENSG00000168237.18,14,99093049,13,25793985,15,99292047,0,7,514502991,11,54801086,11,59736276,9,662956092,11,47967237,0,6,129441547,17,90991314,0,0,0
b8af9053-d898-4a32-85e1-3f806a0d0c6f_ENSG00000087258.16,0,13,25793985,0,0,15,02900598,0,5,79868138,0,0,0,0,5,969971046,0,6,182724232,0
b900b621-4188-4935-b329-be8416ca04b2_ENSG00000227117.6,0,0,5,330973489,0,7,514502991,5,774005428,0,0,0,13,93689375,6,129441547,0,7,98779465,0,0
b9023ca6-87b4-41d0-a0eb-4c414c090564_ENSG00000149177.14,0,6,628969924,0,0,15,02900598,0,0,0,0,0,0,17,90991314,0,0,0
b92e89ca-b4a4-492b-93fa-86932f243f6d_ENSG00000255112.3,14,99093049,13,25793985,31,98584093,43,05334309,22,54350897,28,87002714,23,19472552,19,32591218,40,1788533,27,87378749,36,77664928,11,93994209,55,91456255,18,5481727,0
b9b5f127-7756-47e2-89b5-4f18ff8c824c_ENSG00000150593.18,0,26,5158797,31,98584093,8,610668618,37,57251495,17,32201628,17,39604414,38,65182437,11,47967237,13,93689375,30,64720773,11,93994209,23,96338395,12,36544846,0
b9efa54c-8c2a-42d3-96c5-51c3c398e1d0_ENSG00000164830.19,0,6,628969924,0,8,610668618,7,514502991,0,0,9,662956092,0,0,0,0,7,98779465,6,182724232,0
ba023482-f1b6-4cf4-87f5-d000b3b02757_ENSG00000270580.5,0,0,0,0,0,0,5,79868138,0,11,47967237,0,0,5,969971046,0,0,0
ba149520-24e5-44bd-8f95-04f4fe70adba_ENSG00000143924.19,14,99093049,13,25793985,15,99292047,17,22133724,7,514502991,5,774005428,23,19472552,0,17,21950856,0,6,129441547,5,969971046,23,96338395,0,0
ba54660b-4c11-418f-a3cd-1e161a09eceb_ENSG00000005810.19,0,6,628969924,0,17,22133724,0,0,11,59736276,0,11,47967237,0,0,17,90991314,15,9755893,12,36544846,0
ba561a1d-2897-4e12-aa71-eb23755703b4_ENSG00000155100.11,0,0,0,0,0,0,0,0,5,739836185,0,12,25888309,11,93994209,7,98779465,6,182724232,0
ba6c9e38-81c3-482b-82ab-a29d942bda0b_ENSG00000138771.16,14,99093049,6,628969924,5,330973489,0,0,0,0,9,662956092,0,0,0,11,93994209,0,0,0
bbaccf09-b831-4ffc-b224-b081b993747b_ENSG00000224389.9,0,6,628969924,5,330973489,0,0,0,0,0,0,0,0,0,0,0,0
bc1f50e0-d8f0-4fbf-91c8-a9331189cc37_ENSG00000100393.14,0,33,14484962,10,66194698,8,610668618,22,54350897,28,87002714,34,79208828,38,65182437,0,13,93689375,18,38832464,11,93994209,79,8779465,6,182724232,0
bc2592e1-2087-4151-8698-2ac9d3a3875b_ENSG00000055955.17,14,99093049,0,31,98584093,0,7,514502991,5,774005428,11,59736276,19,32591218,5,739836185,13,93689375,6,129441547,11,93994209,15,9755893,12,36544846,0
bc44250b-c27e-47aa-9553-f9d5b7e5a778_ENSG00000160949.18,0,0,10,66194698,0,0,0,0,0,5,739836185,0,0,0,0,0,0
bd81839a-1fc9-4f29-b405-d746a2462f69_ENSG00000224389.9,0,0,0,0,0,0,0,19,32591218,51,65852567,0,0,23,87988418,7,98779465,0,0
bde7f282-cdcb-4cf7-a8e7-783ac803f24f_ENSG00000109670.16,14,99093049,6,628969924,5,330973489,8,610668618,7,514502991,0,17,39604414,19,32591218,11,47967237,0,6,129441547,17,90991314,15,9755893,12,36544846,0
bdf44883-4412-4c37-8cf7-6b6228add2f1_ENSG00000244731.8,0,0,0,8,610668618,7,514502991,0,5,79868138,9,662956092,5,739836185,0,6,129441547,0,0,0,0
be1eea5e-3009-4543-8058-eeefa5dfaf07_ENSG00000087269.16,29,98186097,26,5158797,47,9787614,17,22133724,15,02900598,11,54801086,23,19472552,28,98886827,5,739836185,13,93689375,18,38832464,29,84985523,23,96338395,18,5481727,0
be36df7a-6693-41ce-8353-e6423e97a9f7_ENSG00000123992.20,14,99093049,0,5,330973489,0,0,0,0,0,0,0,12,25888309,0,0,0,0
be7e60c1-fab1-4f8a-ba78-983907284de6_ENSG00000105483.18,29,98186097,19,88690977,10,66194698,17,22133724,0,5,774005428,11,59736276,0,11,47967237,0,24,51776619,0,15,9755893,0,0
be84be57-92fa-4536-8567-ae9953072345_ENSG00000182253.15,0,0,10,66194698,0,15,02900598,0,0,0,5,739836185,13,93689375,6,129441547,23,87988418,7,98779465,0,0
be9961c6-5155-4018-9767-becd696ef0f6_ENSG00000115738.10,0,112,6924887,15,99292047,215,2667155,112,7175449,103,9320977,144,9670345,67,64069264,143,4959046,181,1796187,165,4949218,143,2793051,127,8047144,129,8372089,0
beace3ef-770c-4ecf-b261-74e807095dbf_ENSG00000183087.15,0,13,25793985,0,0,0,0,0,0,0,0,12,25888309,0,0,0,0
bee384bb-b086-4f4a-99d8-d641a0b728eb_ENSG00000160282.15,0,0,0,0,7,514502991,0,0,0,0,13,93689375,6,129441547,0,7,98779465,6,182724232,0
bf0a0b7f-a8fd-46b7-9af7-4a63ce87b685_ENSG00000087460.29,0,0,0,0,15,02900598,0,5,79868138,0,0,0,6,129441547,0,0,6,182724232,0
bf16bac8-69c0-4400-ad7b-faa615f416a1_ENSG00000198650.11,0,0,0,8,610668618,0,0,0,0,0,0,0,0,7,98779465,0,0
c029e607-d4f1-4d28-a280-cf771f074515_ENSG00000196812.6,0,6,628969924,0,0,0,0,0,9,662956092,0,0,0,11,93994209,15,9755893,6,182724232,0
c0b02164-6992-4c25-9c5c-7b66ec73faea_ENSG00000120071.15,14,99093049,0,0,0,7,514502991,11,54801086,28,9934069,9,662956092,22,95934474,13,93689375,0,5,969971046,0,18,5481727,0
c0e4ed31-9c74-4e27-91e4-8a50231ca03a_ENSG00000123384.14,0,19,88690977,0,43,05334309,22,54350897,11,54801086,5,79868138,57,97773655,17,21950856,55,74757498,0,0,7,98779465,24,73089693,0
c1068eb5-edb5-4a6b-afe3-6049b9be0640_ENSG00000216895.9,0,0,0,0,7,514502991,5,774005428,0,0,11,47967237,0,6,129441547,0,0,0,0
c10c13bc-2abe-4177-8283-d600e3a2e1c2_ENSG00000231770.7,0,0,5,330973489,17,22133724,7,514502991,0,5,79868138,9,662956092,5,739836185,13,93689375,6,129441547,0,0,0,0
c1d7e420-f2a6-40e5-911d-15ec545550b8_ENSG00000112769.20,0,6,628969924,0,25,83200586,15,02900598,5,774005428,11,59736276,9,662956092,5,739836185,0,12,25888309,5,969971046,7,98779465,12,36544846,0
c20b6602-88d4-457e-8f9c-153838d002cb_ENSG00000055955.17,29,98186097,0,21,32389396,8,610668618,0,0,0,0,5,739836185,0,0,5,969971046,0,6,182724232,0
c2440318-a5f5-418b-a379-634737afa67b_ENSG00000081189.16,0,13,25793985,5,330973489,0,7,514502991,5,774005428,5,79868138,19,32591218,11,47967237,0,0,5,969971046,0,0,0
c2e04f15-9c7c-4471-970d-b8a8b5d20496_ENSG00000260274.1,0,0,10,66194698,8,610668618,7,514502991,5,774005428,5,79868138,9,662956092,5,739836185,13,93689375,6,129441547,0,0,24,73089693,0
c30442b6-4fd2-4db7-97c9-4de6d88de839_ENSG00000138413.14,14,99093049,0,0,0,0,0,11,59736276,0,5,739836185,0,12,25888309,0,0,0,0
c341a0c6-077a-4cd4-bdd5-5706b4b97dd8_ENSG00000166278.15,0,0,5,330973489,8,610668618,7,514502991,0,0,0,5,739836185,0,0,5,969971046,0,6,182724232,0
c3bf9b18-7ebb-43fa-9c01-5ea984cc710e_ENSG00000108786.11,0,6,628969924,5,330973489,0,0,11,54801086,0,0,0,13,93689375,6,129441547,0,15,9755893,6,182724232,0
c3db91ca-2f84-410e-bb5c-c86f2eb02875_ENSG00000003436.16,14,99093049,0,10,66194698,8,610668618,0,17,32201628,0,0,0,13,93689375,6,129441547,5,969971046,15,9755893,6,182724232,0
c41793e2-8386-4a6b-b200-6b310c8dd3df_ENSG00000126777.18,0,13,25793985,0,25,83200586,7,514502991,5,774005428,11,59736276,9,662956092,28,69918093,13,93689375,24,51776619,11,93994209,7,98779465,18,5481727,0
c44501aa-c30d-4f96-843f-bf7a15bee747_ENSG00000182871.16,0,33,14484962,53,30973489,34,44267447,67,63052692,11,54801086,63,78549518,48,31478046,57,39836185,55,74757498,42,90609083,53,72973941,55,91456255,55,64451809,0
c48f9480-e059-45e6-a95d-115ef3bbe51b_ENSG00000003756.17,14,99093049,13,25793985,0,0,0,0,5,79868138,0,0,0,0,0,0,0,0
c4f9927f-dd19-434b-9a5b-88874002362c_ENSG00000105618.14,0,0,0,0,7,514502991,0,0,0,0,0,6,129441547,0,0,6,182724232,0
c4fba1a4-13af-48e3-b95c-6bdae54b7a85_ENSG00000204642.14,0,26,5158797,0,0,0,5,774005428,0,0,5,739836185,0,0,0,0,6,182724232,0
c553cddb-183f-4e2b-9793-18fcc91e1101_ENSG00000242485.6,0,0,0,0,0,0,0,0,5,739836185,0,6,129441547,0,15,9755893,0,0
c57c0f15-be72-41e8-b474-569257d01d53_ENSG00000146147.15,0,6,628969924,0,17,22133724,75,14502991,17,32201628,11,59736276,0,11,47967237,0,12,25888309,0,7,98779465,12,36544846,0
c6a08ce8-039c-4fb5-bcbf-ef45adb769e0_ENSG00000277496.1,0,13,25793985,10,66194698,0,0,0,0,0,0,13,93689375,6,129441547,5,969971046,0,0,0
c6e73a37-8ff5-4187-a4ca-621492844a7d_ENSG00000175061.19,0,6,628969924,0,17,22133724,0,5,774005428,0,0,0,0,0,0,0,0,0
c7e6b7e3-ef95-4761-8c60-4562193aa6c6_ENSG00000175471.20,0,0,0,17,22133724,0,0,0,0,0,13,93689375,6,129441547,5,969971046,0,0,0
c8c060f3-d855-4d49-8dfd-929919f78ceb_ENSG00000266850.1,0,0,5,330973489,17,22133724,0,5,774005428,0,0,5,739836185,27,87378749,6,129441547,11,93994209,0,6,182724232,0
c9012aa4-3b15-4283-aaaf-81c40c0fadd0_ENSG00000172534.14,14,99093049,6,628969924,5,330973489,0,30,05801196,0,11,59736276,9,662956092,17,21950856,0,0,11,93994209,7,98779465,18,5481727,0
c9390c69-74f3-433f-a27a-2aeebdf2111d_ENSG00000275457.1,14,99093049,6,628969924,0,0,0,0,0,0,5,739836185,0,0,5,969971046,0,6,182724232,0
c9457dbf-8cde-463b-98fd-281400a725b0_ENSG00000123384.14,0,6,628969924,10,66194698,25,83200586,7,514502991,0,11,59736276,0,11,47967237,13,93689375,12,25888309,0,0,0,0
c997c416-fb13-4b46-be53-dbbe71605f2b_ENSG00000159267.17,0,6,628969924,5,330973489,8,610668618,0,0,0,0,0,0,0,0,0,0,0
c9c40791-b9f1-41af-be83-85225e441e75_ENSG00000125618.18,29,98186097,0,5,330973489,0,0,0,0,9,662956092,0,0,0,0,0,0,0
cae05e22-ff40-473d-ad6b-a9d138fe401f_ENSG00000243696.5,0,0,0,0,0,0,0,0,5,739836185,0,18,38832464,0,7,98779465,0,0
cb865072-a2d4-4bb9-b596-a8852ff94b0a_ENSG00000151914.22,0,6,628969924,0,17,22133724,0,0,5,79868138,0,5,739836185,13,93689375,0,0,0,12,36544846,0
cba99f68-b44b-4f1f-99a8-a8b07e13787a_ENSG00000078070.14,0,0,10,66194698,0,7,514502991,0,11,59736276,0,5,739836185,27,87378749,0,5,969971046,0,0,0
cc463ae0-b22d-4f4a-9e47-0bcb99bd61ee_ENSG00000117592.9,134,9183744,119,3214586,90,62654931,94,7173548,112,7175449,138,5761303,104,3762648,57,97773655,154,975577,111,49515,85,81218165,167,1591893,87,86574115,117,4717604,0
cc4d7d94-3deb-418f-ba79-e2d43403b7c2_ENSG00000162365.13,0,0,5,330973489,0,7,514502991,5,774005428,11,59736276,0,0,0,6,129441547,5,969971046,7,98779465,0,0
cc535a3d-2e16-4bc2-bf61-6c993407d9c8_ENSG00000137171.15,0,6,628969924,10,66194698,8,610668618,30,05801196,17,32201628,17,39604414,19,32591218,5,739836185,0,12,25888309,0,7,98779465,0,0
cc63c3ea-d174-424c-b7a9-bb05188b5413_ENSG00000138640.15,0,6,628969924,0,17,22133724,15,02900598,11,54801086,11,59736276,19,32591218,17,21950856,41,81068124,24,51776619,11,93994209,23,96338395,0,0
cd4d9303-374b-467b-a7f0-d3c025d84b0d_ENSG00000224389.9,0,0,5,330973489,0,7,514502991,0,0,0,0,0,0,0,0,0,0
ce09344e-6c2a-4d9c-9610-5926f5fda84b_ENSG00000107796.13,0,0,5,330973489,0,0,0,5,79868138,0,5,739836185,0,6,129441547,0,0,6,182724232,0
ce8a516f-ddff-47a2-8a2e-78a53273553c_ENSG00000214655.11,0,0,5,330973489,8,610668618,0,0,5,79868138,0,0,0,18,38832464,0,7,98779465,6,182724232,0
ce93e557-1e3f-4c6b-88b7-9a577c56c1e0_ENSG00000109332.20,44,97279146,86,17660902,85,29557583,51,66401171,90,17403589,69,28806513,81,18153932,86,96660482,22,95934474,83,62136247,85,81218165,101,4895078,175,7314823,86,55813925,0
ce94e232-a3f9-4a2a-bf60-5217278274dc_ENSG00000128641.19,14,99093049,33,14484962,15,99292047,25,83200586,30,05801196,23,09602171,46,38945104,19,32591218,11,47967237,27,87378749,12,25888309,17,90991314,7,98779465,12,36544846,0
ced3ad92-72ae-48e2-abc4-b50899a061ea_ENSG00000237298.10,0,6,628969924,0,0,0,0,0,9,662956092,0,0,0,5,969971046,23,96338395,0,0
cfe4ee03-ed8c-4a8d-857c-68b609b2064f_ENSG00000144674.17,0,19,88690977,0,0,7,514502991,0,28,9934069,9,662956092,11,47967237,0,12,25888309,0,0,12,36544846,0
cfeb5ce2-9d3b-41ba-b570-d2870d9d1978_ENSG00000261485.1,0,0,5,330973489,0,0,0,0,0,5,739836185,0,6,129441547,0,0,0,0
cfec806a-cba8-4cf7-beca-fc23b29bcfd7_ENSG00000162365.13,0,0,21,32389396,0,22,54350897,5,774005428,0,9,662956092,5,739836185,0,0,11,93994209,7,98779465,6,182724232,0
cfef821b-5283-48a4-a655-ad9e87ae0a52_ENSG00000091428.18,29,98186097,13,25793985,21,32389396,17,22133724,22,54350897,11,54801086,23,19472552,19,32591218,0,41,81068124,24,51776619,35,81982627,23,96338395,37,09634539,0
d0b26899-6f41-440a-a516-903a6dcf14d7_chr22:25102000,0,0,10,66194698,8,610668618,0,0,5,79868138,0,0,0,12,25888309,0,0,12,36544846,0
d2106e25-e26e-4fa5-8eac-d2eb1e2beeba_ENSG00000069667.16,14,99093049,0,10,66194698,0,0,0,17,39604414,0,0,0,6,129441547,11,93994209,0,0,0
d2967cd2-58c8-4589-bc89-23a4a728a220_ENSG00000123124.14,0,13,25793985,0,43,05334309,30,05801196,34,64403257,11,59736276,0,17,21950856,13,93689375,24,51776619,29,84985523,31,9511786,43,27906962,0
d2b38a20-f9fa-441c-a76b-ce894ec83496_ENSG00000144908.14,0,0,10,66194698,0,0,0,0,0,11,47967237,0,0,0,0,12,36544846,0
d2cbabfc-52df-4f10-90cd-95f6dd88c46e_ENSG00000166278.15,0,0,5,330973489,0,0,0,0,9,662956092,5,739836185,0,0,5,969971046,0,6,182724232,0
d3392d7b-561d-48a4-8046-811d70bf0184_ENSG00000105707.15,14,99093049,6,628969924,0,8,610668618,7,514502991,0,0,9,662956092,5,739836185,0,12,25888309,11,93994209,7,98779465,0,0
d3a59ebc-4298-4972-b633-22bb1ec095ef_chr14:37172000,0,0,0,0,7,514502991,5,774005428,0,0,0,13,93689375,0,0,0,6,182724232,0
d3d64a60-b633-4ea9-b6fc-b837cc712abd_ENSG00000104972.16,0,0,0,0,0,0,0,0,5,739836185,0,6,129441547,0,0,0,0
d41a8e59-72bb-42e1-a762-73fce0e69a1b_ENSG00000156017.13,0,6,628969924,0,0,30,05801196,11,54801086,23,19472552,9,662956092,28,69918093,0,12,25888309,11,93994209,15,9755893,43,27906962,0
d477fddc-3ef4-41eb-92b4-b68c1170bdbe_ENSG00000272502.1,0,13,25793985,5,330973489,0,15,02900598,23,09602171,0,0,22,95934474,0,6,129441547,23,87988418,0,18,5481727,0
d58c1a7e-37f9-4130-b1ae-ea662f757449_ENSG00000167555.14,0,13,25793985,0,8,610668618,0,0,0,0,0,0,0,0,7,98779465,0,0
d59ef70d-f773-44d4-8090-155a986c1aaa_ENSG00000162365.13,0,0,5,330973489,8,610668618,0,0,0,9,662956092,5,739836185,0,6,129441547,0,0,0,0
d601c076-4685-46cc-97f3-39332efb39ea_ENSG00000267309.1,0,6,628969924,10,66194698,0,0,0,0,0,17,21950856,0,0,0,7,98779465,0,0
d63bb288-90e6-407a-8922-b1cdff0932ff_ENSG00000126777.18,0,13,25793985,10,66194698,8,610668618,7,514502991,5,774005428,5,79868138,9,662956092,0,0,6,129441547,5,969971046,0,6,182724232,0
d6e38a3d-a111-4598-8289-611db7d59ca1_ENSG00000115207.14,44,97279146,6,628969924,10,66194698,17,22133724,37,57251495,23,09602171,11,59736276,9,662956092,28,69918093,0,12,25888309,11,93994209,15,9755893,18,5481727,0
d81e92d0-344a-4786-a423-34f3e61128b7_ENSG00000166265.13,0,6,628969924,0,8,610668618,7,514502991,0,11,59736276,0,5,739836185,0,0,0,15,9755893,12,36544846,0
d8cedea4-1652-4c02-994a-d7e8b8355d75_ENSG00000160282.15,0,0,0,0,0,0,5,79868138,0,0,0,6,129441547,5,969971046,0,0,0
d9216439-7a53-42be-96f4-a196900c8fd5_ENSG00000198265.12,0,0,0,0,7,514502991,11,54801086,5,79868138,0,0,0,0,5,969971046,7,98779465,0,0
da0d1ea5-0917-4572-85d7-3021afc9c99d_ENSG00000178922.18,0,0,0,17,22133724,0,5,774005428,5,79868138,0,11,47967237,0,0,5,969971046,23,96338395,6,182724232,0
da3da0de-46d1-4446-9c40-7de27b77fefa_ENSG00000177556.12,0,0,0,8,610668618,0,0,5,79868138,0,0,0,0,5,969971046,0,12,36544846,0
da7901f8-0938-4aa6-a128-193a10abc4c8_ENSG00000055955.17,0,13,25793985,0,0,0,0,0,0,0,13,93689375,6,129441547,5,969971046,0,0,0
daa526e6-d69c-4e7e-b2ec-581a928e6f10_ENSG00000137841.12,0,19,88690977,0,8,610668618,7,514502991,0,23,19472552,9,662956092,5,739836185,0,6,129441547,0,23,96338395,6,182724232,0
dac1908a-45de-401c-8d08-267bda205319_chr1:234372000,0,0,0,0,7,514502991,0,5,79868138,0,0,0,0,0,7,98779465,6,182724232,0
dae86bc6-aa41-4f64-9b91-560d1e06f685_ENSG00000266028.8,14,99093049,0,26,65486745,8,610668618,0,5,774005428,0,9,662956092,5,739836185,0,12,25888309,0,15,9755893,0,0
db6d64fa-5d8e-4662-bc20-77d762eac7dc_ENSG00000133275.16,0,0,0,8,610668618,7,514502991,0,0,0,0,0,0,0,0,0,0
db75698b-7630-4030-a240-ceda921ffaf5_ENSG00000108375.13,29,98186097,6,628969924,5,330973489,0,7,514502991,23,09602171,0,0,11,47967237,0,0,0,15,9755893,12,36544846,0
dbb09a43-03e8-40e5-a536-caebac1d7c5d_ENSG00000111224.14,0,6,628969924,0,0,15,02900598,5,774005428,0,9,662956092,0,13,93689375,18,38832464,5,969971046,7,98779465,6,182724232,0
dc01165f-786b-4e79-b0b2-f84cd13ec54a_ENSG00000184897.6,74,95465244,132,5793985,165,2601782,146,3813665,150,2900598,115,4801086,110,1749462,193,2591218,235,3332836,153,3058312,85,81218165,125,369392,135,792509,173,1162785,0
dc65399c-cd11-412f-8147-046f4437e678_ENSG00000082153.18,0,6,628969924,0,8,610668618,0,0,0,19,32591218,0,13,93689375,12,25888309,5,969971046,15,9755893,0,0
dd27069a-c6d0-4cfe-98b4-3659be9af5c9_ENSG00000138771.16,14,99093049,0,0,8,610668618,7,514502991,11,54801086,5,79868138,9,662956092,0,13,93689375,36,77664928,0,31,9511786,12,36544846,0
dd61fae9-8bff-4eff-b0e7-b566a36b0b7a_ENSG00000151090.20,14,99093049,13,25793985,10,66194698,34,44267447,15,02900598,17,32201628,17,39604414,19,32591218,22,95934474,27,87378749,18,38832464,29,84985523,15,9755893,55,64451809,0
ddb686e1-f55f-439b-bf04-582186a93364_ENSG00000136153.20,29,98186097,19,88690977,0,8,610668618,22,54350897,5,774005428,23,19472552,28,98886827,34,43901711,55,74757498,6,129441547,17,90991314,95,8535358,12,36544846,0
ddbd9749-87c5-4388-9fbe-b022bf9919da_ENSG00000171735.19,0,0,5,330973489,0,0,0,0,0,0,0,0,0,0,6,182724232,0
de274c33-d5ce-448c-94be-9cc0223f6a57_ENSG00000114544.17,0,0,0,0,0,0,0,0,0,0,6,129441547,0,0,12,36544846,0
def6da7f-25c2-43c9-8d55-318f49c5322b_ENSG00000144908.14,0,0,0,0,0,0,0,0,0,0,0,0,0,6,182724232,0
df1440ac-a78d-4217-99cf-cce051e61d5b_ENSG00000055955.17,0,0,0,0,0,0,0,0,0,0,0,0,15,9755893,0,0
df5bcb24-80b7-4b35-97f6-67b0806cd1c5_ENSG00000147316.15,0,6,628969924,0,0,7,514502991,0,0,0,5,739836185,0,6,129441547,0,0,0,0
df8b9752-b335-4aa1-8913-451b5c08f952_ENSG00000166922.9,14,99093049,0,5,330973489,0,0,5,774005428,0,0,5,739836185,13,93689375,0,5,969971046,7,98779465,0,0
df8d138e-ad49-45e4-b2cb-de441b219703_ENSG00000197442.10,0,0,10,66194698,0,15,02900598,0,0,9,662956092,22,95934474,0,6,129441547,23,87988418,7,98779465,30,91362116,0
dfcb2772-e56e-4ad5-98f5-beb0bcc5a71d_ENSG00000003756.17,0,6,628969924,0,8,610668618,15,02900598,0,0,0,0,0,6,129441547,0,7,98779465,0,0
dfef9934-a1a9-4c33-b6d4-99deed9fe9d6_ENSG00000131370.16,14,99093049,13,25793985,0,8,610668618,15,02900598,0,5,79868138,28,98886827,11,47967237,13,93689375,6,129441547,17,90991314,7,98779465,30,91362116,0
e0839981-4142-4f89-a4b1-e7442a5eb968_ENSG00000198650.11,0,19,88690977,0,25,83200586,7,514502991,0,0,0,0,41,81068124,0,0,0,0,0
e19b64bf-534d-4e04-801e-e54c608f757e_ENSG00000104936.20,29,98186097,26,5158797,0,17,22133724,0,5,774005428,11,59736276,0,0,0,12,25888309,0,0,6,182724232,0
e213331a-8c98-4011-bc4e-5072d455a2a1_ENSG00000275234.1,0,0,26,65486745,17,22133724,0,5,774005428,11,59736276,0,0,0,12,25888309,11,93994209,7,98779465,6,182724232,0
e21bf6d9-8405-4aed-a06d-825bda2ac3e2_ENSG00000108387.16,0,26,5158797,31,98584093,8,610668618,15,02900598,5,774005428,0,0,0,0,12,25888309,5,969971046,7,98779465,0,0
e22a70a2-ddb2-482f-8d50-270d3558d2b1_ENSG00000272851.1,0,0,0,0,0,0,5,79868138,19,32591218,0,0,0,5,969971046,15,9755893,6,182724232,0
e34b8647-9046-4e70-97e5-a6b9f8541ea5_ENSG00000088926.14,0,6,628969924,0,0,7,514502991,5,774005428,11,59736276,9,662956092,11,47967237,0,0,11,93994209,0,12,36544846,0
e357ea1f-7648-45e3-aaaf-d86ec6ea451d_ENSG00000175899.15,0,13,25793985,0,0,0,0,5,79868138,0,0,0,6,129441547,0,7,98779465,0,0
e3998df1-75ce-4904-b2cb-364ab28d35e1_ENSG00000145012.14,0,6,628969924,0,0,0,0,0,0,5,739836185,0,0,5,969971046,0,0,0
e3d0677d-9082-433b-9272-5c8968b110ca_ENSG00000105707.15,14,99093049,13,25793985,0,0,0,5,774005428,5,79868138,0,0,0,6,129441547,0,0,6,182724232,0
e412ab84-6d61-46fb-a345-c59bc95d752f_ENSG00000108557.20,0,13,25793985,0,0,0,0,0,0,0,0,6,129441547,0,0,6,182724232,0
e4482813-e8da-47fd-be33-d96f5c4f51d1_ENSG00000068650.19,14,99093049,19,88690977,0,25,83200586,37,57251495,11,54801086,11,59736276,9,662956092,17,21950856,27,87378749,24,51776619,23,87988418,15,9755893,12,36544846,0
e4937358-e163-48b0-8316-0be5f8d5c257_ENSG00000162517.13,0,6,628969924,0,0,0,0,0,0,5,739836185,0,0,0,7,98779465,0,0
e53f9e95-03ca-4e10-bdbb-f79ddb0ecacf_ENSG00000269176.2,0,0,5,330973489,0,0,0,5,79868138,0,11,47967237,0,0,0,7,98779465,6,182724232,0
e564d788-b63c-46ca-b745-355b5943fcfb_ENSG00000149294.17,0,0,5,330973489,8,610668618,0,0,5,79868138,9,662956092,0,0,0,0,7,98779465,0,0
e588e5f0-2e51-47eb-bc01-dc995c207cbd_ENSG00000144283.23,0,6,628969924,0,17,22133724,22,54350897,0,0,0,22,95934474,0,6,129441547,11,93994209,7,98779465,0,0
e5e5295b-669c-4318-b6a1-9474bc245083_ENSG00000118600.13,0,13,25793985,5,330973489,0,7,514502991,11,54801086,0,0,5,739836185,0,0,11,93994209,15,9755893,18,5481727,0
e5f7a0e1-438b-44e8-8bb8-b7fa14ae906a_ENSG00000100567.13,0,6,628969924,0,0,7,514502991,0,11,59736276,9,662956092,11,47967237,0,6,129441547,0,0,0,0
e62a9f35-7558-4e0c-aeb0-4947052c78fd_ENSG00000160282.15,0,6,628969924,0,0,0,0,0,0,0,0,0,5,969971046,0,6,182724232,0
e62d9976-5b3c-4afb-b776-3bfd0e1413b8_ENSG00000116729.14,0,13,25793985,5,330973489,0,22,54350897,5,774005428,0,0,11,47967237,0,0,23,87988418,0,6,182724232,0
e65df9c3-4ac6-45d3-9584-a7ba56a26904_ENSG00000075711.21,0,0,0,0,0,5,774005428,0,0,5,739836185,0,0,0,0,6,182724232,0
e70d38da-c76b-4565-8290-966542d37c22_ENSG00000142207.7,14,99093049,6,628969924,5,330973489,25,83200586,0,0,17,39604414,0,0,27,87378749,0,11,93994209,31,9511786,0,0
e7353e70-1164-4255-8de7-4152c2228eae_ENSG00000133112.17,134,9183744,258,5298271,586,4070838,370,2587506,285,5511136,409,9543854,365,3169269,260,8998145,373,089352,306,6116624,373,8959343,447,7478284,287,5606074,451,3388689,179,7591228
e77b7995-33c0-4346-99d6-6871da8ce17f_ENSG00000129595.14,0,6,628969924,5,330973489,8,610668618,0,5,774005428,23,19472552,0,11,47967237,0,6,129441547,11,93994209,0,0,0
e7d854d1-2cc4-4278-ad26-e2bd235ff199_ENSG00000031003.11,0,13,25793985,10,66194698,0,15,02900598,0,0,0,11,47967237,13,93689375,12,25888309,5,969971046,15,9755893,12,36544846,0
e85e7dde-c1d0-44de-9f2a-0c89eca4aa30_ENSG00000101972.20,0,6,628969924,0,8,610668618,0,0,0,19,32591218,5,739836185,0,0,5,969971046,7,98779465,6,182724232,0
e8b0b533-8ae5-453b-9bce-50e210062fbd_ENSG00000157326.19,0,19,88690977,26,65486745,8,610668618,22,54350897,0,5,79868138,0,0,0,12,25888309,5,969971046,7,98779465,6,182724232,0
e8ff8d84-623a-4a36-b728-1912cf20ee46_ENSG00000130779.22,29,98186097,26,5158797,5,330973489,25,83200586,15,02900598,23,09602171,34,79208828,9,662956092,45,91868948,27,87378749,30,64720773,23,87988418,63,9023572,12,36544846,0
e9a69cbb-61ef-4732-9024-35377675dbae_ENSG00000257702.4,0,19,88690977,10,66194698,0,7,514502991,11,54801086,34,79208828,28,98886827,22,95934474,27,87378749,30,64720773,23,87988418,39,93897325,30,91362116,0
ea05468e-ae27-41d5-8be8-fb2da3383326_ENSG00000099326.9,0,0,0,0,15,02900598,0,0,9,662956092,0,0,0,0,15,9755893,0,0
ea8226c2-e40a-40aa-8e6e-2c0c383f1301_ENSG00000156508.19,14,99093049,13,25793985,26,65486745,8,610668618,7,514502991,11,54801086,23,19472552,9,662956092,11,47967237,0,12,25888309,23,87988418,39,93897325,6,182724232,0
ea986a53-e97d-4be5-81e8-c7503e9f33ac_ENSG00000151718.16,0,6,628969924,5,330973489,0,0,5,774005428,0,19,32591218,5,739836185,13,93689375,12,25888309,0,0,12,36544846,0
eaab3035-aa88-4091-a816-f791ea0fbd48_chr5:441000,0,6,628969924,5,330973489,0,7,514502991,11,54801086,0,0,0,0,0,5,969971046,0,12,36544846,0
eaba9927-2b60-46d3-bfaf-0f492ff65325_ENSG00000163872.16,0,6,628969924,0,0,7,514502991,11,54801086,5,79868138,9,662956092,0,0,0,0,7,98779465,0,0
eadb6a6d-92a4-461f-aae7-7feb3f3592b9_ENSG00000261061.1,0,6,628969924,5,330973489,8,610668618,15,02900598,5,774005428,0,0,0,0,6,129441547,0,7,98779465,6,182724232,0
eb2b0507-b0e8-43ab-9e2e-e79b16d230df_ENSG00000133112.17,29,98186097,0,5,330973489,0,0,0,0,0,0,0,0,0,0,0,0
ec8f888f-47bf-4bf0-8e5b-5f19f40d858a_ENSG00000146648.20,0,6,628969924,5,330973489,8,610668618,7,514502991,0,0,0,0,0,0,0,0,0,0
ed0572b0-f17b-4f25-ad00-6e4da7137f47_ENSG00000198650.11,0,13,25793985,5,330973489,8,610668618,7,514502991,5,774005428,0,0,5,739836185,13,93689375,0,0,0,12,36544846,0
ed7174e2-d035-45b7-917f-e3778ebc4338_ENSG00000114853.15,14,99093049,0,0,0,0,0,5,79868138,0,11,47967237,0,12,25888309,0,7,98779465,12,36544846,0
ede333a3-a62f-4b25-818a-9aceec717aaf_chr11:70467000,0,6,628969924,5,330973489,8,610668618,0,5,774005428,0,0,0,0,0,5,969971046,7,98779465,6,182724232,0
ee5f76d2-1ebe-41a3-bcea-66771498403f_ENSG00000125827.9,44,97279146,26,5158797,26,65486745,8,610668618,15,02900598,17,32201628,28,9934069,0,0,13,93689375,12,25888309,11,93994209,71,89015185,37,09634539,0
ee86e7e6-3e87-46fe-b130-da54df27ec8a_chr1:6785000,14,99093049,0,10,66194698,0,0,0,0,0,0,0,0,0,0,0,0
eea388e6-3188-4bab-bd83-0b14d5baac58_ENSG00000288663.1,0,0,0,0,0,11,54801086,0,0,0,0,0,0,0,6,182724232,0
ef0129cd-17c9-4054-9686-337448c72a37_ENSG00000133422.14,0,0,5,330973489,8,610668618,7,514502991,5,774005428,5,79868138,9,662956092,0,0,12,25888309,0,7,98779465,12,36544846,0
ef238f2b-2ce0-42f5-8fcc-923e9f3888d9_ENSG00000136811.17,14,99093049,13,25793985,5,330973489,0,0,0,0,0,0,0,0,0,0,0,0
ef63ccc9-757c-4514-86fe-05b9491e6995_ENSG00000114956.20,0,0,5,330973489,0,0,5,774005428,5,79868138,0,0,0,0,5,969971046,0,0,0
ef996a2f-742d-4231-85dc-6257d36918f8_ENSG00000184254.17,0,6,628969924,10,66194698,8,610668618,7,514502991,5,774005428,11,59736276,0,5,739836185,13,93689375,0,0,7,98779465,6,182724232,0
f0354700-10ec-40f4-8c58-b0a2fae8a09d_ENSG00000110651.12,0,0,5,330973489,0,7,514502991,11,54801086,0,0,0,0,0,0,7,98779465,6,182724232,0
f0483640-edb8-43b8-8145-3428a4cc4124_ENSG00000099622.14,14,99093049,13,25793985,0,0,0,5,774005428,0,0,0,0,0,0,0,0,0
f0521c9c-92fc-4d07-b68b-ee393710e3bf_ENSG00000259673.6,0,0,10,66194698,0,0,0,0,9,662956092,0,0,6,129441547,5,969971046,0,0,0
f06cb763-a1fd-462b-88be-fcb211477f4d_ENSG00000139835.14,29,98186097,13,25793985,10,66194698,0,7,514502991,0,5,79868138,0,5,739836185,27,87378749,6,129441547,0,0,6,182724232,0
f0774abe-bec5-4a36-accb-97a7f4b1cb0c_ENSG00000169762.17,14,99093049,19,88690977,15,99292047,8,610668618,22,54350897,11,54801086,23,19472552,19,32591218,34,43901711,27,87378749,12,25888309,23,87988418,31,9511786,6,182724232,0
f08f3d56-5a8b-4f25-aae5-1f00d53bef16_ENSG00000102606.19,14,99093049,6,628969924,0,0,22,54350897,0,5,79868138,38,65182437,5,739836185,13,93689375,12,25888309,0,0,6,182724232,0
f0a0b525-94d1-48ba-ba49-d0ba6816efcc_chr9:135488000,0,6,628969924,21,32389396,0,0,0,11,59736276,0,11,47967237,0,0,0,0,0,0
f0e53bf1-f4a3-4add-a193-9ef06b71411b_ENSG00000268858.2,0,0,10,66194698,17,22133724,7,514502991,5,774005428,5,79868138,19,32591218,0,27,87378749,0,0,31,9511786,0,0
f135083f-8dff-446c-a047-45d556fe262e_ENSG00000157873.18,0,0,0,0,0,0,0,9,662956092,11,47967237,0,6,129441547,0,0,0,0
f1cbd3e8-c02c-40d9-836e-52bc8dc0f4b9_ENSG00000132437.18,0,0,0,25,83200586,15,02900598,34,64403257,11,59736276,9,662956092,5,739836185,55,74757498,12,25888309,11,93994209,0,6,182724232,0
f2d103a6-6e3c-4a98-bbb7-285ca6609e10_ENSG00000172175.15,0,0,0,0,0,0,0,0,5,739836185,0,6,129441547,0,7,98779465,0,0
f2e7b61c-5fda-40f5-9544-d19b8c9fb65b_chr17:10729000,0,0,5,330973489,0,0,0,5,79868138,0,0,0,0,11,93994209,0,6,182724232,0
f461a188-ab60-4819-be86-dddc868d6bbc_ENSG00000224389.9,0,0,5,330973489,0,0,5,774005428,0,9,662956092,0,0,0,5,969971046,7,98779465,6,182724232,0
f4c22e42-d8cf-47a6-8905-6ec975d89855_ENSG00000055955.17,14,99093049,13,25793985,0,17,22133724,30,05801196,5,774005428,23,19472552,19,32591218,22,95934474,41,81068124,42,90609083,0,7,98779465,12,36544846,0
f4eb8f1e-3461-409b-b294-f2e05de5ab58_ENSG00000123094.16,14,99093049,0,0,0,7,514502991,0,5,79868138,0,0,27,87378749,6,129441547,0,0,6,182724232,0
f5061268-c7aa-4d14-9c41-f47638fcd442_ENSG00000139835.14,0,0,0,8,610668618,0,5,774005428,5,79868138,9,662956092,5,739836185,13,93689375,0,0,7,98779465,0,0
f583b443-1fa0-4d4a-ad9d-4f5e286699c9_ENSG00000187555.16,0,0,0,17,22133724,7,514502991,11,54801086,11,59736276,9,662956092,5,739836185,0,0,0,0,0,0
f59217a6-a865-4026-866b-0b5be347e961_ENSG00000154822.18,0,6,628969924,5,330973489,0,0,17,32201628,11,59736276,0,11,47967237,0,12,25888309,17,90991314,15,9755893,24,73089693,0
f5c2557e-2d4b-4782-8a79-ca2699814040_ENSG00000239569.4,14,99093049,6,628969924,15,99292047,0,15,02900598,23,09602171,5,79868138,0,0,0,0,0,0,6,182724232,0
f5f700ff-650e-4dcb-ac70-bc441bff23f0_ENSG00000040341.18,0,0,5,330973489,0,15,02900598,5,774005428,0,0,17,21950856,0,6,129441547,5,969971046,0,12,36544846,0
f670780b-ea0e-4ade-8a9e-3a37b660137c_ENSG00000224389.9,0,19,88690977,0,0,0,0,5,79868138,9,662956092,5,739836185,0,0,0,7,98779465,0,0
f67b3326-bbe9-4b04-84d1-87e61f7da138_ENSG00000173821.20,0,0,5,330973489,8,610668618,0,0,0,0,0,0,0,0,7,98779465,0,0
f6af5df1-8151-4140-a34c-edd043331396_ENSG00000225205.5,0,0,0,0,7,514502991,5,774005428,5,79868138,0,0,13,93689375,0,5,969971046,7,98779465,12,36544846,0
f711b1f9-a2a1-4bdc-b422-9857294a3e9e_ENSG00000055955.17,0,6,628969924,0,8,610668618,0,0,0,0,11,47967237,0,6,129441547,0,0,0,0
f7f1d5f9-bb69-44f1-bf68-f0837a431fe9_ENSG00000224389.9,14,99093049,0,0,17,22133724,0,5,774005428,0,0,0,0,18,38832464,11,93994209,15,9755893,12,36544846,0
f864261c-8eba-4491-9234-1b8b445fc21d_ENSG00000003402.21,0,6,628969924,0,0,0,5,774005428,5,79868138,0,0,13,93689375,6,129441547,0,15,9755893,0,0
f8aeeed0-c651-4ec3-b7a1-130d27cb083a_ENSG00000143786.8,0,0,0,8,610668618,0,5,774005428,0,0,0,0,6,129441547,5,969971046,0,6,182724232,0
f8c38bfa-5b8f-4b0a-aa1b-533f86e074cc_ENSG00000133112.17,0,13,25793985,0,17,22133724,7,514502991,11,54801086,0,0,0,0,12,25888309,5,969971046,7,98779465,12,36544846,0
fa4deeac-521c-44ed-9fbb-ed04e33714ba_ENSG00000288885.1,0,0,10,66194698,8,610668618,15,02900598,0,0,0,5,739836185,0,6,129441547,5,969971046,0,0,0
fa82a82a-36d7-4646-9473-f3e8b87d61e8_ENSG00000157873.18,0,26,5158797,0,34,44267447,30,05801196,17,32201628,5,79868138,0,11,47967237,0,12,25888309,17,90991314,7,98779465,6,182724232,0
fa991358-98ff-4d13-83eb-d063af58b3bb_ENSG00000167615.17,0,0,0,0,7,514502991,5,774005428,0,0,5,739836185,0,0,0,7,98779465,6,182724232,0
faf9036f-4689-489d-9393-d8d0c2e94ece_ENSG00000231856.3,0,13,25793985,10,66194698,0,0,5,774005428,5,79868138,0,0,0,6,129441547,17,90991314,15,9755893,0,0
fb0a98fc-5864-408c-8688-abb361121cb7_ENSG00000004799.8,0,0,0,0,0,0,0,9,662956092,0,0,0,0,7,98779465,0,0
fb1dc28f-c0c3-4ce0-877b-43d695494d83_ENSG00000123607.16,0,0,0,8,610668618,0,0,11,59736276,0,0,0,0,5,969971046,0,6,182724232,0
fbcafedc-d417-4758-ad4e-a14fc7192008_ENSG00000003147.19,0,0,10,66194698,0,0,17,32201628,0,0,11,47967237,13,93689375,6,129441547,11,93994209,0,12,36544846,179,7591228
fc3c8f86-bf99-4b6a-bf86-d2844bd138b8_ENSG00000123124.14,0,13,25793985,0,8,610668618,0,0,11,59736276,9,662956092,0,27,87378749,0,0,7,98779465,0,0
fca63466-9c4d-4cb1-bde6-18f5d214107f_ENSG00000088367.23,0,26,5158797,0,0,0,28,87002714,0,0,5,739836185,0,12,25888309,0,79,8779465,12,36544846,0
fd7b86b9-0e72-41c9-8389-8bc8432fb9b9_ENSG00000042062.13,29,98186097,13,25793985,0,0,7,514502991,0,5,79868138,9,662956092,0,0,18,38832464,0,0,6,182724232,0
fda50dc3-d10d-4de3-a25d-c7a7a91cb829_ENSG00000204842.18,0,0,0,8,610668618,0,5,774005428,0,0,5,739836185,13,93689375,6,129441547,0,15,9755893,0,0
fe159fad-0103-4d09-9907-69e950e9d5a5_ENSG00000166833.23,0,0,0,0,0,5,774005428,0,0,0,13,93689375,6,129441547,0,0,6,182724232,0
fe5d1a6e-209d-49d2-b068-0e007b2b8805_ENSG00000064225.13,0,0,10,66194698,0,0,0,5,79868138,0,5,739836185,0,0,5,969971046,0,0,0
fec7bf04-170b-4492-a930-85315c5e087a_ENSG00000136811.17,0,6,628969924,5,330973489,0,0,5,774005428,0,0,5,739836185,0,30,64720773,0,15,9755893,12,36544846,0
fef6ac5d-cbd0-4e9a-8fd2-ea5c1c8c9c0c_ENSG00000272106.1,0,6,628969924,0,0,7,514502991,0,0,0,5,739836185,0,0,0,0,0,0
ff0940b0-75b7-4911-ad8c-31493829466b_ENSG00000088970.16,0,6,628969924,5,330973489,8,610668618,0,0,5,79868138,0,0,0,6,129441547,0,0,0,0
ff20ec95-f361-4709-a701-242e5f89687e_ENSG00000150527.18,0,0,0,8,610668618,7,514502991,23,09602171,5,79868138,9,662956092,0,0,0,0,15,9755893,0,0
ff444f8e-3506-4a40-a118-12ba2a609844_ENSG00000167978.17,14,99093049,0,0,8,610668618,0,0,0,0,0,0,6,129441547,0,0,0,0
ff4c5d4e-1bf0-4184-a0ec-1fce63e3f93c_ENSG00000204842.18,0,13,25793985,0,8,610668618,7,514502991,5,774005428,5,79868138,0,0,13,93689375,12,25888309,0,7,98779465,6,182724232,0
ffdd2b15-b13c-45a8-a05e-0964b7b3b2d5_chr5:142310000,0,6,628969924,0,0,15,02900598,0,0,0,17,21950856,0,0,23,87988418,0,12,36544846,0