ID_AS;Chr_AS;Pos_init_AS;Pos_end_AS;Strand_AS;Name_As;Name_Sense;Chr_Sense;Pos_init_Sense;Pos_end_Sense;Strand_Sense;Id_Sense
ENSG00000233070;Y;2966844;3002626;-1;ZFY-AS1;ZFY;Y;2935281;2982506;1;ENSG00000067646
ENSG00000228787;Y;14793642;14804033;-1;NLGN4Y-AS1;NLGN4Y;Y;14522573;14845654;1;ENSG00000165246
ENSG00000240868;13;24315725;24321598;-1;C1QTNF9-AS1;C1QTNF9;13;24307166;24322535;1;ENSG00000240654
ENSG00000261485;13;28136843;28138193;-1;PAN3-AS1;PAN3;13;28138506;28295335;1;ENSG00000152520
ENSG00000236581;13;33180401;33281584;1;STARD13-AS;STARD13;13;33103137;33350630;-1;ENSG00000133121
ENSG00000224743;13;30881933;30933846;-1;TEX26-AS1;TEX26;13;30932656;30975500;1;ENSG00000175664
ENSG00000179141;13;29476515;29490105;-1;MTUS2-AS1;MTUS2;13;28820339;29505947;1;ENSG00000132938
ENSG00000236758;13;29239379;29250554;-1;MTUS2-AS2;MTUS2;13;28820339;29505947;1;ENSG00000132938
ENSG00000225350;13;38821798;38827570;-1;FREM2-AS1;FREM2;13;38687077;38887131;1;ENSG00000150893
ENSG00000227213;13;24252749;24254439;-1;SPATA13-AS1;SPATA13;13;23979805;24307074;1;ENSG00000182957
ENSG00000232162;13;27162855;27169135;1;USP12-AS1;USP12;13;27066156;27171811;-1;ENSG00000152484
ENSG00000227528;13;60012734;60044357;1;DIAPH3-AS1;DIAPH3;13;59665583;60163928;-1;ENSG00000139734
ENSG00000233840;13;66990886;67002007;1;PCDH9-AS4;PCDH9;13;66302834;67230445;-1;ENSG00000184226
ENSG00000232132;13;79477364;79481231;-1;NDFIP2-AS1;NDFIP2;13;79481124;79556077;1;ENSG00000102471
ENSG00000228842;13;66825169;66915031;1;PCDH9-AS2;PCDH9;13;66302834;67230445;-1;ENSG00000184226
ENSG00000234377;13;77919689;78617328;1;OBI1-AS1;OBI1;13;78614289;78659155;-1;ENSG00000152193
ENSG00000266441;18;6728821;6729862;-1;ARHGAP28-AS1;ARHGAP28;18;6729716;6915716;1;ENSG00000088756
ENSG00000227354;13;79406293;79427317;1;RBM26-AS1;RBM26;13;79311824;79406477;-1;ENSG00000139746
ENSG00000237001;13;26606544;26641793;-1;WASF3-AS1;WASF3;13;26557683;26688948;1;ENSG00000132970
ENSG00000225263;13;66977432;66985776;1;PCDH9-AS3;PCDH9;13;66302834;67230445;-1;ENSG00000184226
ENSG00000267165;18;11851414;11852751;-1;CHMP1B-AS1;CHMP1B;18;11851413;11854444;1;ENSG00000255112
ENSG00000231755;21;17835016;17885608;-1;CHODL-AS1;CHODL;21;17901263;18267373;1;ENSG00000154645
ENSG00000263627;18;9615264;9619363;1;PPP4R1-AS1;PPP4R1;18;9546791;9615240;-1;ENSG00000154845
ENSG00000261520;18;4264602;4295405;1;DLGAP1-AS5;DLGAP1;18;3496032;4455307;-1;ENSG00000170579
ENSG00000260372;18;26655737;27190698;1;AQP4-AS1;AQP4;18;26852043;26865771;-1;ENSG00000171885
ENSG00000236666;22;15699361;15703403;-1;POTEH-AS1;POTEH;22;15690026;15721631;1;ENSG00000198062
ENSG00000174680;21;29748175;29764002;1;GRIK1-AS1;GRIK1;21;29536933;29940033;-1;ENSG00000171189
ENSG00000232118;21;29370019;29376339;-1;BACH1-AS1;BACH1;21;29194071;29630751;1;ENSG00000156273
ENSG00000263878;18;3962353;4024150;1;DLGAP1-AS4;DLGAP1;18;3496032;4455307;-1;ENSG00000170579
ENSG00000254835;22;31205264;31205616;-1;RNF185-AS1;RNF185;22;31160182;31207019;1;ENSG00000138942
ENSG00000264745;18;23994213;24015339;-1;TTC39C-AS1;TTC39C;18;23992773;24135610;1;ENSG00000168234
ENSG00000232530;22;30239194;30240538;1;LIF-AS1;LIF;22;30240453;30246759;-1;ENSG00000128342
ENSG00000231933;22;25876854;25903247;-1;MYO18B-AS1;MYO18B;22;25742144;26031045;1;ENSG00000133454
ENSG00000286583;18;48162039;48184725;1;ZBTB7C-AS1;ZBTB7C;18;48026672;48410752;-1;ENSG00000184828
ENSG00000278719;20;5990943;6005821;-1;MCM8-AS1;MCM8;20;5950652;5998977;1;ENSG00000125885
ENSG00000237914;20;1633508;1648472;1;SIRPG-AS1;SIRPG;20;1629152;1657779;-1;ENSG00000089012
ENSG00000236526;20;11909404;11918677;-1;BTBD3-AS1;BTBD3;20;11890723;11926609;1;ENSG00000132640
ENSG00000149443;20;18809728;18830153;-1;SCP2D1-AS1;SCP2D1;20;18813783;18814378;1;ENSG00000132631
ENSG00000234650;13;100464440;100481205;-1;PCCA-AS1;PCCA;13;100089015;100530437;1;ENSG00000175198
ENSG00000224418;13;98577244;98578830;1;STK24-AS1;STK24;13;98445185;98577940;-1;ENSG00000102572
ENSG00000205930;21;32772100;32955437;1;C21orf62-AS1;C21orf62;21;32790673;32813743;-1;ENSG00000205929
ENSG00000224347;13;77599755;77606551;-1;SCEL-AS1;SCEL;13;77535674;77645263;1;ENSG00000136155
ENSG00000258197;20;21511447;21512309;1;NKX2-2-AS1;NKX2-2;20;21511017;21514064;-1;ENSG00000125820
ENSG00000264707;18;6256747;6260934;1;L3MBTL4-AS1;L3MBTL4;18;5954706;6415237;-1;ENSG00000154655
ENSG00000237138;21;32020966;32021782;-1;HUNK-AS1;HUNK;21;31873020;32044633;1;ENSG00000142149
ENSG00000267097;18;45423764;45483218;-1;SLC14A2-AS1;SLC14A2;18;45212995;45683688;1;ENSG00000132874
ENSG00000233993;20;18674395;18698709;-1;DTD1-AS1;DTD1;20;18587942;18766644;1;ENSG00000125821
ENSG00000229766;20;8019180;8043512;1;TMX4-AS1;TMX4;20;7977346;8019805;-1;ENSG00000125827
ENSG00000233896;20;1947246;2030028;1;PDYN-AS1;PDYN;20;1978757;1994285;-1;ENSG00000101327
ENSG00000235984;13;92701389;92721614;-1;GPC5-AS1;GPC5;13;91398621;92873682;1;ENSG00000179399
ENSG00000227117;22;30008742;30080480;-1;HORMAD2-AS1;HORMAD2;22;30080464;30177075;1;ENSG00000176635
ENSG00000227117;22;30008742;30080480;-1;HORMAD2-AS1;MTMR3;22;29883169;30030868;1;ENSG00000100330
ENSG00000226263;20;13237801;13239674;-1;ISM1-AS1;ISM1;20;13221274;13300651;1;ENSG00000101230
ENSG00000235914;20;14884250;14929528;-1;MACROD2-AS1;MACROD2;20;13995369;16053197;1;ENSG00000172264
ENSG00000232885;13;92339794;92379536;-1;GPC5-AS2;GPC5;13;91398621;92873682;1;ENSG00000179399
ENSG00000265533;18;67516546;67899619;1;DSEL-AS1;DSEL;18;67506587;67516720;-1;ENSG00000171451
ENSG00000268812;22;30246205;30246998;1;LIF-AS2;LIF;22;30240453;30246759;-1;ENSG00000128342
ENSG00000236054;22;32583300;32584204;1;SYN3-AS1;SYN3;22;32507820;33058381;-1;ENSG00000185666
ENSG00000233009;13;100708325;101059286;1;NALCN-AS1;NALCN;13;101053776;101416508;-1;ENSG00000102452
ENSG00000234527;13;66303871;66323561;1;PCDH9-AS1;PCDH9;13;66302834;67230445;-1;ENSG00000184226
ENSG00000231194;13;98435405;98435840;-1;FARP1-AS1;FARP1;13;98142562;98455176;1;ENSG00000152767
ENSG00000278156;13;44575893;44580432;1;TSC22D1-AS1;TSC22D1;13;44432143;44577147;-1;ENSG00000102804
ENSG00000233213;21;37717102;37719569;-1;KCNJ6-AS1;KCNJ6;21;37607373;38121345;-1;ENSG00000157542
ENSG00000183822;22;36847372;36870441;-1;NCF4-AS1;NCF4;22;36860988;36878017;1;ENSG00000100365
ENSG00000197934;21;26393635;26569252;1;CYYR1-AS1;CYYR1;21;26466209;26573286;-1;ENSG00000166265
ENSG00000223662;21;14582202;14598303;1;SAMSN1-AS1;SAMSN1;21;14485228;14658821;-1;ENSG00000155307
ENSG00000231882;13;113128155;113128880;-1;F10-AS1;F10;13;113122799;113149529;1;ENSG00000126218
ENSG00000223392;13;95479444;95533910;-1;CLDN10-AS1;CLDN10;13;95433604;95579759;1;ENSG00000134873
ENSG00000234884;22;25561117;25564719;-1;GRK3-AS1;GRK3;22;25564675;25729294;1;ENSG00000100077
ENSG00000236188;X;3659487;3668192;1;PRKX-AS1;PRKX;X;3604340;3713649;-1;ENSG00000183943
ENSG00000236017;X;1401769;1414028;1;ASMTL-AS1;ASMTL;X;1403139;1453762;-1;ENSG00000169093
ENSG00000227599;20;42968743;42971492;1;PTPRT-AS1;PTPRT;20;42072752;43189970;-1;ENSG00000196090
ENSG00000231993;22;41174591;41197456;-1;EP300-AS1;EP300;22;41092592;41180077;1;ENSG00000100393
ENSG00000244558;20;44694892;44746021;-1;KCNK15-AS1;KCNK15;20;44745865;44752313;1;ENSG00000124249
ENSG00000244558;20;44694892;44746021;-1;KCNK15-AS1;CCN5;20;44714844;44728509;1;ENSG00000064205
ENSG00000244558;20;44694892;44746021;-1;KCNK15-AS1;MTMR3;22;29883169;30030868;1;ENSG00000100330
ENSG00000256073;21;32393130;32393960;1;URB1-AS1;URB1;21;32311018;32393012;-1;ENSG00000142207
ENSG00000263724;18;3878058;3897069;1;DLGAP1-AS3;DLGAP1;18;3496032;4455307;-1;ENSG00000170579
ENSG00000184385;21;42102134;42108534;-1;UMODL1-AS1;UMODL1;21;42062959;42143453;1;ENSG00000177398
ENSG00000229938;13;109101261;109101919;-1;MYO16-AS2;MYO16;13;108596152;109208005;1;ENSG00000041515
ENSG00000236242;13;109163902;109201483;-1;MYO16-AS1;MYO16;13;108596152;109208005;1;ENSG00000041515
ENSG00000236677;21;36060432;36064408;1;SETD4-AS1;SETD4;21;36034541;36079389;-1;ENSG00000185917
ENSG00000230212;21;36069642;36126640;-1;CBR1-AS1;CBR1;21;36069941;36073166;1;ENSG00000159228
ENSG00000225579;13;77779723;77844145;1;EDNRB-AS1;EDNRB;13;77895481;77975529;-1;ENSG00000136160
ENSG00000227848;13;48001389;48002552;1;SUCLA2-AS1;SUCLA2;13;47745736;48037968;-1;ENSG00000136143
ENSG00000229918;13;98832084;98834629;1;DOCK9-AS1;DOCK9;13;98793429;99086625;-1;ENSG00000088387
ENSG00000224192;22;26241331;26254092;-1;SEZ6L-AS1;SEZ6L;22;26169462;26383597;1;ENSG00000100095
ENSG00000264247;18;74590317;74598885;-1;ZNF407-AS1;ZNF407;18;74597870;75065671;1;ENSG00000215421
ENSG00000243810;20;20258407;20267809;-1;CFAP61-AS1;CFAP61;20;20052514;20360703;1;ENSG00000089101
ENSG00000236520;13;94154193;94187991;-1;GPC6-AS1;GPC6;13;93226807;94408020;1;ENSG00000183098
ENSG00000234445;13;102367539;102373666;1;FGF14-AS1;FGF14;13;101710804;102402457;-1;ENSG00000102466
ENSG00000272143;13;102394630;102395703;1;FGF14-AS2;FGF14;13;101710804;102402457;-1;ENSG00000102466
ENSG00000224790;21;36966461;36975164;1;HLCS-AS1;HLCS;21;36748626;36990236;-1;ENSG00000159267
ENSG00000224394;13;93818424;93836144;-1;GPC6-AS2;GPC6;13;93226807;94408020;1;ENSG00000183098
ENSG00000234693;20;50645471;50662275;1;RIPOR3-AS1;RIPOR3;20;50586108;50691542;-1;ENSG00000042062
ENSG00000229558;13;23418971;23428869;1;SACS-AS1;SACS;13;23288689;23433763;-1;ENSG00000151835
ENSG00000233672;13;50862172;50910764;-1;RNASEH2B-AS1;RNASEH2B;13;50909747;51024120;1;ENSG00000136104
ENSG00000236388;20;34441592;34442025;-1;ITCH-AS1;ITCH;20;34363241;34540748;1;ENSG00000078747
ENSG00000224574;21;45407386;45410065;-1;COL18A1-AS2;COL18A1;21;45405165;45513720;1;ENSG00000182871
ENSG00000183535;21;45419716;45425070;-1;COL18A1-AS1;COL18A1;21;45405165;45513720;1;ENSG00000182871
ENSG00000238194;20;59624904;59628295;-1;PHACTR3-AS1;PHACTR3;20;59577509;59847711;1;ENSG00000087495
ENSG00000227256;21;32277863;32280988;1;MIS18A-AS1;MIS18A;21;32268228;32279049;-1;ENSG00000159055
ENSG00000232623;21;32306464;32308737;-1;MRAP-AS1;MRAP;21;32291813;32314784;1;ENSG00000170262
ENSG00000231944;X;72688950;72712348;1;PHKA1-AS1;PHKA1;X;72578814;72714319;-1;ENSG00000067177
ENSG00000230844;X;46545438;46548841;1;ZNF674-AS1;ZNF674;X;46497725;46545457;-1;ENSG00000251192
ENSG00000236276;X;43949732;43971582;1;NDP-AS1;NDP;X;43948776;43973395;-1;ENSG00000124479
ENSG00000233661;X;63349646;63352178;1;SPIN4-AS1;SPIN4;X;63347228;63351332;-1;ENSG00000186767
ENSG00000233695;13;113815630;113845744;1;GAS6-AS1;GAS6;13;113820549;113864076;-1;ENSG00000183087
ENSG00000229111;13;48077137;48079991;1;MED4-AS1;MED4;13;48053323;48095131;-1;ENSG00000136146
ENSG00000264859;18;31542146;31556948;-1;DSG2-AS1;DSG2;18;31498177;31549008;1;ENSG00000046604
ENSG00000258655;14;32074946;32076793;-1;ARHGAP5-AS1;ARHGAP5;14;32076114;32159728;1;ENSG00000100852
ENSG00000257636;14;30437992;30573629;-1;G2E3-AS1;G2E3;14;30559158;30620064;1;ENSG00000092140
ENSG00000255568;21;39313935;39314962;1;BRWD1-AS2;BRWD1;21;39184176;39321559;-1;ENSG00000185658
ENSG00000238141;21;39315707;39323218;1;BRWD1-AS1;BRWD1;21;39184176;39321559;-1;ENSG00000185658
ENSG00000230319;22;43038585;43052366;1;TTLL1-AS1;TTLL1;22;43039516;43089419;-1;ENSG00000100271
ENSG00000236272;22;43212674;43213661;1;SCUBE1-AS2;SCUBE1;22;43197280;43343372;-1;ENSG00000159307
ENSG00000235032;20;57214872;57215866;1;BMP7-AS1;BMP7;20;57168753;57266641;-1;ENSG00000101144
ENSG00000261105;13;75604700;75635994;-1;LMO7-AS1;LMO7;13;75620434;75859870;1;ENSG00000136153
ENSG00000170919;13;45341345;45417975;1;TPT1-AS1;TPT1;13;45333471;45341284;-1;ENSG00000133112
ENSG00000184809;21;39597147;39612910;-1;B3GALT5-AS1;B3GALT5;21;39556442;39673137;1;ENSG00000183778
ENSG00000235513;22;41207592;41228500;-1;L3MBTL2-AS1;L3MBTL2;22;41205282;41231271;1;ENSG00000100395
ENSG00000235123;21;40383083;40385358;1;DSCAM-AS1;DSCAM;21;40010999;40847158;-1;ENSG00000171587
ENSG00000251015;13;45418162;45420371;1;SLC25A30-AS1;SLC25A30;13;45393316;45418455;-1;ENSG00000174032
ENSG00000204832;10;17386919;17445758;1;ST8SIA6-AS1;ST8SIA6;10;17315421;17454595;-1;ENSG00000148488
ENSG00000223843;22;43516107;43560063;1;EFCAB6-AS1;EFCAB6;22;43528744;43812337;-1;ENSG00000186976
ENSG00000203527;22;43275955;43283830;1;SCUBE1-AS1;SCUBE1;22;43197280;43343372;-1;ENSG00000159307
ENSG00000224517;13;46852143;46856299;1;HTR2A-AS1;HTR2A;13;46831546;46897076;-1;ENSG00000102468
ENSG00000223815;13;60144648;60153678;1;DIAPH3-AS2;DIAPH3;13;59665583;60163928;-1;ENSG00000139734
ENSG00000233642;10;25158072;25176276;-1;GPR158-AS1;GPR158;10;25174802;25602229;1;ENSG00000151025
ENSG00000236336;6;4774526;4775408;-1;CDYL-AS1;CDYL;6;4706159;4955551;1;ENSG00000153046
ENSG00000120664;13;36346431;36369601;1;SPART-AS1;SPART;13;36301638;36370180;-1;ENSG00000133104
ENSG00000280080;22;46914092;46916042;-1;TBC1D22A-AS1;TBC1D22A;22;46762617;47175699;1;ENSG00000054611
ENSG00000220925;X;70148582;70149654;-1;IGBP1-AS2;IGBP1;X;70133447;70166324;1;ENSG00000089289
ENSG00000271360;10;11611305;11612227;1;USP6NL-AS1;USP6NL;10;11460510;11611666;-1;ENSG00000148429
ENSG00000216863;6;6346465;6622771;-1;LY86-AS1;LY86;6;6588108;6654983;1;ENSG00000112799
ENSG00000236256;X;97431286;97642589;-1;DIAPH2-AS1;DIAPH2;X;96684712;97604997;1;ENSG00000147202
ENSG00000278621;15;39588357;39588882;-1;THBS1-AS1;THBS1;15;39581079;39599466;1;ENSG00000137801
ENSG00000247287;14;61294909;61322838;-1;PRKCH-AS1;PRKCH;14;61187559;61550976;1;ENSG00000027075
ENSG00000242082;22;32205115;32278382;1;SLC5A4-AS1;SLC5A4;22;32218464;32255347;-1;ENSG00000100191
ENSG00000224821;13;110456396;110463287;-1;COL4A2-AS2;COL4A2;13;110305812;110513209;1;ENSG00000134871
ENSG00000232814;13;110502575;110508179;-1;COL4A2-AS1;COL4A2;13;110305812;110513209;1;ENSG00000134871
ENSG00000246350;6;28587378;28591747;1;ZBED9-AS1;ZBED9;6;28570535;28616212;-1;ENSG00000232040
ENSG00000128254;22;31925519;31945518;-1;YWHAH-AS1;YWHAH;22;31944522;31957603;1;ENSG00000128245
ENSG00000280213;20;63953384;63956985;1;UCKL1-AS1;UCKL1;20;63939829;63956416;-1;ENSG00000198276
ENSG00000213742;20;25624045;25689032;1;ZNF337-AS1;ZNF337;20;25673195;25696853;-1;ENSG00000130684
ENSG00000253267;8;1565509;1622417;-1;DLGAP2-AS1;DLGAP2;8;737628;1708476;1;ENSG00000198010
ENSG00000278338;13;41955808;41981565;1;VWA8-AS1;VWA8;13;41566835;41961120;-1;ENSG00000102763
ENSG00000165511;10;44997698;45000888;-1;ZNF22-AS1;ZNF22;10;45000923;45005326;1;ENSG00000165512
ENSG00000178803;22;24429206;24495074;-1;ADORA2A-AS1;ADORA2A;22;24417879;24442357;1;ENSG00000128271
ENSG00000253733;8;20275773;20290458;1;LZTS1-AS1;LZTS1;8;20246165;20303963;-1;ENSG00000061337
ENSG00000233851;13;21005157;21018122;1;LATS2-AS1;LATS2;13;20973036;21061586;-1;ENSG00000150457
ENSG00000226725;X;72998388;73002856;-1;PABPC1L2B-AS1;PABPC1L2B;X;73002939;73006106;1;ENSG00000184388
ENSG00000246283;15;42739118;42743202;1;TTBK2-AS1;TTBK2;15;42738730;42920809;-1;ENSG00000128881
ENSG00000259146;14;71292729;71321882;-1;SIPA1L1-AS1;SIPA1L1;14;71320449;71741229;1;ENSG00000197555
ENSG00000258813;14;73057925;73059415;-1;RBM25-AS1;RBM25;14;73058532;73123899;1;ENSG00000119707
ENSG00000276116;14;65411170;65412690;-1;FUT8-AS1;FUT8;14;65410592;65744121;1;ENSG00000033170
ENSG00000235488;6;15247815;15248634;-1;JARID2-AS1;JARID2;6;15246069;15522042;1;ENSG00000008083
ENSG00000285278;6;10404502;10407928;1;TFAP2A-AS2;TFAP2A;6;10393186;10419659;-1;ENSG00000137203
ENSG00000237637;13;32025314;32031639;-1;FRY-AS1;FRY;13;31846713;32299125;1;ENSG00000073910
ENSG00000258376;14;73242651;73245979;-1;PAPLN-AS1;PAPLN;14;73237497;73274640;1;ENSG00000100767
ENSG00000230314;6;11043482;11079154;1;ELOVL2-AS1;ELOVL2;6;10980759;11044305;-1;ENSG00000197977
ENSG00000204183;20;35433029;35435450;1;GDF5-AS1;GDF5;20;35433347;35454746;-1;ENSG00000125965
ENSG00000225731;21;42733594;42741758;-1;PDE9A-AS1;PDE9A;21;42653621;42775509;1;ENSG00000160191
ENSG00000230500;10;27744786;27767794;1;MKX-AS1;MKX;10;27672874;27746060;-1;ENSG00000150051
ENSG00000232307;13;105459055;105505681;-1;DAOA-AS1;DAOA;13;105465867;105491034;1;ENSG00000182346
ENSG00000267028;18;55452533;55482940;1;TCF4-AS1;TCF4;18;55222185;55664787;-1;ENSG00000196628
ENSG00000267402;18;55492175;55496392;1;TCF4-AS2;TCF4;18;55222185;55664787;-1;ENSG00000196628
ENSG00000225778;10;11849608;11894700;-1;PROSER2-AS1;PROSER2;10;11823339;11872277;1;ENSG00000148426
ENSG00000226200;10;50623466;50641451;1;SGMS1-AS1;SGMS1;10;50305586;50625163;-1;ENSG00000198964
ENSG00000259409;15;40088832;40089386;1;BMF-AS1;BMF;15;40087890;40108892;-1;ENSG00000104081
ENSG00000229950;6;10409340;10416446;1;TFAP2A-AS1;TFAP2A;6;10393186;10419659;-1;ENSG00000137203
ENSG00000232010;21;44250813;44251520;1;DNMT3L-AS1;DNMT3L;21;44246339;44262216;-1;ENSG00000142182
ENSG00000236778;13;51452364;51554678;1;INTS6-AS1;INTS6;13;51354077;51454264;-1;ENSG00000102786
ENSG00000226812;20;44347552;44355185;-1;R3HDML-AS1;R3HDML;20;44337043;44351238;1;ENSG00000101074
ENSG00000229005;20;44372746;44395706;-1;HNF4A-AS1;HNF4A;20;44355700;44432845;1;ENSG00000101076
ENSG00000228740;15;27038978;27161319;-1;GABRG3-AS1;GABRG3;15;26971181;27541984;1;ENSG00000182256
ENSG00000267226;18;58670009;58671877;-1;MALT1-AS1;MALT1;18;58671465;58754477;1;ENSG00000172175
ENSG00000230061;21;44414588;44425272;-1;TRPM2-AS;TRPM2;21;44350163;44443081;1;ENSG00000142185
ENSG00000235890;21;44506807;44516575;1;TSPEAR-AS1;TSPEAR;21;44497893;44711572;-1;ENSG00000175894
ENSG00000182912;21;44517216;44525952;1;TSPEAR-AS2;TSPEAR;21;44497893;44711572;-1;ENSG00000175894
ENSG00000226031;X;138711452;138716617;1;FGF13-AS1;FGF13;X;138614727;139222777;-1;ENSG00000129682
ENSG00000235875;13;111113812;111115678;-1;ARHGEF7-AS2;ARHGEF7;13;111114559;111305737;1;ENSG00000102606
ENSG00000236671;10;52230398;52314507;-1;PRKG1-AS1;PRKG1;10;50990888;52298423;1;ENSG00000185532
ENSG00000229999;22;40372664;40388290;-1;SGSM3-AS1;SGSM3;22;40370591;40410289;1;ENSG00000100359
ENSG00000232564;22;40521800;40526707;1;MRTFA-AS1;MRTFA;22;40410281;40636719;-1;ENSG00000196588
ENSG00000235989;22;30922308;30932449;1;MORC2-AS1;MORC2;22;30925130;30968774;-1;ENSG00000133422
ENSG00000271826;X;115518182;115562731;-1;PLS3-AS1;PLS3;X;115561174;115650861;1;ENSG00000102024
ENSG00000230899;X;149878836;149881070;-1;MAGEA8-AS1;MAGEA8;X;149881141;149885835;1;ENSG00000156009
ENSG00000232160;X;132217053;132432862;1;RAP2C-AS1;RAP2C;X;132203024;132219480;-1;ENSG00000123728
ENSG00000234696;X;151175192;151177836;-1;GPR50-AS1;GPR50;X;151176584;151181465;1;ENSG00000102195
ENSG00000205424;21;45827961;45837987;-1;PCBP3-AS1;PCBP3;21;45643694;45942454;1;ENSG00000183570
ENSG00000234736;10;49121839;49151547;1;FAM170B-AS1;FAM170B;10;49131154;49134021;-1;ENSG00000172538
ENSG00000227352;13;111144305;111144733;-1;ARHGEF7-AS1;ARHGEF7;13;111114559;111305737;1;ENSG00000102606
ENSG00000236051;13;77026767;77129717;1;MYCBP2-AS1;MYCBP2;13;77042474;77327094;-1;ENSG00000005810
ENSG00000229521;13;77080511;77081190;-1;MYCBP2-AS2;MYCBP2;13;77042474;77327094;-1;ENSG00000005810
ENSG00000232684;13;112745449;112754693;-1;ATP11A-AS1;ATP11A;13;112690038;112887168;1;ENSG00000068650
ENSG00000235280;13;112967484;112968824;-1;MCF2L-AS1;MCF2L;13;112894378;113099742;1;ENSG00000126217
ENSG00000249310;22;38991559;38998209;-1;APOBEC3B-AS1;APOBEC3B;22;38982347;38992804;1;ENSG00000179750
ENSG00000227188;22;39475807;39476822;-1;MGAT3-AS1;MGAT3;22;39457012;39492194;1;ENSG00000128268
ENSG00000226390;20;63448051;63449329;1;KCNQ2-AS1;KCNQ2;20;63400208;63472677;-1;ENSG00000075043
ENSG00000231150;6;38923029;38953099;-1;DNAH8-AS1;DNAH8;6;38715311;39030792;1;ENSG00000124721
ENSG00000237338;21;46151614;46152647;1;FTCD-AS1;FTCD;21;46136160;46155579;-1;ENSG00000160282
ENSG00000267690;18;13419421;13427480;-1;LDLRAD4-AS1;LDLRAD4;18;13217498;13652755;1;ENSG00000168675
ENSG00000272269;6;17706257;17707344;1;NUP153-AS1;NUP153;6;17615035;17706925;-1;ENSG00000124789
ENSG00000215424;21;46229196;46259390;1;MCM3AP-AS1;MCM3AP;21;46235133;46286297;-1;ENSG00000160294
ENSG00000227659;13;99690081;99690971;-1;CLYBL-AS2;CLYBL;13;99606669;99909459;1;ENSG00000125246
ENSG00000234303;13;99726245;99728971;-1;CLYBL-AS1;CLYBL;13;99606669;99909459;1;ENSG00000125246
ENSG00000264235;18;3255436;3261850;-1;MYL12-AS1;MYL12A;18;3247481;3256236;1;ENSG00000101608
ENSG00000264235;18;3255436;3261850;-1;MYL12-AS1;MYL12B;18;3261479;3278461;1;ENSG00000118680
ENSG00000235214;20;35285251;35285756;1;FAM83C-AS1;FAM83C;20;35285731;35292425;-1;ENSG00000125998
ENSG00000237149;10;75401519;75408982;1;ZNF503-AS2;ZNF503;10;75397830;75401764;-1;ENSG00000165655
ENSG00000250600;5;10441290;10441792;-1;ROPN1L-AS1;ROPN1L;5;10441524;10472029;1;ENSG00000145491
ENSG00000234942;10;85577731;85607213;1;GRID1-AS1;GRID1;10;85599552;86366795;-1;ENSG00000182771
ENSG00000233871;10;77927372;77929824;1;DLG5-AS1;DLG5;10;77790791;77926755;-1;ENSG00000151208
ENSG00000272767;10;63465229;63466563;1;JMJD1C-AS1;JMJD1C;10;63167221;63521850;-1;ENSG00000171988
ENSG00000258920;14;89417354;89419793;1;FOXN3-AS1;FOXN3;14;89124871;89619149;-1;ENSG00000053254
ENSG00000273082;22;33922422;33922766;1;LARGE1-AS1;LARGE1;22;33162226;33922841;-1;ENSG00000133424
ENSG00000225235;X;135520083;135520674;-1;INTS6L-AS1;INTS6L;X;135520659;135582510;1;ENSG00000165359
ENSG00000256577;12;203642;205094;1;SLC6A12-AS1;SLC6A12;12;190077;214570;-1;ENSG00000111181
ENSG00000234161;X;91414878;91434999;-1;PABPC5-AS1;PABPC5;X;91434595;91438584;1;ENSG00000174740
ENSG00000255958;12;10214161;10214761;-1;GABARAPL1-AS1;GABARAPL1;12;10212458;10223128;1;ENSG00000139112
ENSG00000256661;12;8776219;8830947;-1;A2ML1-AS1;A2ML1;12;8822621;8887001;1;ENSG00000166535
ENSG00000258766;14;80211419;80455469;1;DIO2-AS1;DIO2;14;80197526;80387757;-1;ENSG00000211448
ENSG00000267064;X;47658833;47692326;1;UXT-AS1;UXT;X;47651796;47659180;-1;ENSG00000126756
ENSG00000248550;14;56813183;57152177;1;OTX2-AS1;OTX2;14;56799905;56816693;-1;ENSG00000165588
ENSG00000226803;6;57114894;57174236;-1;ZNF451-AS1;ZNF451;6;57086844;57170305;1;ENSG00000112200
ENSG00000235958;20;3106913;3150867;1;UBOX5-AS1;UBOX5;20;3107573;3160196;-1;ENSG00000185019
ENSG00000256904;12;8819816;8820713;-1;A2ML1-AS2;A2ML1;12;8822621;8887001;1;ENSG00000166535
ENSG00000258325;12;2796877;2812902;-1;ITFG2-AS1;ITFG2;12;2812622;2859791;1;ENSG00000111203
ENSG00000237594;21;31559245;31560487;1;TIAM1-AS1;TIAM1;21;31118416;31559977;-1;ENSG00000156299
ENSG00000230613;20;31567707;31573263;-1;HM13-AS1;HM13;20;31514410;31577923;1;ENSG00000101294
ENSG00000236559;20;31686216;31716825;1;BCL2L1-AS1;BCL2L1;20;31664452;31723989;-1;ENSG00000171552
ENSG00000259673;15;67290636;67521844;-1;IQCH-AS1;IQCH;15;67254786;67502260;1;ENSG00000103599
ENSG00000259521;15;41016807;41027893;1;INO80-AS1;INO80;15;40978880;41116280;-1;ENSG00000128908
ENSG00000273888;14;51649516;51651744;-1;FRMD6-AS1;FRMD6;14;51489100;51730727;1;ENSG00000139926
ENSG00000224533;X;155466540;155611616;1;TMLHE-AS1;TMLHE;X;155489011;155719098;-1;ENSG00000185973
ENSG00000238189;13;43458465;43459484;1;ENOX1-AS2;ENOX1;13;43213130;43786972;-1;ENSG00000120658
ENSG00000233821;13;43543918;43548056;1;ENOX1-AS1;ENOX1;13;43213130;43786972;-1;ENSG00000120658
ENSG00000248554;5;43511058;43521811;1;C5orf34-AS1;C5orf34;5;43486709;43515148;-1;ENSG00000172244
ENSG00000225083;13;113351645;113361868;1;GRTP1-AS1;GRTP1;13;113324163;113364148;-1;ENSG00000139835
ENSG00000233613;13;113468901;113476135;1;DCUN1D2-AS;DCUN1D2;13;113455819;113490951;-1;ENSG00000150401
ENSG00000232712;20;21154023;21218289;-1;KIZ-AS1;KIZ;20;21125983;21246622;1;ENSG00000088970
ENSG00000237259;20;18313765;18315111;-1;ZNF133-AS1;ZNF133;20;18288283;18316996;1;ENSG00000125846
ENSG00000225988;20;9505180;9514998;-1;LAMP5-AS1;LAMP5;20;9514358;9530524;1;ENSG00000125869
ENSG00000248092;5;43571594;43603230;-1;NNT-AS1;NNT;5;43602692;43707405;1;ENSG00000112992
ENSG00000256751;12;14567393;14624191;1;PLBD1-AS1;PLBD1;12;14503661;14567883;-1;ENSG00000121316
ENSG00000258537;14;51454512;51599952;-1;FRMD6-AS2;FRMD6;14;51489100;51730727;1;ENSG00000139926
ENSG00000226533;6;38481692;38482531;1;BTBD9-AS1;BTBD9;6;38168451;38640148;-1;ENSG00000183826
ENSG00000225791;6;52576787;52643058;1;TRAM2-AS1;TRAM2;6;52497408;52577060;-1;ENSG00000065308
ENSG00000225738;10;82228985;82232920;-1;NRG3-AS1;NRG3;10;81875194;82987179;1;ENSG00000185737
ENSG00000205790;19;4679282;4685948;1;DPP9-AS1;DPP9;19;4675224;4724673;-1;ENSG00000142002
ENSG00000272323;5;34837549;34839278;-1;TTC23L-AS1;TTC23L;5;34838833;34899456;1;ENSG00000205838
ENSG00000255660;12;15151923;15155283;1;RERG-AS1;RERG;12;15107783;15348675;-1;ENSG00000134533
ENSG00000204044;20;46013500;46022073;-1;SLC12A5-AS1;SLC12A5;20;46021690;46060150;1;ENSG00000124140
ENSG00000204044;20;46013500;46022073;-1;SLC12A5-AS1;MMP9;20;46008908;46016561;1;ENSG00000100985
ENSG00000227258;13;44110451;44240517;1;SMIM2-AS1;SMIM2;13;44143150;44161257;-1;ENSG00000139656
ENSG00000259307;15;40300670;40301820;1;PLCB2-AS1;PLCB2;15;40278176;40307935;-1;ENSG00000137841
ENSG00000228889;13;99181223;99200757;-1;UBAC2-AS1;UBAC2;13;99200774;99386504;1;ENSG00000134882
ENSG00000235903;13;46052497;46161379;1;CPB2-AS1;CPB2;13;46053186;46105033;-1;ENSG00000080618
ENSG00000227640;13;94703454;94803430;1;SOX21-AS1;SOX21;13;94709622;94712545;-1;ENSG00000125285
ENSG00000226352;13;19674624;19675884;1;PSPC1-AS2;PSPC1;13;19674752;19783019;-1;ENSG00000121390
ENSG00000254109;8;30382119;30385401;-1;RBPMS-AS1;RBPMS;8;30384511;30572256;1;ENSG00000157110
ENSG00000280594;21;17611708;17633199;1;BTG3-AS1;BTG3;21;17593653;17612945;-1;ENSG00000154640
ENSG00000236830;21;36131767;36175815;-1;CBR3-AS1;CBR3;21;36135079;36146562;1;ENSG00000159231
ENSG00000230753;20;33787373;33811109;-1;ZNF341-AS1;ZNF341;20;33731657;33792269;1;ENSG00000131061
ENSG00000261080;6;45573346;45576770;-1;RUNX2-AS1;RUNX2;6;45328157;45664349;1;ENSG00000124813
ENSG00000223487;X;12373167;12375133;-1;FRMPD4-AS1;FRMPD4;X;11822423;12724523;1;ENSG00000169933
ENSG00000233338;X;12902817;12908333;-1;TLR8-AS1;TLR8;X;12906620;12923169;1;ENSG00000101916
ENSG00000230020;X;17552349;17557387;-1;NHS-AS1;NHS;X;17375200;17735994;1;ENSG00000188158
ENSG00000238197;21;32728094;32747065;1;PAXBP1-AS1;PAXBP1;21;32733899;32771792;-1;ENSG00000159086
ENSG00000227039;21;44921051;44929680;1;ITGB2-AS1;ITGB2;21;44885953;44931989;-1;ENSG00000160255
ENSG00000255177;11;1242261;1249676;-1;MUC5B-AS1;MUC5B;11;1223066;1262172;1;ENSG00000117983
ENSG00000226648;20;41098019;41138003;-1;PLCG1-AS1;PLCG1;20;41136960;41196801;1;ENSG00000124181
ENSG00000226440;6;112236093;112307009;1;LAMA4-AS1;LAMA4;6;112107931;112254939;-1;ENSG00000112769
ENSG00000229315;6;99993934;100107613;1;MCHR2-AS1;MCHR2;6;99918519;99994247;-1;ENSG00000152034
ENSG00000254542;11;19978699;19981337;-1;NAV2-AS3;NAV2;11;19350724;20121601;1;ENSG00000166833
ENSG00000259073;14;89576216;89577477;1;FOXN3-AS2;FOXN3;14;89124871;89619149;-1;ENSG00000053254
ENSG00000226083;10;18001786;18010562;-1;SLC39A12-AS1;SLC39A12;10;17951839;18043292;1;ENSG00000148482
ENSG00000254622;11;19510890;19519896;-1;NAV2-AS4;NAV2;11;19350724;20121601;1;ENSG00000166833
ENSG00000254418;11;14262846;14273691;-1;SPON1-AS1;SPON1;11;13962723;14268133;1;ENSG00000262655
ENSG00000245648;12;10363638;10398506;1;KLRK1-AS1;KLRK1;12;10372353;10391874;-1;ENSG00000213809
ENSG00000255308;11;19196775;19281426;1;CSRP3-AS1;CSRP3;11;19182030;19210571;-1;ENSG00000129170
ENSG00000255308;11;19196775;19281426;1;CSRP3-AS1;E2F8;11;19224063;19241620;-1;ENSG00000129173
ENSG00000249854;5;20305565;20347972;1;CDH18-AS1;CDH18;5;19471296;20575873;-1;ENSG00000145526
ENSG00000203809;6;104864464;104941447;-1;LIN28B-AS1;LIN28B;6;104936616;105083332;1;ENSG00000187772
ENSG00000233033;X;41520036;41522336;1;CASK-AS1;CASK;X;41514934;41923554;-1;ENSG00000147044
ENSG00000266729;18;31343368;31426988;-1;DSG1-AS1;DSG1;18;31318160;31359246;1;ENSG00000134760
ENSG00000245311;12;27389789;27446625;-1;ARNTL2-AS1;ARNTL2;12;27332836;27425289;1;ENSG00000029153
ENSG00000268564;19;15124160;15126174;1;ILVBL-AS1;ILVBL;19;15114984;15125786;-1;ENSG00000105135
ENSG00000228677;21;37187666;37193926;-1;TTC3-AS1;TTC3;21;37073226;37203112;1;ENSG00000182670
ENSG00000248572;5;38399814;38403471;-1;EGFLAM-AS2;EGFLAM;5;38258409;38465480;1;ENSG00000164318
ENSG00000176753;15;40250664;40252969;-1;PAK6-AS1;PAK6;15;40217428;40277487;1;ENSG00000137843
ENSG00000179447;20;19242302;19284596;-1;SLC24A3-AS1;SLC24A3;20;19212642;19722926;1;ENSG00000185052
ENSG00000257319;12;45050901;45103107;1;DBX2-AS1;DBX2;12;45014672;45051099;-1;ENSG00000185610
ENSG00000254819;11;26285578;26331289;-1;ANO3-AS1;ANO3;11;26188842;26663289;1;ENSG00000134343
ENSG00000233334;10;124703625;124714217;1;FAM53B-AS1;FAM53B;10;124619292;124744378;-1;ENSG00000189319
ENSG00000227128;10;101229577;101270148;1;LBX1-AS1;LBX1;10;101226994;101229463;-1;ENSG00000138136
ENSG00000227695;10;99927010;99959050;1;DNMBP-AS1;DNMBP;10;99875577;100009947;-1;ENSG00000107554
ENSG00000270607;11;19710934;19712619;-1;NAV2-AS6;NAV2;11;19350724;20121601;1;ENSG00000166833
ENSG00000232725;X;153735626;153766478;-1;PLXNB3-AS1;PLXNB3;X;153764196;153779346;1;ENSG00000198753
ENSG00000228082;6;100427118;100437484;1;SIM1-AS1;SIM1;6;100385009;100464921;-1;ENSG00000112246
ENSG00000184068;22;41831215;41834665;-1;SREBF2-AS1;SREBF2;22;41833079;41907307;1;ENSG00000198911
ENSG00000254560;11;27047186;27220113;-1;BBOX1-AS1;BBOX1;11;27040725;27127809;1;ENSG00000129151
ENSG00000237054;14;22918947;22926900;1;PRMT5-AS1;PRMT5;14;22920525;22929408;-1;ENSG00000100462
ENSG00000255043;11;19502672;19507229;-1;NAV2-AS5;NAV2;11;19350724;20121601;1;ENSG00000166833
ENSG00000232803;20;62663019;62666724;-1;SLCO4A1-AS1;SLCO4A1;20;62642503;62685785;1;ENSG00000101187
ENSG00000228261;10;104323369;104327004;1;ITPRIP-AS1;ITPRIP;10;104309698;104338465;-1;ENSG00000148841
ENSG00000232131;6;125797856;125818858;-1;NCOA7-AS1;NCOA7;6;125781161;125932034;1;ENSG00000111912
ENSG00000229873;20;62800627;62805587;-1;OGFR-AS1;OGFR;20;62804835;62814000;1;ENSG00000060491
ENSG00000224349;6;70412828;70413950;-1;FAM135A-AS1;FAM135A;6;70412941;70561174;1;ENSG00000082269
ENSG00000273769;X;153880672;153888990;1;L1CAM-AS1;L1CAM;X;153861514;153886173;-1;ENSG00000198910
ENSG00000232767;10;116670034;116672750;1;HSPA12A-AS1;HSPA12A;10;116671192;116850251;-1;ENSG00000165868
ENSG00000248587;5;37811589;37953827;1;GDNF-AS1;GDNF;5;37812677;37840041;-1;ENSG00000168621
ENSG00000229539;20;3888239;3888868;-1;PANK2-AS1;PANK2;20;3888839;3929887;1;ENSG00000125779
ENSG00000233554;9;33166948;33182865;1;B4GALT1-AS1;B4GALT1;9;33104082;33167356;-1;ENSG00000086062
ENSG00000254266;8;78268637;78558503;-1;PKIA-AS1;PKIA;8;78516340;78605267;1;ENSG00000171033
ENSG00000249835;5;83531352;83581320;-1;VCAN-AS1;VCAN;5;83471618;83582303;1;ENSG00000038427
ENSG00000235802;X;153969325;153970087;1;HCFC1-AS1;HCFC1;X;153947557;153971818;-1;ENSG00000172534
ENSG00000254231;8;86333274;86343429;-1;WWP1-AS1;WWP1;8;86342547;86478420;1;ENSG00000123124
ENSG00000245573;11;27506830;27698231;1;BDNF-AS;BDNF;11;27654893;27722058;-1;ENSG00000176697
ENSG00000225377;20;316860;348490;-1;NRSN2-AS1;NRSN2;20;346782;359660;1;ENSG00000125841
ENSG00000259293;15;58434890;58498735;-1;LIPC-AS1;LIPC;15;58410569;58569844;1;ENSG00000166035
ENSG00000257588;12;49951512;49962924;-1;AQP5-AS1;AQP5;12;49961872;49965682;1;ENSG00000161798
ENSG00000257588;12;49951512;49962924;-1;AQP5-AS1;AQP2;12;49950737;49958878;1;ENSG00000167580
ENSG00000157306;14;23511760;23560778;1;ZFHX2-AS1;ZFHX2;14;23520857;23556192;-1;ENSG00000136367
ENSG00000253549;8;85440596;85464915;-1;CA3-AS1;CA3;8;85373436;85449040;1;ENSG00000164879
ENSG00000235531;8;71828167;72118393;1;MSC-AS1;MSC;8;71841560;71844412;-1;ENSG00000178860
ENSG00000249252;4;15004942;15427914;-1;C1QTNF7-AS1;C1QTNF7;4;15339818;15446167;1;ENSG00000163145
ENSG00000227610;X;107512983;107545821;-1;FRMPD3-AS1;FRMPD3;X;107449652;107605255;1;ENSG00000147234
ENSG00000258727;14;23561097;23568073;1;AP1G2-AS1;AP1G2;14;23559565;23568070;-1;ENSG00000213983
ENSG00000251450;5;80947694;80960907;-1;RASGRF2-AS1;RASGRF2;5;80960363;81230162;1;ENSG00000113319
ENSG00000250413;4;10006482;10009725;1;SLC2A9-AS1;SLC2A9;4;9771153;10054936;-1;ENSG00000109667
ENSG00000244158;6;116460739;116463692;-1;CALHM6-AS1;CALHM6;6;116461370;116463771;1;ENSG00000188820
ENSG00000224031;X;103626076;103626492;-1;TCEAL3-AS1;TCEAL3;X;103607451;103629690;1;ENSG00000196507
ENSG00000231154;X;103687284;103691772;1;MORF4L2-AS1;MORF4L2;X;103675496;103688158;-1;ENSG00000123562
ENSG00000225234;2;3481242;3482409;-1;TRAPPC12-AS1;TRAPPC12;2;3379675;3485094;1;ENSG00000171853
ENSG00000269019;19;18940235;18947452;1;HOMER3-AS1;HOMER3;19;18929201;18941261;-1;ENSG00000051128
ENSG00000237341;X;49198966;49202454;1;SYP-AS1;SYP;X;49187815;49200218;-1;ENSG00000102003
ENSG00000258730;14;93067452;93072152;1;ITPK1-AS1;ITPK1;14;92936914;93116320;-1;ENSG00000100605
ENSG00000253302;8;73420004;73441526;1;STAU2-AS1;STAU2;8;73420369;73747708;-1;ENSG00000040341
ENSG00000177993;22;29024999;29031476;-1;ZNRF3-AS1;ZNRF3;22;28883572;29057488;1;ENSG00000183579
ENSG00000248801;8;68302246;68331689;-1;C8orf34-AS1;C8orf34;8;68330955;68819023;1;ENSG00000165084
ENSG00000277541;X;48056310;48066583;1;ZNF630-AS1;ZNF630;X;47983356;48071658;-1;ENSG00000221994
ENSG00000256120;12;24223233;24260056;1;SOX5-AS1;SOX5;12;23529504;24562544;-1;ENSG00000134532
ENSG00000249491;5;38425036;38427376;-1;EGFLAM-AS1;EGFLAM;5;38258409;38465480;1;ENSG00000164318
ENSG00000256746;11;47270657;47272110;-1;MADD-AS1;MADD;11;47269161;47330031;1;ENSG00000110514
ENSG00000237675;10;125574371;125578445;1;TEX36-AS1;TEX36;10;125576522;125683163;-1;ENSG00000175018
ENSG00000230098;10;131095218;131095777;1;TCERG1L-AS1;TCERG1L;10;131092391;131311721;-1;ENSG00000176769
ENSG00000240498;9;21994139;22128103;1;CDKN2B-AS1;CDKN2B;9;22002903;22009305;-1;ENSG00000147883
ENSG00000254224;8;96235427;96239149;1;UQCRB-AS1;UQCRB;8;96222947;96235546;-1;ENSG00000156467
ENSG00000254894;11;20119684;20120632;-1;NAV2-AS1;NAV2;11;19350724;20121601;1;ENSG00000166833
ENSG00000250095;5;111912508;112017309;1;NREP-AS1;NREP;5;111662621;111997464;-1;ENSG00000134986
ENSG00000259456;20;50930984;50945148;1;ADNP-AS1;ADNP;20;50888916;50931437;-1;ENSG00000101126
ENSG00000246763;5;98769618;98773469;-1;RGMB-AS1;RGMB;5;98768650;98798643;1;ENSG00000174136
ENSG00000235033;6;39881804;39900071;-1;DAAM2-AS1;DAAM2;6;39792298;39904877;1;ENSG00000146122
ENSG00000258096;12;46371463;46373778;1;SLC38A2-AS1;SLC38A2;12;46358188;46372773;-1;ENSG00000134294
ENSG00000203321;9;74952968;74996293;1;CARNMT1-AS1;CARNMT1;9;74980790;75028423;-1;ENSG00000156017
ENSG00000229109;9;83219288;83238463;1;FRMD3-AS1;FRMD3;9;83242990;83538546;-1;ENSG00000172159
ENSG00000259285;15;58065225;58071043;1;ALDH1A2-AS1;ALDH1A2;15;57953424;58497866;-1;ENSG00000128918
ENSG00000235448;9;12698554;12814377;-1;LURAP1L-AS1;LURAP1L;9;12775020;12823060;1;ENSG00000153714
ENSG00000236708;7;3264032;3302452;-1;SDK1-AS1;SDK1;7;3301252;4269000;1;ENSG00000146555
ENSG00000259248;15;63544247;63601589;-1;USP3-AS1;USP3;15;63504511;63594640;1;ENSG00000140455
ENSG00000247708;4;4542131;4787359;1;STX18-AS1;STX18;4;4415742;4542346;-1;ENSG00000168818
ENSG00000236991;10;125725634;125752110;-1;EDRF1-AS1;EDRF1;10;125719515;125764143;1;ENSG00000107938
ENSG00000246859;5;111510396;111739726;1;STARD4-AS1;STARD4;5;111496033;111512590;-1;ENSG00000164211
ENSG00000256879;12;20361732;20370262;-1;PDE3A-AS1;PDE3A;12;20368537;20688583;1;ENSG00000172572
ENSG00000257557;12;79934901;79942712;1;PPP1R12A-AS1;PPP1R12A;12;79773563;79935460;-1;ENSG00000058272
ENSG00000224958;9;68353614;68357893;-1;PGM5-AS1;PGM5;9;68328308;68531061;1;ENSG00000154330
ENSG00000250295;8;73297711;73356461;-1;RDH10-AS1;RDH10;8;73294602;73325281;1;ENSG00000121039
ENSG00000231373;9;77456295;77526697;1;GNA14-AS1;GNA14;9;77423079;77648322;-1;ENSG00000156049
ENSG00000272841;6;160990318;160992342;-1;MAP3K4-AS1;MAP3K4;6;160991727;161117385;1;ENSG00000085511
ENSG00000249899;5;52930606;52990278;-1;ITGA2-AS1;ITGA2;5;52989340;53094779;1;ENSG00000164171
ENSG00000224186;5;135033280;135358219;1;PITX1-AS1;PITX1;5;135027734;135034813;-1;ENSG00000069011
ENSG00000248464;5;44388732;44413989;1;FGF10-AS1;FGF10;5;44300247;44389706;-1;ENSG00000070193
ENSG00000218537;22;23894426;23898930;-1;MIF-AS1;MIF;22;23894383;23895227;1;ENSG00000240972
ENSG00000263327;4;16226685;16320140;1;TAPT1-AS1;TAPT1;4;16160505;16227410;-1;ENSG00000169762
ENSG00000233409;10;125972188;125973126;-1;FANK1-AS1;FANK1;10;125896564;126009592;1;ENSG00000203780
ENSG00000228124;6;89673469;89675783;1;MDN1-AS1;MDN1;6;89642498;89819794;-1;ENSG00000112159
ENSG00000280927;4;1210120;1218591;1;CTBP1-AS;CTBP1;4;1211445;1249953;-1;ENSG00000159692
ENSG00000229299;20;63744689;63745958;1;ZBTB46-AS2;ZBTB46;20;63743668;63832038;-1;ENSG00000130584
ENSG00000231208;20;63808076;63816521;1;ZBTB46-AS1;ZBTB46;20;63743668;63832038;-1;ENSG00000130584
ENSG00000232283;9;96246462;96250393;1;HSD17B3-AS1;HSD17B3;9;96235306;96302176;-1;ENSG00000130948
ENSG00000228598;7;20141916;20153531;1;MACC1-AS1;MACC1;7;20134655;20217404;-1;ENSG00000183742
ENSG00000203876;10;109940104;110008381;-1;ADD3-AS1;ADD3;10;109996368;110135565;1;ENSG00000148700
ENSG00000238123;X;38801568;38803883;-1;MID1IP1-AS1;MID1IP1;X;38801440;38806537;1;ENSG00000165175
ENSG00000235848;2;37949911;38067041;-1;RMDN2-AS1;RMDN2;2;37923187;38067142;1;ENSG00000115841
ENSG00000259482;15;60681564;60687248;1;RORA-AS2;RORA;15;60488284;61229302;-1;ENSG00000069667
ENSG00000230749;2;66439088;66444221;-1;MEIS1-AS2;MEIS1;2;66433452;66573869;1;ENSG00000143995
ENSG00000244239;7;8262233;8262821;1;ICA1-AS1;ICA1;7;8113184;8262687;-1;ENSG00000003147
ENSG00000267662;19;31348881;31417794;1;TSHZ3-AS1;TSHZ3;19;31149979;31349436;-1;ENSG00000121297
ENSG00000266903;19;44631573;44725217;-1;CEACAM16-AS1;CEACAM16;19;44699151;44710718;1;ENSG00000213892
ENSG00000266903;19;44631573;44725217;-1;CEACAM16-AS1;CEACAM19;19;44662278;44684359;1;ENSG00000186567
ENSG00000266903;19;44631573;44725217;-1;CEACAM16-AS1;PVR;19;44643798;44666162;1;ENSG00000073008
ENSG00000257126;14;28726675;28765292;-1;FOXG1-AS1;FOXG1;14;28766787;28770277;1;ENSG00000176165
ENSG00000228290;6;84687712;84709578;1;TBX18-AS1;TBX18;6;84687351;84764598;-1;ENSG00000112837
ENSG00000258876;14;75970924;75971587;1;TGFB3-AS1;TGFB3;14;75958097;75983011;-1;ENSG00000119699
ENSG00000268001;19;48255675;48258199;1;CARD8-AS1;CARD8;19;48180770;48255946;-1;ENSG00000105483
ENSG00000228481;2;45674701;45675476;-1;PRKCE-AS1;PRKCE;2;45651345;46187990;1;ENSG00000171132
ENSG00000268186;19;48262900;48271283;-1;ZNF114-AS1;ZNF114;19;48270081;48287608;1;ENSG00000178150
ENSG00000251513;5;97089075;97437217;1;LIX1-AS1;LIX1;5;97091867;97142753;-1;ENSG00000145721
ENSG00000251513;5;97089075;97437217;1;LIX1-AS1;RIOK2;5;97160867;97183247;-1;ENSG00000058729
ENSG00000249249;5;115602057;115623897;1;TICAM2-AS1;TICAM2;5;115578496;115602479;-1;ENSG00000243414
ENSG00000235050;6;53978549;54079726;-1;MLIP-AS1;MLIP;6;53929982;54266280;1;ENSG00000146147
ENSG00000245534;15;60479152;60630637;1;RORA-AS1;RORA;15;60488284;61229302;-1;ENSG00000069667
ENSG00000245849;15;40686183;40695107;-1;RAD51-AS1;RAD51;15;40694774;40732340;1;ENSG00000051180
ENSG00000248730;5;38282264;38290986;-1;EGFLAM-AS4;EGFLAM;5;38258409;38465480;1;ENSG00000164318
ENSG00000254862;11;27471729;27482433;1;LGR4-AS1;LGR4;11;27365961;27472790;-1;ENSG00000205213
ENSG00000228231;6;54365335;54369971;-1;TINAG-AS1;TINAG;6;54307859;54390142;1;ENSG00000137251
ENSG00000230290;6;108922976;108924103;-1;ARMC2-AS1;ARMC2;6;108848416;108974476;1;ENSG00000118690
ENSG00000243055;X;30699998;30724174;-1;GK-AS1;GK;X;30653359;30731462;1;ENSG00000198814
ENSG00000231542;X;30834623;30835300;1;TAB3-AS1;TAB3;X;30827442;30975084;-1;ENSG00000157625
ENSG00000235512;X;30854321;30854707;1;TAB3-AS2;TAB3;X;30827442;30975084;-1;ENSG00000157625
ENSG00000236836;X;24650073;24658237;1;PCYT1B-AS1;PCYT1B;X;24558087;24672677;-1;ENSG00000102230
ENSG00000224215;10;23343957;23345181;1;C10orf67-AS1;C10orf67;10;23202696;23344845;-1;ENSG00000179133
ENSG00000258048;12;79690144;79778451;1;PPP1R12A-AS2;PPP1R12A;12;79773563;79935460;-1;ENSG00000058272
ENSG00000255733;12;67989445;68234686;1;IFNG-AS1;IFNG;12;68154768;68159740;-1;ENSG00000111537
ENSG00000265778;18;76491629;76493920;1;ZNF516-AS1;ZNF516;18;76357682;76495242;-1;ENSG00000101493
ENSG00000266053;18;9121179;9136645;-1;NDUFV2-AS1;NDUFV2;18;9102630;9134345;1;ENSG00000178127
ENSG00000177337;18;3593732;3598363;1;DLGAP1-AS1;DLGAP1;18;3496032;4455307;-1;ENSG00000170579
ENSG00000234230;X;24146225;24149654;-1;ZFX-AS1;ZFX;X;24149173;24216255;1;ENSG00000005889
ENSG00000266010;18;22164886;22169878;-1;GATA6-AS1;GATA6;18;22169589;22202528;1;ENSG00000141448
ENSG00000258725;15;90966340;90988625;1;PRC1-AS1;PRC1;15;90966040;90995629;-1;ENSG00000198901
ENSG00000262001;18;3603000;3610103;1;DLGAP1-AS2;DLGAP1;18;3496032;4455307;-1;ENSG00000170579
ENSG00000267270;18;80147908;80179839;1;PARD6G-AS1;PARD6G;18;80157232;80247514;-1;ENSG00000178184
ENSG00000237233;10;61452639;61481956;1;TMEM26-AS1;TMEM26;10;61406642;61453381;-1;ENSG00000196932
ENSG00000245330;8;119867419;119874488;-1;DEPTOR-AS1;DEPTOR;8;119873717;120050918;1;ENSG00000155792
ENSG00000253404;5;138744434;138753309;-1;CTNNA1-AS1;CTNNA1;5;138610967;138935034;1;ENSG00000044115
ENSG00000248192;5;82073055;82073702;-1;ATG10-AS1;ATG10;5;81972023;82276857;1;ENSG00000152348
ENSG00000268895;19;58347718;58355455;1;A1BG-AS1;A1BG;19;58345178;58353492;-1;ENSG00000121410
ENSG00000269609;10;102449816;102461106;1;C10orf95-AS1;C10orf95;10;102449837;102451543;-1;ENSG00000120055
ENSG00000267254;19;36797502;36831596;1;ZNF790-AS1;ZNF790;19;36817428;36850787;-1;ENSG00000197863
ENSG00000231920;10;21174014;21175048;1;NEBL-AS1;NEBL;10;20779973;21293011;-1;ENSG00000078114
ENSG00000181171;8;123984138;124040782;-1;FER1L6-AS1;FER1L6;8;123851987;124120061;1;ENSG00000214814
ENSG00000248127;5;76081946;76084186;-1;SV2C-AS1;SV2C;5;76083383;76353939;1;ENSG00000122012
ENSG00000249131;5;139740951;139747406;-1;PSD2-AS1;PSD2;5;139795808;139844466;1;ENSG00000146005
ENSG00000246985;12;93542022;93571768;-1;SOCS2-AS1;SOCS2;12;93569814;93583487;1;ENSG00000120833
ENSG00000248211;5;136214048;136222159;1;TRPC7-AS1;TRPC7;5;136212745;136365545;-1;ENSG00000069018
ENSG00000248445;5;116447547;116508276;1;SEMA6A-AS1;SEMA6A;5;116443555;116574823;-1;ENSG00000092421
ENSG00000234661;3;363370;385795;-1;CHL1-AS1;CHL1;3;196763;409417;1;ENSG00000134121
ENSG00000258057;12;49827913;49841143;1;BCDIN3D-AS1;BCDIN3D;12;49836043;49843106;-1;ENSG00000186666
ENSG00000249825;5;80052374;80083654;-1;THBS4-AS1;THBS4;5;79991311;80083287;1;ENSG00000113296
ENSG00000249996;5;123036271;123054667;1;PPIC-AS1;PPIC;5;123023250;123036725;-1;ENSG00000168938
ENSG00000227110;3;7951263;8611924;-1;LMCD1-AS1;LMCD1;3;8501807;8574668;1;ENSG00000071282
ENSG00000248256;4;48852008;48860203;-1;OCIAD1-AS1;OCIAD1;4;48805212;48861817;1;ENSG00000109180
ENSG00000228242;3;14144637;14165978;1;XPC-AS1;XPC;3;14145147;14178621;-1;ENSG00000154767
ENSG00000250947;5;136303757;136316100;1;TRPC7-AS2;TRPC7;5;136212745;136365545;-1;ENSG00000069018
ENSG00000227945;6;128027886;128085248;1;PTPRK-AS1;PTPRK;6;127968785;128520616;-1;ENSG00000152894
ENSG00000225792;7;26369310;26376701;-1;SNX10-AS1;SNX10;7;26291862;26374383;1;ENSG00000086300
ENSG00000229452;7;29080284;29082527;1;CPVL-AS1;CPVL;7;28995235;29195451;-1;ENSG00000106066
ENSG00000204706;9;70033921;70175888;-1;MAMDC2-AS1;MAMDC2;9;70043848;70226972;1;ENSG00000165072
ENSG00000259666;15;77641764;77652292;1;LINGO1-AS1;LINGO1;15;77613027;77820900;-1;ENSG00000169783
ENSG00000258384;15;90952239;90955225;-1;RCCD1-AS1;RCCD1;15;90954881;90963125;1;ENSG00000166965
ENSG00000258384;15;90952239;90955225;-1;RCCD1-AS1;UNC45A;15;90930180;90954093;1;ENSG00000140553
ENSG00000255929;11;94545330;94740355;-1;PIWIL4-AS1;PIWIL4;11;94543840;94621421;1;ENSG00000134627
ENSG00000256007;11;72685075;72693808;1;ARAP1-AS1;ARAP1;11;72685069;72793599;-1;ENSG00000186635
ENSG00000227589;1;3658938;3668772;-1;TP73-AS3;TP73;1;3652516;3736201;1;ENSG00000078900
ENSG00000249071;5;38345347;38346551;-1;EGFLAM-AS3;EGFLAM;5;38258409;38465480;1;ENSG00000164318
ENSG00000246214;5;16615926;16681905;1;RETREG1-AS1;RETREG1;5;16473038;16617101;-1;ENSG00000154153
ENSG00000248050;8;109644115;109648084;1;SYBU-AS1;SYBU;8;109573978;109691791;-1;ENSG00000147642
ENSG00000226819;2;66426735;66433470;-1;MEIS1-AS3;MEIS1;2;66433452;66573869;1;ENSG00000143995
ENSG00000224318;3;109707;197341;-1;CHL1-AS2;CHL1;3;196763;409417;1;ENSG00000134121
ENSG00000270344;12;89524594;89548005;1;POC1B-AS1;POC1B;12;89419718;89526047;-1;ENSG00000139323
ENSG00000227588;3;2110409;2144241;-1;CNTN4-AS2;CNTN4;3;2098813;3057959;1;ENSG00000144619
ENSG00000230830;3;35650197;35651961;-1;ARPP21-AS1;ARPP21;3;35638945;35794496;1;ENSG00000172995
ENSG00000234855;10;97102756;97104355;1;SLIT1-AS1;SLIT1;10;96998038;97185959;-1;ENSG00000187122
ENSG00000236202;3;7519741;7560333;-1;GRM7-AS1;GRM7;3;6770001;7741533;1;ENSG00000196277
ENSG00000205488;10;5510036;5526246;-1;CALML3-AS1;CALML3;10;5524961;5526771;1;ENSG00000178363
ENSG00000223652;5;123087248;123090299;-1;PRDM6-AS1;PRDM6;5;123089241;123194266;1;ENSG00000061455
ENSG00000225924;6;149243299;149257551;-1;TAB2-AS1;TAB2;6;149218641;149411613;1;ENSG00000055208
ENSG00000260034;16;25140577;25149032;-1;LCMT1-AS2;LCMT1;16;25111731;25178231;1;ENSG00000205629
ENSG00000197085;7;34346512;34871582;-1;NPSR1-AS1;NPSR1;7;34658218;34878332;1;ENSG00000187258
ENSG00000232287;3;11006098;11019224;-1;SLC6A1-AS1;SLC6A1;3;10992186;11039247;1;ENSG00000157103
ENSG00000227929;3;9216895;9219508;1;SRGAP3-AS3;SRGAP3;3;8980591;9363053;-1;ENSG00000196220
ENSG00000246366;8;70608577;70663279;1;LACTB2-AS1;LACTB2;8;70635318;70669185;-1;ENSG00000147592
ENSG00000237863;X;108736011;108739223;1;IRS4-AS1;IRS4;X;108719946;108736563;-1;ENSG00000133124
ENSG00000237187;5;93360779;93585649;-1;NR2F1-AS1;NR2F1;5;93583222;93594611;1;ENSG00000175745
ENSG00000227660;6;148955628;148964684;-1;UST-AS1;UST;6;148747030;149076990;1;ENSG00000111962
ENSG00000224086;22;21938269;21977632;1;PPM1F-AS1;PPM1F;22;21919425;21952848;-1;ENSG00000100034
ENSG00000225174;6;108123457;108159392;1;OSTM1-AS1;OSTM1;6;108041409;108165854;-1;ENSG00000081087
ENSG00000232913;10;94081950;94108814;-1;PLCE1-AS2;PLCE1;10;93993931;94332823;1;ENSG00000138193
ENSG00000234653;2;76985965;77009791;1;LRRTM4-AS1;LRRTM4;2;76747685;77593319;-1;ENSG00000176204
ENSG00000268894;10;94278681;94287478;-1;PLCE1-AS1;PLCE1;10;93993931;94332823;1;ENSG00000138193
ENSG00000228723;3;9192493;9194453;1;SRGAP3-AS2;SRGAP3;3;8980591;9363053;-1;ENSG00000196220
ENSG00000215196;5;17089296;17217047;-1;BASP1-AS1;BASP1;5;17065598;17276843;1;ENSG00000176788
ENSG00000229893;7;27733064;27740395;-1;TAX1BP1-AS1;TAX1BP1;7;27739331;27844564;1;ENSG00000106052
ENSG00000237728;1;7382487;7389754;-1;CAMTA1-AS2;CAMTA1;1;6785454;7769706;1;ENSG00000171735
ENSG00000250930;4;53496400;53549578;1;LNX1-AS1;LNX1;4;53459301;53701405;-1;ENSG00000072201
ENSG00000231652;6;73693903;73696131;-1;CD109-AS1;CD109;6;73695785;73828316;1;ENSG00000156535
ENSG00000236591;6;149027700;149032573;-1;UST-AS2;UST;6;148747030;149076990;1;ENSG00000111962
ENSG00000235669;7;29199540;29208970;-1;CHN2-AS1;CHN2;7;29146569;29514328;1;ENSG00000106069
ENSG00000224101;7;36997796;37013630;1;ELMO1-AS1;ELMO1;7;36852906;37449223;-1;ENSG00000155849
ENSG00000277449;20;50184598;50191498;-1;CEBPB-AS1;CEBPB;20;50190830;50192668;1;ENSG00000172216
ENSG00000235593;3;29926811;29934156;-1;RBMS3-AS1;RBMS3;3;28574791;30010391;1;ENSG00000144642
ENSG00000259281;15;77660052;77668074;1;LINGO1-AS2;LINGO1;15;77613027;77820900;-1;ENSG00000169783
ENSG00000235904;3;29054570;29290726;-1;RBMS3-AS3;RBMS3;3;28574791;30010391;1;ENSG00000144642
ENSG00000234832;20;23346941;23351486;-1;NXT1-AS1;NXT1;20;23350791;23354771;1;ENSG00000132661
ENSG00000259475;15;98954149;99105824;-1;SYNM-AS1;SYNM;15;99098217;99135593;1;ENSG00000182253
ENSG00000223791;3;23804024;23806905;-1;UBE2E1-AS1;UBE2E1;3;23805955;23891640;1;ENSG00000170142
ENSG00000247081;8;103153394;103298772;-1;BAALC-AS1;BAALC;8;103140713;103230305;1;ENSG00000164929
ENSG00000223351;3;21942566;21979828;1;ZNF385D-AS2;ZNF385D;3;21412218;22373321;-1;ENSG00000151789
ENSG00000269793;19;56595313;56799602;1;ZIM2-AS1;ZIM2;19;56774547;56840731;-1;ENSG00000269699
ENSG00000203280;22;25102433;25112692;-1;KIAA1671-AS1;KIAA1671;22;24952716;25197448;1;ENSG00000197077
ENSG00000227220;6;131950946;132077393;1;CCN2-AS1;CCN2;6;131948176;131951372;-1;ENSG00000118523
ENSG00000237665;3;6892632;6894022;-1;GRM7-AS2;GRM7;3;6770001;7741533;1;ENSG00000196277
ENSG00000225542;3;21542789;21579959;1;ZNF385D-AS1;ZNF385D;3;21412218;22373321;-1;ENSG00000151789
ENSG00000225386;3;26614261;26622943;-1;LRRC3B-AS1;LRRC3B;3;26622806;26717537;1;ENSG00000179796
ENSG00000235740;6;143554325;143562031;-1;PHACTR2-AS1;PHACTR2;6;143536845;143831185;1;ENSG00000112419
ENSG00000248027;11;100684162;100687955;-1;ARHGAP42-AS1;ARHGAP42;11;100687288;100993941;1;ENSG00000165895
ENSG00000253167;8;125040684;125044989;1;WASHC5-AS1;WASHC5;8;125024260;125091819;-1;ENSG00000164961
ENSG00000236467;10;76888044;76980624;1;KCNMA1-AS1;KCNMA1;10;76869601;77638369;-1;ENSG00000156113
ENSG00000225497;10;77147652;77150100;1;KCNMA1-AS2;KCNMA1;10;76869601;77638369;-1;ENSG00000156113
ENSG00000253972;8;119214625;119246848;-1;MAL2-AS1;MAL2;8;119165034;119245673;1;ENSG00000147676
ENSG00000269420;19;48061371;48064945;1;PLA2G4C-AS1;PLA2G4C;19;48047843;48110817;-1;ENSG00000105499
ENSG00000259125;12;57144620;57147619;-1;LRP1-AS;LRP1;12;57128483;57213361;1;ENSG00000123384
ENSG00000223548;5;132003592;132007022;1;ACSL6-AS1;ACSL6;5;131949973;132012243;-1;ENSG00000164398
ENSG00000231172;2;75524068;75542706;1;EVA1A-AS;EVA1A;2;75469302;75569722;-1;ENSG00000115363
ENSG00000251175;4;105746245;105827172;-1;GSTCD-AS1;GSTCD;4;105708778;105847725;1;ENSG00000138780
ENSG00000250467;4;41748293;41824119;1;PHOX2B-AS1;PHOX2B;4;41744082;41748725;-1;ENSG00000109132
ENSG00000251059;4;81164922;81193395;1;PRKG2-AS1;PRKG2;4;81087370;81215222;-1;ENSG00000138669
ENSG00000225437;6;163042557;163054161;-1;PACRG-AS2;PACRG;6;162727132;163315500;1;ENSG00000112530
ENSG00000225683;6;163163830;163192038;-1;PACRG-AS3;PACRG;6;162727132;163315500;1;ENSG00000112530
ENSG00000226258;3;6631008;6805479;-1;GRM7-AS3;GRM7;3;6770001;7741533;1;ENSG00000196277
ENSG00000245248;11;119364359;119526664;1;USP2-AS1;USP2;11;119355215;119381711;-1;ENSG00000036672
ENSG00000257530;12;32104117;32107528;-1;BICD1-AS1;BICD1;12;32106835;32383633;1;ENSG00000151746
ENSG00000204011;9;134649385;134653073;-1;COL5A1-AS1;COL5A1;9;134641803;134844843;1;ENSG00000130635
ENSG00000232998;9;77176760;77178180;-1;VPS13A-AS1;VPS13A;9;77177445;77421537;1;ENSG00000197969
ENSG00000236024;9;129712896;129718635;-1;PRRX2-AS1;PRRX2;9;129665647;129722674;1;ENSG00000167157
ENSG00000224825;9;74485551;74499127;-1;RORB-AS1;RORB;9;74497335;74693177;1;ENSG00000198963
ENSG00000236822;6;142088233;142089219;1;NMBR-AS1;NMBR;6;142058330;142147122;-1;ENSG00000135577
ENSG00000277089;17;36072866;36090134;1;CCL3-AS1;CCL3;17;36088256;36090169;-1;ENSG00000277632
ENSG00000257467;12;81270669;81312422;1;PPFIA2-AS1;PPFIA2;12;81257975;81759553;-1;ENSG00000139220
ENSG00000233682;6;159165899;159170007;-1;FNDC1-AS1;FNDC1;6;159169400;159272108;1;ENSG00000164694
ENSG00000267871;19;57267211;57280334;-1;ZNF460-AS1;ZNF460;19;57280051;57294069;1;ENSG00000197714
ENSG00000230679;1;8878835;8879894;1;ENO1-AS1;ENO1;1;8861000;8879190;-1;ENSG00000074800
ENSG00000224875;2;42143238;42170301;-1;EML4-AS1;EML4;2;42169353;42332548;1;ENSG00000143924
ENSG00000233860;4;76708853;76802426;-1;SHROOM3-AS1;SHROOM3;4;76435229;76783253;1;ENSG00000138771
ENSG00000281641;8;118620498;118906155;1;SAMD12-AS1;SAMD12;8;118189455;118622112;-1;ENSG00000177570
ENSG00000257495;12;52601467;52615305;1;KRT73-AS1;KRT73;12;52607570;52618559;-1;ENSG00000186049
ENSG00000254389;8;143366631;143368548;-1;RHPN1-AS1;RHPN1;8;143368876;143384221;1;ENSG00000158106
ENSG00000245148;11;72700474;72705607;1;ARAP1-AS2;ARAP1;11;72685069;72793599;-1;ENSG00000186635
ENSG00000260281;16;47144323;47162749;1;ITFG1-AS1;ITFG1;16;47154387;47464149;-1;ENSG00000129636
ENSG00000228108;2;54516048;54540697;-1;SPTBN1-AS1;SPTBN1;2;54456317;54671446;1;ENSG00000115306
ENSG00000250106;5;10627260;10628225;-1;ANKRD33B-AS1;ANKRD33B;5;10564070;10657816;1;ENSG00000164236
ENSG00000251577;4;103548745;103624534;1;TACR3-AS1;TACR3;4;103586031;103719985;-1;ENSG00000169836
ENSG00000227487;11;113265137;113274032;-1;NCAM1-AS1;NCAM1;11;112961247;113278436;1;ENSG00000149294
ENSG00000248492;8;134598071;134600689;1;ZFAT-AS1;ZFAT;8;134477788;134713049;-1;ENSG00000066827
ENSG00000226272;5;142859604;142868922;-1;ARHGAP26-AS1;ARHGAP26;5;142770377;143229011;1;ENSG00000145819
ENSG00000253868;8;124044395;124171522;-1;FER1L6-AS2;FER1L6;8;123851987;124120061;1;ENSG00000214814
ENSG00000244968;5;38556765;38671216;1;LIFR-AS1;LIFR;5;38474668;38608354;-1;ENSG00000113594
ENSG00000233854;7;38980370;39013551;-1;POU6F2-AS2;POU6F2;7;38977909;39493095;1;ENSG00000106536
ENSG00000225756;9;133654586;133657313;-1;DBH-AS1;DBH;9;133636363;133659329;1;ENSG00000123454
ENSG00000259964;15;71147650;71189064;-1;THSD4-AS1;THSD4;15;71096952;71783383;1;ENSG00000187720
ENSG00000251045;5;135648584;135653935;-1;SLC25A48-AS1;SLC25A48;5;135579202;135889770;1;ENSG00000145832
ENSG00000180769;4;84965534;85011277;1;WDFY3-AS2;WDFY3;4;84669597;84966690;-1;ENSG00000163625
ENSG00000229162;1;24961345;24963097;1;RUNX3-AS1;RUNX3;1;24899511;24965121;-1;ENSG00000020633
ENSG00000232490;3;31704058;31721652;1;OSBPL10-AS1;OSBPL10;3;31657912;32077580;-1;ENSG00000144645
ENSG00000236828;X;32754940;32756400;1;DMD-AS3;DMD;X;31097677;33339609;-1;ENSG00000198947
ENSG00000236197;7;95035731;95214338;-1;PPP1R9A-AS1;PPP1R9A;7;94907202;95296415;1;ENSG00000158528
ENSG00000238164;1;2549920;2557031;-1;TNFRSF14-AS1;TNFRSF14;1;2555639;2565382;1;ENSG00000157873
ENSG00000245384;4;104490849;104734546;1;CXXC4-AS1;CXXC4;4;104468308;104494901;-1;ENSG00000168772
ENSG00000249717;4;74955974;74970362;-1;PARM1-AS1;PARM1;4;74933095;75050115;1;ENSG00000169116
ENSG00000234166;1;16197854;16198357;1;ARHGEF19-AS1;ARHGEF19;1;16197854;16212652;-1;ENSG00000142632
ENSG00000224808;3;9014123;9015979;1;SRGAP3-AS1;SRGAP3;3;8980591;9363053;-1;ENSG00000196220
ENSG00000230035;1;18166929;18179346;-1;IGSF21-AS1;IGSF21;1;18107798;18378483;1;ENSG00000117154
ENSG00000248494;4;53592956;53604047;1;LNX1-AS2;LNX1;4;53459301;53701405;-1;ENSG00000072201
ENSG00000249167;5;116574482;116611200;1;SEMA6A-AS2;SEMA6A;5;116443555;116574823;-1;ENSG00000092421
ENSG00000237058;1;2632568;2636620;1;MMEL1-AS1;MMEL1;1;2590639;2633016;-1;ENSG00000142606
ENSG00000226944;1;6204840;6205780;-1;RNF207-AS1;RNF207;1;6205475;6221299;1;ENSG00000158286
ENSG00000235131;1;3712200;3714298;-1;TP73-AS2;TP73;1;3652516;3736201;1;ENSG00000078900
ENSG00000224846;6;2989335;2999604;-1;NQO2-AS1;NQO2;6;2987987;3019755;1;ENSG00000124588
ENSG00000179840;1;9652610;9654586;-1;PIK3CD-AS1;PIK3CD;1;9651731;9729114;1;ENSG00000171608
ENSG00000246790;11;121447331;121453013;-1;SORL1-AS1;SORL1;11;121452314;121633763;1;ENSG00000137642
ENSG00000203506;3;29526251;29642809;-1;RBMS3-AS2;RBMS3;3;28574791;30010391;1;ENSG00000144642
ENSG00000282728;11;101129077;101209591;1;PGR-AS1;PGR;11;101029624;101129813;-1;ENSG00000082175
ENSG00000164621;5;136129507;136134890;-1;SMAD5-AS1;SMAD5;5;136132845;136188747;1;ENSG00000113658
ENSG00000248690;8;121639293;121994185;1;HAS2-AS1;HAS2;8;121612116;121641440;-1;ENSG00000170961
ENSG00000270194;3;37241789;37244177;-1;GOLGA4-AS1;GOLGA4;3;37243191;37366879;1;ENSG00000144674
ENSG00000250802;5;77086688;77166909;1;ZBED3-AS1;ZBED3;5;77072072;77087285;-1;ENSG00000132846
ENSG00000225126;1;7441096;7441554;-1;CAMTA1-AS1;CAMTA1;1;6785454;7769706;1;ENSG00000171735
ENSG00000236861;7;93969442;94011113;1;BET1-AS1;BET1;7;93962762;94004382;-1;ENSG00000105829
ENSG00000265666;17;40340867;40343136;-1;RARA-AS1;RARA;17;40309180;40357643;1;ENSG00000131759
ENSG00000250635;5;139648999;139649728;-1;CXXC5-AS1;CXXC5;5;139647299;139683882;1;ENSG00000171604
ENSG00000233073;7;86782357;86803409;-1;GRM3-AS1;GRM3;7;86643909;86864879;1;ENSG00000198822
ENSG00000231304;3;20174244;21145967;1;SGO1-AS1;SGO1;3;20160593;20186206;-1;ENSG00000129810
ENSG00000234593;1;14338825;14419973;-1;KAZN-AS1;KAZN;1;13892792;15118043;1;ENSG00000189337
ENSG00000241472;3;62221249;62369406;-1;PTPRG-AS1;PTPRG;3;61561569;62297609;1;ENSG00000144724
ENSG00000267348;19;45076510;45092635;-1;GEMIN7-AS1;GEMIN7;19;45079195;45091518;1;ENSG00000142252
ENSG00000234771;9;128108581;128118693;-1;SLC25A25-AS1;SLC25A25;9;128068201;128109245;1;ENSG00000148339
ENSG00000232850;9;128128529;128130628;1;PTGES2-AS1;PTGES2;9;128120693;128128462;-1;ENSG00000148334
ENSG00000232912;1;8424645;8435013;1;RERE-AS1;RERE;1;8352397;8848921;-1;ENSG00000142599
ENSG00000227409;1;35358822;35366077;-1;ZMYM4-AS1;ZMYM4;1;35268709;35422058;1;ENSG00000146463
ENSG00000204464;1;15164344;15171317;-1;TMEM51-AS2;TMEM51;1;15152532;15220478;1;ENSG00000171729
ENSG00000259863;2;109127327;109128930;-1;SH3RF3-AS1;SH3RF3;2;109129205;109504634;1;ENSG00000172985
ENSG00000230140;2;100970767;100977766;-1;NPAS2-AS1;NPAS2;2;100820139;100996829;1;ENSG00000170485
ENSG00000246174;11;78139771;78175323;1;KCTD21-AS1;KCTD21;11;78171249;78188626;-1;ENSG00000188997
ENSG00000245498;11;124800424;124834487;1;MSANTD2-AS1;MSANTD2;11;124766498;124800706;-1;ENSG00000120458
ENSG00000231851;2;105092368;105103036;-1;MRPS9-AS1;MRPS9;2;105038069;105099960;1;ENSG00000135972
ENSG00000235954;22;27919376;28008581;1;TTC28-AS1;TTC28;22;27978014;28679840;-1;ENSG00000100154
ENSG00000225951;9;128468957;128473012;-1;ODF2-AS1;ODF2;9;128455186;128501292;1;ENSG00000136811
ENSG00000228372;X;135059685;135123952;1;SMIM10L2B-AS1;SMIM10L2B;X;135094985;135098712;-1;ENSG00000196972
ENSG00000214922;6;29726601;29749049;-1;HLA-F-AS1;HLA-F;6;29722775;29738528;1;ENSG00000204642
ENSG00000175147;1;15111815;15153618;-1;TMEM51-AS1;TMEM51;1;15152532;15220478;1;ENSG00000171729
ENSG00000235058;3;50341106;50345697;1;ZMYND10-AS1;ZMYND10;3;50341110;50345732;-1;ENSG00000004838
ENSG00000281358;3;50337511;50338300;1;RASSF1-AS1;RASSF1;3;50329782;50340980;-1;ENSG00000068028
ENSG00000185837;22;17159352;17165447;1;HDHD5-AS1;HDHD5;22;17137511;17165287;-1;ENSG00000069998
ENSG00000245275;5;154325568;154445850;-1;SAP30L-AS1;SAP30L;5;154445997;154461053;1;ENSG00000164576
ENSG00000255247;11;119709920;119713925;1;NECTIN1-AS1;NECTIN1;11;119623408;119729200;-1;ENSG00000110400
ENSG00000271065;12;51421956;51424611;-1;SLC4A8-AS1;SLC4A8;12;51391317;51515763;1;ENSG00000050438
ENSG00000253591;5;170639158;170681437;-1;KCNIP1-AS1;KCNIP1;5;170353487;170736632;1;ENSG00000182132
ENSG00000267577;19;55158939;55177540;1;DNAAF3-AS1;DNAAF3;19;55158661;55166722;-1;ENSG00000167646
ENSG00000260135;16;55426797;55462297;-1;MMP2-AS1;MMP2;16;55389700;55506691;1;ENSG00000087245
ENSG00000227480;2;158166650;158236169;1;CCDC148-AS1;CCDC148;2;158171073;158456753;-1;ENSG00000153237
ENSG00000235717;2;114833830;114835588;-1;DPP10-AS2;DPP10;2;114442299;115845780;1;ENSG00000175497
ENSG00000253563;14;36519278;36523016;1;NKX2-1-AS1;NKX2-1;14;36516392;36521149;-1;ENSG00000136352
ENSG00000267757;19;45641494;45642840;1;EML2-AS1;EML2;19;45606994;45645602;-1;ENSG00000125746
ENSG00000226122;7;50531759;50543463;1;DDC-AS1;DDC;7;50458436;50565405;-1;ENSG00000132437
ENSG00000250801;5;175972606;175987666;1;THOC3-AS1;THOC3;5;175917873;176034680;-1;ENSG00000051596
ENSG00000227646;7;89882353;90211635;-1;STEAP2-AS1;STEAP2;7;90167590;90238137;1;ENSG00000157214
ENSG00000254588;11;128526142;128530389;1;ETS1-AS1;ETS1;11;128458761;128587558;-1;ENSG00000134954
ENSG00000257718;12;38906451;38909592;1;CPNE8-AS1;CPNE8;12;38646822;38907430;-1;ENSG00000139117
ENSG00000235483;X;2852740;2853760;-1;GYG2-AS1;GYG2;X;2828822;2882820;1;ENSG00000056998
ENSG00000229851;X;2904904;2906081;1;ARSD-AS1;ARSD;X;2903972;2929349;-1;ENSG00000006756
ENSG00000250344;4;121071429;121080476;1;NDNF-AS1;NDNF;4;121035613;121073021;-1;ENSG00000173376
ENSG00000226017;3;64187544;64200965;1;PRICKLE2-AS3;PRICKLE2;3;64092236;64445476;-1;ENSG00000163637
ENSG00000230513;22;21001886;21010342;1;THAP7-AS1;THAP7;22;20999104;21002196;-1;ENSG00000184436
ENSG00000231646;2;185652374;185800151;-1;FSIP2-AS1;FSIP2;2;185738804;185833290;1;ENSG00000188738
ENSG00000231609;2;62957326;63048640;-1;EHBP1-AS1;EHBP1;2;62673851;63046487;1;ENSG00000115504
ENSG00000247775;4;89836408;89841978;1;SNCA-AS1;SNCA;4;89700345;89838315;-1;ENSG00000145335
ENSG00000243715;3;54874605;54901255;-1;CACNA2D3-AS1;CACNA2D3;3;54122547;55074557;1;ENSG00000157445
ENSG00000251260;4;84796614;84810403;1;WDFY3-AS1;WDFY3;4;84669597;84966690;-1;ENSG00000163625
ENSG00000272170;6;43074331;43074739;-1;KLC4-AS1;KLC4;6;43040777;43075095;1;ENSG00000137171
ENSG00000238133;2;173166446;173282036;-1;MAP3K20-AS1;MAP3K20;2;173075435;173268015;1;ENSG00000091436
ENSG00000226747;2;185719874;185740479;-1;FSIP2-AS2;FSIP2;2;185738804;185833290;1;ENSG00000188738
ENSG00000224204;X;22162733;22172983;-1;PHEX-AS1;PHEX;X;22032325;22494713;1;ENSG00000102174
ENSG00000233067;X;22191895;22235358;-1;PTCHD1-AS;PTCHD1;X;23334849;23404374;1;ENSG00000165186
ENSG00000250033;4;138057464;138178177;1;SLC7A11-AS1;SLC7A11;4;138164097;138242349;-1;ENSG00000151012
ENSG00000255234;11;83286120;83423516;1;CCDC90B-AS1;CCDC90B;11;83259081;83286390;-1;ENSG00000137500
ENSG00000229967;X;151904431;151913968;-1;MAGEA4-AS1;MAGEA4;X;151912495;151925171;1;ENSG00000147381
ENSG00000241111;3;64067964;64103131;1;PRICKLE2-AS1;PRICKLE2;3;64092236;64445476;-1;ENSG00000163637
ENSG00000235300;17;48294335;48308762;1;SKAP1-AS2;SKAP1;17;48133442;48430275;-1;ENSG00000141293
ENSG00000227071;9;20683304;20684688;-1;FOCAD-AS1;FOCAD;9;20658309;20995955;1;ENSG00000188352
ENSG00000255032;11;44719392;44736692;-1;TSPAN18-AS1;TSPAN18;11;44726465;44932423;1;ENSG00000157570
ENSG00000256151;12;130990138;130993976;-1;ADGRD1-AS1;ADGRD1;12;130953907;131141469;1;ENSG00000111452
ENSG00000249421;5;129424782;129461076;-1;ADAMTS19-AS1;ADAMTS19;5;129460281;129738683;1;ENSG00000145808
ENSG00000254042;5;168706567;168720884;1;SLIT3-AS2;SLIT3;5;168661733;169301139;-1;ENSG00000184347
ENSG00000229154;6;73130646;73143514;-1;KCNQ5-AS1;KCNQ5;6;72621792;73198853;1;ENSG00000185760
ENSG00000229852;6;73263212;73301789;1;KHDC1-AS1;KHDC1;6;73241314;73310365;-1;ENSG00000135314
ENSG00000231332;6;73369704;73387717;1;OOEP-AS1;OOEP;6;73368555;73395133;-1;ENSG00000203907
ENSG00000234779;9;16726814;16727524;1;BNC2-AS1;BNC2;9;16409503;16870843;-1;ENSG00000173068
ENSG00000183784;9;212824;215893;-1;DOCK8-AS1;DOCK8;9;214854;465259;1;ENSG00000107099
ENSG00000227155;9;452492;492248;-1;DOCK8-AS2;DOCK8;9;214854;465259;1;ENSG00000107099
ENSG00000237328;17;17759154;17770821;-1;RAI1-AS1;RAI1;17;17681458;17811453;1;ENSG00000108557
ENSG00000249906;17;49505657;49574064;-1;NGFR-AS1;NGFR;17;49495293;49515008;1;ENSG00000064300
ENSG00000255808;11;72643237;72659407;1;PDE2A-AS1;PDE2A;11;72576141;72674591;-1;ENSG00000186642
ENSG00000182873;1;2181794;2184389;-1;PRKCZ-AS1;PRKCZ;1;2050411;2185395;1;ENSG00000067606
ENSG00000245281;8;18084386;18097644;1;ASAH1-AS1;ASAH1;8;18055992;18084998;-1;ENSG00000104763
ENSG00000235865;9;121280768;121285530;-1;GSN-AS1;GSN;9;121207794;121332843;1;ENSG00000148180
ENSG00000259520;15;45235930;45279251;-1;SLC28A2-AS1;SLC28A2;15;45252234;45277846;1;ENSG00000137860
ENSG00000261286;16;84459259;84467361;-1;ATP2C2-AS1;ATP2C2;16;84368527;84464187;1;ENSG00000064270
ENSG00000225839;X;101043564;101094476;-1;TRMT2B-AS1;TRMT2B;X;101009346;101052116;-1;ENSG00000188917
ENSG00000253618;5;149348116;149357642;-1;GRPEL2-AS1;GRPEL2;5;149345430;149354583;1;ENSG00000164284
ENSG00000234676;9;26955780;26956295;-1;IFT74-AS1;IFT74;9;26947039;27066134;1;ENSG00000096872
ENSG00000229867;2;119244422;119270714;-1;STEAP3-AS1;STEAP3;2;119223831;119265652;1;ENSG00000115107
ENSG00000228016;2;172677141;172736206;-1;RAPGEF4-AS1;RAPGEF4;2;172735274;173052893;1;ENSG00000091428
ENSG00000263787;17;48185938;48204529;1;SKAP1-AS1;SKAP1;17;48133442;48430275;-1;ENSG00000141293
ENSG00000251022;4;82893009;82900960;-1;THAP9-AS1;THAP9;4;82900684;82919969;1;ENSG00000168152
ENSG00000237410;11;64646399;64659681;1;NRXN2-AS1;NRXN2;11;64606174;64723197;-1;ENSG00000110076
ENSG00000259867;16;80154979;80563354;-1;DYNLRB2-AS1;DYNLRB2;16;80540734;80550811;1;ENSG00000168589
ENSG00000229444;1;43709392;43727343;-1;ST3GAL3-AS1;ST3GAL3;1;43705824;43931165;1;ENSG00000126091
ENSG00000258285;12;117099481;117142091;1;TESC-AS1;TESC;12;117038923;117099479;-1;ENSG00000088992
ENSG00000228369;1;52050918;52052683;1;TXNDC12-AS1;TXNDC12;1;52020131;52055191;-1;ENSG00000117862
ENSG00000251620;4;97366681;97491899;1;STPG2-AS1;STPG2;4;97184093;98143476;-1;ENSG00000163116
ENSG00000248719;4;80182637;80197410;-1;PRDM8-AS1;PRDM8;4;80183879;80204329;1;ENSG00000152784
ENSG00000260115;16;61918321;61940697;1;CDH8-AS1;CDH8;16;61647242;62037035;-1;ENSG00000150394
ENSG00000279968;6;138725211;138773652;-1;CCDC28A-AS1;CCDC28A;6;138773769;138793319;1;ENSG00000024862
ENSG00000233893;6;158817979;158822252;1;EZR-AS1;EZR;6;158765741;158819368;-1;ENSG00000092820
ENSG00000244383;3;58607080;58644491;1;FAM3D-AS1;FAM3D;3;58633946;58666834;-1;ENSG00000198643
ENSG00000237853;1;61248945;61253510;-1;NFIA-AS1;NFIA;1;60865259;61462788;1;ENSG00000162599
ENSG00000234264;1;68496676;68538627;1;DEPDC1-AS1;DEPDC1;1;68474152;68497221;-1;ENSG00000024526
ENSG00000269806;19;47615699;47626395;-1;BICRA-AS1;BICRA;19;47608196;47703277;1;ENSG00000063169
ENSG00000258897;14;34040097;34059300;1;EGLN3-AS1;EGLN3;14;33924227;34462774;-1;ENSG00000129521
ENSG00000250538;4;155206529;155209027;-1;NPY2R-AS1;NPY2R;4;155208636;155217078;1;ENSG00000185149
ENSG00000249710;4;100190033;100215505;1;DDIT4L-AS1;DDIT4L;4;100185870;100190782;-1;ENSG00000145358
ENSG00000269656;19;47757036;47768840;-1;NOP53-AS1;NOP53;19;47745546;47757058;1;ENSG00000105373
ENSG00000241158;3;64561322;64592757;1;ADAMTS9-AS1;ADAMTS9;3;64515654;64688000;-1;ENSG00000163638
ENSG00000271614;12;89708959;89712590;1;ATP2B1-AS1;ATP2B1;12;89588049;89709300;-1;ENSG00000070961
ENSG00000234006;6;31542304;31543138;1;DDX39B-AS1;DDX39B;6;31530219;31542448;-1;ENSG00000198563
ENSG00000258651;14;39103140;39103812;1;SEC23A-AS1;SEC23A;14;39031919;39109646;-1;ENSG00000100934
ENSG00000258940;14;39265703;39267061;-1;MIA2-AS1;MIA2;14;39230231;39388513;1;ENSG00000150527
ENSG00000236301;11;3218332;3223131;1;MRGPRG-AS1;MRGPRG;11;3217944;3218813;-1;ENSG00000182170
ENSG00000248222;5;169013227;169037998;1;SLIT3-AS1;SLIT3;5;168661733;169301139;-1;ENSG00000184347
ENSG00000224729;7;100589402;100604206;-1;PCOLCE-AS1;PCOLCE;7;100602363;100608175;1;ENSG00000106333
ENSG00000227198;6;31658329;31660721;1;C6orf47-AS1;C6orf47;6;31658298;31660778;-1;ENSG00000204439
ENSG00000249545;5;94979151;94980893;1;MCTP1-AS1;MCTP1;5;94703690;95285094;-1;ENSG00000175471
ENSG00000204380;2;158658337;158735002;-1;PKP4-AS1;PKP4;2;158456952;158682879;1;ENSG00000144283
ENSG00000225572;7;111808516;111821773;1;DOCK4-AS1;DOCK4;7;111726110;112206407;-1;ENSG00000128512
ENSG00000223770;7;82009177;82029955;1;CACNA2D1-AS1;CACNA2D1;7;81946444;82443777;-1;ENSG00000153956
ENSG00000249196;12;129109629;129113294;1;TMEM132D-AS1;TMEM132D;12;129071725;129904025;-1;ENSG00000151952
ENSG00000258413;14;55262222;55272075;-1;FBXO34-AS1;FBXO34;14;55271344;55370053;1;ENSG00000178974
ENSG00000236340;7;127215127;127229927;1;GRM8-AS1;GRM8;7;126438598;127253093;-1;ENSG00000179603
ENSG00000250309;5;150670658;150672390;-1;MYOZ3-AS1;MYOZ3;5;150660882;150679368;1;ENSG00000164591
ENSG00000267309;19;36489649;36491040;1;ZNF566-AS1;ZNF566;19;36445119;36489902;-1;ENSG00000186017
ENSG00000268066;X;147909431;147911817;-1;FMR1-AS1;FMR1;X;147911919;147951125;1;ENSG00000102081
ENSG00000275549;9;137250219;137253497;-1;STPG3-AS1;STPG3;9;137251261;137253483;1;ENSG00000197768
ENSG00000232907;20;36507702;36573391;-1;DLGAP4-AS1;DLGAP4;20;36306336;36528637;1;ENSG00000080845
ENSG00000268366;19;40443436;40444087;1;SERTAD3-AS1;SERTAD3;19;40440844;40444335;-1;ENSG00000167565
ENSG00000234336;7;28180322;28243917;1;JAZF1-AS1;JAZF1;7;27830573;28180795;-1;ENSG00000153814
ENSG00000235663;6;31764310;31765588;-1;SAPCD1-AS1;SAPCD1;6;31762996;31764851;1;ENSG00000228727
ENSG00000239801;3;57628810;57654918;1;DENND6A-AS1;DENND6A;3;57625454;57693077;-1;ENSG00000174839
ENSG00000242770;3;112802478;112812819;1;CD200R1L-AS1;CD200R1L;3;112815709;112846864;-1;ENSG00000206531
ENSG00000248668;5;41869927;41872241;1;OXCT1-AS1;OXCT1;5;41730065;41870425;-1;ENSG00000083720
ENSG00000237928;1;60912675;61056885;-1;NFIA-AS2;NFIA;1;60865259;61462788;1;ENSG00000162599
ENSG00000235590;20;58818918;58850903;-1;GNAS-AS1;GNAS;20;58839718;58911192;1;ENSG00000087460
ENSG00000234263;6;136629066;136648198;1;MAP3K5-AS1;MAP3K5;6;136557046;136792477;-1;ENSG00000197442
ENSG00000228812;20;62352988;62356480;1;LAMA5-AS1;LAMA5;20;62307955;62367312;-1;ENSG00000130702
ENSG00000227906;20;10006381;10368823;-1;SNAP25-AS1;SNAP25;20;10172395;10308258;1;ENSG00000132639
ENSG00000225652;10;77350851;77376613;1;KCNMA1-AS3;KCNMA1;10;76869601;77638369;-1;ENSG00000156113
ENSG00000285230;20;33980679;33994357;-1;RALY-AS1;RALY;20;33993646;34108308;1;ENSG00000125970
ENSG00000234684;20;1325400;1378735;1;SDCBP2-AS1;SDCBP2;20;1309909;1329139;-1;ENSG00000125775
ENSG00000231898;2;170332085;170408564;-1;MYO3B-AS1;MYO3B;2;170178145;170655171;1;ENSG00000071909
ENSG00000218018;20;57376881;57393062;-1;RBM38-AS1;RBM38;20;57391396;57409333;1;ENSG00000132819
ENSG00000227466;1;66042500;66050718;-1;PDE4B-AS1;PDE4B;1;65792514;66374579;1;ENSG00000184588
ENSG00000254333;5;150475531;150485968;-1;NDST1-AS1;NDST1;5;150485818;150558211;1;ENSG00000070614
ENSG00000229127;2;210030572;210064356;1;KANSL1L-AS1;KANSL1L;2;210021421;210171409;-1;ENSG00000144445
ENSG00000256699;12;129208601;129212662;1;TMEM132D-AS2;TMEM132D;12;129071725;129904025;-1;ENSG00000151952
ENSG00000242428;3;58824437;59019093;1;CFAP20DC-AS1;CFAP20DC;3;58717365;59050084;-1;ENSG00000163689
ENSG00000232406;20;36147281;36155760;-1;EPB41L1-AS1;EPB41L1;20;36091504;36232799;1;ENSG00000088367
ENSG00000233038;7;157854529;157863011;1;PTPRN2-AS1;PTPRN2;7;157539056;158587823;-1;ENSG00000155093
ENSG00000230155;20;35476203;35490985;-1;CEP250-AS1;CEP250;20;35455164;35519280;1;ENSG00000126001
ENSG00000236753;7;131309469;131328312;-1;MKLN1-AS;MKLN1;7;131110096;131496632;1;ENSG00000128585
ENSG00000236658;9;130933851;130945520;1;FIBCD1-AS1;FIBCD1;9;130902438;130939286;-1;ENSG00000130720
ENSG00000204055;9;129175807;129261581;1;IER5L-AS1;IER5L;9;129175552;129178261;-1;ENSG00000188483
ENSG00000262686;16;4324667;4328340;-1;GLIS2-AS1;GLIS2;16;4314761;4339597;1;ENSG00000126603
ENSG00000203362;6;43588230;43591362;-1;POLH-AS1;POLH;6;43576185;43620523;1;ENSG00000170734
ENSG00000251370;5;9511333;9518086;1;SEMA5A-AS1;SEMA5A;5;9035033;9546075;-1;ENSG00000112902
ENSG00000239799;3;52823935;52825314;1;ITIH4-AS1;ITIH4;3;52812962;52830688;-1;ENSG00000055955
ENSG00000237505;1;87620803;88685204;-1;PKN2-AS1;PKN2;1;88684222;88836255;1;ENSG00000065243
ENSG00000249641;12;53935328;53939643;-1;HOXC13-AS;HOXC13;12;53938831;53946544;1;ENSG00000123364
ENSG00000222035;2;202075410;202117062;-1;KIAA2012-AS1;KIAA2012;2;202073255;202205188;1;ENSG00000182329
ENSG00000224043;2;134735464;134918710;-1;CCNT2-AS1;CCNT2;2;134918235;134959342;1;ENSG00000082258
ENSG00000237080;6;31877808;31884204;1;EHMT2-AS1;EHMT2;6;31879759;31897687;-1;ENSG00000204371
ENSG00000237080;6;31877808;31884204;1;EHMT2-AS1;SLC44A4;6;31863192;31879046;-1;ENSG00000204385
ENSG00000258099;12;111599498;111600256;1;ATXN2-AS;ATXN2;12;111443485;111599676;-1;ENSG00000204842
ENSG00000260852;16;30919319;30923269;-1;FBXL19-AS1;FBXL19;16;30923055;30948783;1;ENSG00000099364
ENSG00000245112;4;143513472;143514635;-1;SMARCA5-AS1;SMARCA5;4;143513702;143557486;1;ENSG00000153147
ENSG00000243849;3;113403988;113433992;1;CFAP44-AS1;CFAP44;3;113286930;113441610;-1;ENSG00000206530
ENSG00000233729;2;132915557;132931494;1;NCKAP5-AS1;NCKAP5;2;132671788;133568463;-1;ENSG00000176771
ENSG00000231758;2;143629133;143656179;-1;ARHGAP15-AS1;ARHGAP15;2;143091362;143768352;1;ENSG00000075884
ENSG00000224795;11;131622451;131663583;-1;NTM-AS1;NTM;11;131370478;132336822;1;ENSG00000182667
ENSG00000251128;4;183233628;183240634;-1;WWC2-AS1;WWC2;4;183099257;183320777;1;ENSG00000151718
ENSG00000255443;11;35210343;35214985;-1;CD44-AS1;CD44;11;35138882;35232402;1;ENSG00000026508
ENSG00000228544;9;136803927;136808848;-1;CCDC183-AS1;CCDC183;9;136796338;136807741;1;ENSG00000213213
ENSG00000271848;10;73653980;73675450;1;SYNPO2L-AS1;SYNPO2L;10;73644881;73663803;-1;ENSG00000166317
ENSG00000250218;3;126103640;126108069;1;ALDH1L1-AS1;ALDH1L1;3;126103562;126197994;-1;ENSG00000144908
ENSG00000235927;1;77881348;77889539;-1;NEXN-AS1;NEXN;1;77888513;77943895;1;ENSG00000162614
ENSG00000235191;19;48910930;48918891;-1;NUCB1-AS1;NUCB1;19;48900312;48923372;1;ENSG00000104805
ENSG00000236915;1;86571181;86696311;-1;CLCA4-AS1;CLCA4;1;86547078;86580754;1;ENSG00000016602
ENSG00000270876;19;34923299;34926812;-1;ZNF30-AS1;ZNF30;19;34926903;34945170;1;ENSG00000168661
ENSG00000269303;19;34998233;35000170;-1;GRAMD1A-AS1;GRAMD1A;19;34994784;35026471;1;ENSG00000089351
ENSG00000227392;19;35042902;35106307;-1;HPN-AS1;HPN;19;35040506;35066573;1;ENSG00000105707
ENSG00000272589;10;73796514;73801399;-1;ZSWIM8-AS1;ZSWIM8;10;73785606;73801797;1;ENSG00000214655
ENSG00000214106;7;154928460;154952188;1;PAXIP1-AS2;PAXIP1;7;154943687;155003124;-1;ENSG00000157212
ENSG00000228317;9;105554035;105558304;-1;FKTN-AS1;FKTN;9;105558122;105653820;1;ENSG00000106692
ENSG00000231749;17;68944531;69042784;1;ABCA9-AS1;ABCA9;17;68974488;69060949;-1;ENSG00000154258
ENSG00000261359;16;31201885;31203452;1;PYCARD-AS1;PYCARD;16;31201486;31203450;-1;ENSG00000103490
ENSG00000259116;14;64513952;64540368;-1;HSPA2-AS1;HSPA2;14;64535905;64546173;1;ENSG00000126803
ENSG00000259116;14;64513952;64540368;-1;HSPA2-AS1;ZBTB1;14;64503712;64533690;1;ENSG00000126804
ENSG00000260469;15;73752317;73770613;1;INSYN1-AS1;INSYN1;15;73735458;73753351;-1;ENSG00000205363
ENSG00000248980;4;176308268;176320458;-1;SPCS3-AS1;SPCS3;4;176319966;176332245;1;ENSG00000129128
ENSG00000257817;12;114682292;114767989;1;TBX3-AS1;TBX3;12;114670255;114684175;-1;ENSG00000135111
ENSG00000251359;4;183097017;183099199;-1;WWC2-AS2;WWC2;4;183099257;183320777;1;ENSG00000151718
ENSG00000255004;11;35281813;35286009;1;SLC1A2-AS1;SLC1A2;11;35251205;35420063;-1;ENSG00000110436
ENSG00000266975;19;12930522;12933296;1;FARSA-AS1;FARSA;19;12922479;12934037;-1;ENSG00000179115
ENSG00000257671;12;52245048;52247448;-1;KRT7-AS;KRT7;12;52232520;52252186;1;ENSG00000135480
ENSG00000240254;3;119226486;119290666;1;B4GALT4-AS1;B4GALT4;3;119211732;119240946;-1;ENSG00000121578
ENSG00000228363;2;86562070;86618766;1;CHMP3-AS1;CHMP3;2;86503430;86563479;-1;ENSG00000115561
ENSG00000228363;2;86562070;86618766;1;CHMP3-AS1;RNF103;2;86603398;86623866;-1;ENSG00000239305
ENSG00000254552;2;167123904;167140955;-1;XIRP2-AS1;XIRP2;2;166888480;167259753;1;ENSG00000163092
ENSG00000266473;17;67244837;67245806;1;HELZ-AS1;HELZ;17;67070444;67245989;-1;ENSG00000198265
ENSG00000224467;2;161096231;161160224;-1;TANK-AS1;TANK;2;161136908;161236230;1;ENSG00000136560
ENSG00000229056;2;196260024;196264204;1;HECW2-AS1;HECW2;2;196189099;196593684;-1;ENSG00000138411
ENSG00000248996;5;177494995;177503647;1;PDLIM7-AS1;PDLIM7;5;177483394;177497606;-1;ENSG00000196923
ENSG00000240198;3;56940040;56960854;1;ARHGEF3-AS1;ARHGEF3;3;56727418;57079329;-1;ENSG00000163947
ENSG00000226759;1;57860532;57880905;1;DAB1-AS1;DAB1;1;56994778;58546734;-1;ENSG00000173406
ENSG00000270751;4;152337655;152338098;1;FBXW7-AS1;FBXW7;4;152320544;152536092;-1;ENSG00000109670
ENSG00000272145;1;40690380;40692066;-1;NFYC-AS1;NFYC;1;40691648;40771603;1;ENSG00000066136
ENSG00000231013;2;119476428;119487346;1;SCTR-AS1;SCTR;2;119439843;119525301;-1;ENSG00000080293
ENSG00000237331;X;123872626;123873932;-1;XIAP-AS1;XIAP;X;123859724;123913976;1;ENSG00000101966
ENSG00000232412;X;123959233;123961341;-1;STAG2-AS1;STAG2;X;123960212;124422664;1;ENSG00000101972
ENSG00000250107;17;50556207;50562108;-1;CACNA1G-AS1;CACNA1G;17;50560715;50627474;1;ENSG00000006283
ENSG00000237399;10;3141632;3167972;1;PITRM1-AS1;PITRM1;10;3137728;3172841;-1;ENSG00000107959
ENSG00000266036;17;74747319;74748912;-1;SLC9A3R1-AS1;SLC9A3R1;17;74748628;74769353;1;ENSG00000109062
ENSG00000225138;5;473236;480884;1;SLC9A3-AS1;SLC9A3;5;470456;524449;-1;ENSG00000066230
ENSG00000225767;1;50461469;50471150;1;FAF1-AS1;FAF1;1;50437028;50960267;-1;ENSG00000185104
ENSG00000234281;2;210324759;210469246;1;LANCL1-AS1;LANCL1;2;210431249;210477652;-1;ENSG00000115365
ENSG00000272902;2;101151660;101155412;1;TBC1D8-AS1;TBC1D8;2;101007228;101252866;-1;ENSG00000204634
ENSG00000273372;10;79968213;79973213;1;SFTPD-AS1;SFTPD;10;79937467;79982614;-1;ENSG00000133661
ENSG00000230091;10;80046860;80078912;-1;TMEM254-AS1;TMEM254;10;80078646;80092557;1;ENSG00000133678
ENSG00000267549;19;56314703;56365316;1;ZSCAN5A-AS1;ZSCAN5A;19;56219670;56368383;-1;ENSG00000131848
ENSG00000239314;3;109101456;109110342;1;MORC1-AS1;MORC1;3;108958248;109118134;-1;ENSG00000114487
ENSG00000229980;17;50866679;50910774;1;TOB1-AS1;TOB1;17;50862223;50867978;-1;ENSG00000141232
ENSG00000243193;7;107066591;107133733;-1;PRKAR2B-AS1;PRKAR2B;7;107044705;107161811;1;ENSG00000005249
ENSG00000224063;2;187003220;187556288;1;CALCRL-AS1;CALCRL;2;187341964;187448460;-1;ENSG00000064989
ENSG00000224063;2;187003220;187556288;1;CALCRL-AS1;TFPI;2;187464230;187565760;-1;ENSG00000003436
ENSG00000259642;15;79922771;79926993;1;ST20-AS1;ST20;15;79898840;79923702;-1;ENSG00000180953
ENSG00000240175;3;65893816;65925297;1;MAGI1-AS1;MAGI1;3;65353525;66038918;-1;ENSG00000151276
ENSG00000241155;3;119314293;119322760;-1;ARHGAP31-AS1;ARHGAP31;3;119294383;119420714;1;ENSG00000031081
ENSG00000245105;12;9065163;9068689;1;A2M-AS1;A2M;12;9067664;9116229;-1;ENSG00000175899
ENSG00000248429;4;158170752;158202877;1;GASK1B-AS1;GASK1B;4;158124474;158173318;-1;ENSG00000164125
ENSG00000251165;4;186286094;186500997;-1;F11-AS1;F11;4;186266189;186289681;1;ENSG00000088926
ENSG00000261416;16;30183505;30184957;-1;CORO1A-AS1;CORO1A;16;30182827;30189076;1;ENSG00000102879
ENSG00000264630;17;66398069;66416854;-1;PRKCA-AS1;PRKCA;17;66302613;66810743;1;ENSG00000154229
ENSG00000271474;4;95549129;95552457;1;UNC5C-AS1;UNC5C;4;95162504;95549206;-1;ENSG00000182168
ENSG00000250012;3;126083659;126095349;1;SLC41A3-AS1;SLC41A3;3;126006357;126101561;-1;ENSG00000114544
ENSG00000259426;15;69396904;69415029;-1;KIF23-AS1;KIF23;15;69414246;69448427;1;ENSG00000137807
ENSG00000259426;15;69396904;69415029;-1;KIF23-AS1;PAQR5;15;69298912;69407780;1;ENSG00000137819
ENSG00000229414;11;2840135;2861568;-1;KCNQ1-AS1;KCNQ1;11;2444684;2849105;1;ENSG00000053918
ENSG00000248019;4;88709298;88730103;1;FAM13A-AS1;FAM13A;4;88725955;89111398;-1;ENSG00000138640
ENSG00000237786;6;13486294;13486852;1;GFOD1-AS1;GFOD1;6;13357830;13487662;-1;ENSG00000145990
ENSG00000267470;19;37548914;37587348;1;ZNF571-AS1;ZNF571;19;37554782;37594792;-1;ENSG00000180479
ENSG00000236324;6;157885114;157892786;-1;SNX9-AS1;SNX9;6;157700387;157945077;1;ENSG00000130340
ENSG00000251011;3;133245603;133257207;-1;TMEM108-AS1;TMEM108;3;133038391;133397775;1;ENSG00000144868
ENSG00000228775;7;141704003;141738346;-1;WEE2-AS1;WEE2;7;141708353;141731271;1;ENSG00000214102
ENSG00000230489;1;107964443;107994607;1;VAV3-AS1;VAV3;1;107571161;107965180;-1;ENSG00000134215
ENSG00000230427;1;95061596;95067545;1;ALG14-AS1;ALG14;1;94974405;95072951;-1;ENSG00000172339
ENSG00000237337;1;50174306;50175868;-1;ELAVL4-AS1;ELAVL4;1;50024029;50203772;1;ENSG00000162374
ENSG00000237750;2;162768936;162797972;1;KCNH7-AS1;KCNH7;2;162371407;162838767;-1;ENSG00000184611
ENSG00000246273;11;9758268;9811335;1;SBF2-AS1;SBF2;11;9776776;10304877;-1;ENSG00000133812
ENSG00000239677;3;73621713;73626796;1;PDZRN3-AS1;PDZRN3;3;73382431;73624941;-1;ENSG00000121440
ENSG00000226604;9;116285829;116288769;-1;PAPPA-AS2;PAPPA;9;116153791;116402321;1;ENSG00000182752
ENSG00000256040;9;116398157;116400606;-1;PAPPA-AS1;PAPPA;9;116153791;116402321;1;ENSG00000182752
ENSG00000229105;9;116504283;116562293;1;ASTN2-AS1;ASTN2;9;116423112;117415070;-1;ENSG00000148219
ENSG00000227542;2;191229165;191246172;-1;MYO1B-AS1;MYO1B;2;191245185;191425389;1;ENSG00000128641
ENSG00000246982;6;36146698;36197205;-1;BRPF3-AS1;BRPF3;6;36196744;36232790;1;ENSG00000096070
ENSG00000269959;19;51685363;51693456;-1;SPACA6-AS1;SPACA6;19;51689128;51712387;1;ENSG00000182310
ENSG00000241359;3;63423596;63550051;-1;SYNPR-AS1;SYNPR;3;63228315;63616924;1;ENSG00000163630
ENSG00000244124;3;141918252;141919021;-1;ATP1B3-AS1;ATP1B3;3;141876124;141926549;1;ENSG00000069849
ENSG00000258667;14;61707564;61751099;-1;HIF1A-AS3;HIF1A;14;61695513;61748259;1;ENSG00000100644
ENSG00000259764;15;101334437;101337428;1;PCSK6-AS1;PCSK6;15;101289784;101525202;-1;ENSG00000140479
ENSG00000239877;3;118943073;118948241;1;IGSF11-AS1;IGSF11;3;118900557;119146068;-1;ENSG00000144847
ENSG00000269145;19;18144522;18151691;-1;MAST3-AS1;MAST3;19;18097778;18151692;1;ENSG00000099308
ENSG00000240922;3;116360024;116370090;1;LSAMP-AS1;LSAMP;3;115802363;117139389;-1;ENSG00000185565
ENSG00000239453;3;113588748;113590189;-1;SIDT1-AS1;SIDT1;3;113532555;113629575;1;ENSG00000072858
ENSG00000249407;3;136959125;136982196;-1;IL20RB-AS1;IL20RB;3;136946230;137011085;1;ENSG00000174564
ENSG00000255737;12;57726271;57728356;1;AGAP2-AS1;AGAP2;12;57723761;57742157;-1;ENSG00000135439
ENSG00000242791;3;149976755;149979355;1;PFN2-AS1;PFN2;3;149964904;150050788;-1;ENSG00000070087
ENSG00000250433;3;140505611;140508789;-1;CLSTN2-AS1;CLSTN2;3;139935185;140577397;1;ENSG00000158258
ENSG00000224666;6;36386831;36393462;1;ETV7-AS1;ETV7;6;36354091;36387800;-1;ENSG00000010030
ENSG00000224666;6;36386831;36393462;1;ETV7-AS1;PXT1;6;36390551;36442854;-1;ENSG00000179165
ENSG00000227070;1;51518309;51561629;1;EPS15-AS1;EPS15;1;51354263;51519266;-1;ENSG00000085832
ENSG00000204934;7;149867697;149880610;-1;ATP6V0E2-AS1;ATP6V0E2;7;149872968;149891204;1;ENSG00000171130
ENSG00000258584;14;93904730;93927066;-1;FAM181A-AS1;FAM181A;14;93918894;93929608;1;ENSG00000140067
ENSG00000242370;3;156441157;156446905;-1;KCNAB1-AS1;KCNAB1;3;156037701;156539138;1;ENSG00000169282
ENSG00000240012;3;143342246;143347071;1;SLC9A9-AS1;SLC9A9;3;143265222;143848485;-1;ENSG00000181804
ENSG00000204261;6;32844078;32846500;1;PSMB8-AS1;PSMB8;6;32840717;32844679;-1;ENSG00000204264
ENSG00000232878;1;97095923;97322955;1;DPYD-AS1;DPYD;1;97077743;97995000;-1;ENSG00000188641
ENSG00000235527;1;113924000;113929495;-1;HIPK1-AS1;HIPK1;1;113929324;113977869;1;ENSG00000163349
ENSG00000234452;10;89456064;89468140;1;SLC16A12-AS1;SLC16A12;10;89430299;89556641;-1;ENSG00000152779
ENSG00000257097;12;122395542;122400857;1;CLIP1-AS1;CLIP1;12;122271432;122422669;-1;ENSG00000130779
ENSG00000268006;19;49838639;49851676;-1;PTOV1-AS1;PTOV1;19;49850735;49860744;1;ENSG00000104960
ENSG00000240766;3;111676736;111677433;-1;PLCXD2-AS1;PLCXD2;3;111674676;111846447;1;ENSG00000240891
ENSG00000239265;3;150852484;151080726;1;CLRN1-AS1;CLRN1;3;150926163;150972727;-1;ENSG00000163646
ENSG00000232656;10;1022630;1045425;1;IDI2-AS1;IDI2;10;1018910;1025859;-1;ENSG00000148377
ENSG00000236703;6;135195083;135195995;-1;MYB-AS1;MYB;6;135181308;135219173;1;ENSG00000118513
ENSG00000237221;X;18688643;18691604;-1;PPEF1-AS1;PPEF1;X;18675909;18827921;1;ENSG00000086717
ENSG00000237836;X;18890296;18894974;1;PHKA2-AS1;PHKA2;X;18892298;18984114;-1;ENSG00000044446
ENSG00000269352;19;49856970;49859289;-1;PTOV1-AS2;PTOV1;19;49850735;49860744;1;ENSG00000104960
ENSG00000247556;15;41283990;41309737;1;OIP5-AS1;OIP5;15;41309273;41332591;-1;ENSG00000104147
ENSG00000254855;11;66264777;66265666;-1;KLC2-AS1;KLC2;11;66257294;66267860;1;ENSG00000174996
ENSG00000254762;11;66267635;66268129;-1;KLC2-AS2;KLC2;11;66257294;66267860;1;ENSG00000174996
ENSG00000223817;10;71508153;71511873;-1;CDH23-AS1;CDH23;10;71396920;71815947;1;ENSG00000107736
ENSG00000235481;9;33775183;33818795;-1;UBE2R2-AS1;UBE2R2;9;33817160;33920399;1;ENSG00000107341
ENSG00000260213;16;81016792;81035759;-1;CENPN-AS1;CENPN;16;81006552;81033114;1;ENSG00000166451
ENSG00000220575;7;155067034;155072450;-1;HTR5A-AS1;HTR5A;7;155070324;155087392;1;ENSG00000157219
ENSG00000253582;8;106520474;106657548;-1;OXR1-AS1;OXR1;8;106270144;106752694;1;ENSG00000164830
ENSG00000124915;11;61746493;61757655;-1;MYRF-AS1;MYRF;11;61752636;61788518;1;ENSG00000124920
ENSG00000246339;8;28690215;28702030;-1;EXTL3-AS1;EXTL3;8;28600469;28756561;1;ENSG00000012232
ENSG00000225484;10;79661394;79826594;-1;NUTM2B-AS1;NUTM2B;10;79703227;79714681;1;ENSG00000188199
ENSG00000236137;1;117025482;117059490;-1;CD101-AS1;CD101;1;117001750;117036552;1;ENSG00000134256
ENSG00000254034;8;28798142;28802085;1;INTS9-AS1;INTS9;8;28767661;28890242;-1;ENSG00000104299
ENSG00000258301;14;76781733;76786724;-1;VASH1-AS1;VASH1;14;76761468;76783015;1;ENSG00000071246
ENSG00000203446;7;40538127;40546928;-1;SUGCT-AS1;SUGCT;7;40135005;40860763;1;ENSG00000175600
ENSG00000226953;2;133264968;133285445;1;NCKAP5-AS2;NCKAP5;2;132671788;133568463;-1;ENSG00000176771
ENSG00000244040;3;159902045;160225299;-1;IL12A-AS1;IL12A;3;159988835;159996019;1;ENSG00000168811
ENSG00000226387;10;104664608;104666200;-1;SORCS3-AS1;SORCS3;10;104641290;105265242;1;ENSG00000156395
ENSG00000251003;8;105546089;106060524;-1;ZFPM2-AS1;ZFPM2;8;104590733;105804539;1;ENSG00000169946
ENSG00000244493;3;143381338;143382161;1;SLC9A9-AS2;SLC9A9;3;143265222;143848485;-1;ENSG00000181804
ENSG00000233847;5;60917490;60919573;1;ERCC8-AS1;ERCC8;5;60866454;60945073;-1;ENSG00000049167
ENSG00000234717;3;171815586;171900749;-1;TMEM212-AS1;TMEM212;3;171843349;171938715;1;ENSG00000186329
ENSG00000231226;6;30105240;30114724;1;TRIM31-AS1;TRIM31;6;30102897;30113090;-1;ENSG00000204616
ENSG00000249610;5;122154496;122156015;-1;ZNF474-AS1;ZNF474;5;122129546;122153569;1;ENSG00000164185
ENSG00000254338;8;143417679;143419150;1;MAFA-AS1;MAFA;8;143419182;143430732;-1;ENSG00000182759
ENSG00000232893;2;236391074;236392388;1;IQCA1-AS1;IQCA1;2;236324147;236507535;-1;ENSG00000132321
ENSG00000227617;2;168771951;168786961;-1;CERS6-AS1;CERS6;2;168456249;168775134;1;ENSG00000172292
ENSG00000228275;X;101622983;101624164;-1;ARMCX3-AS1;ARMCX3;X;101622797;101627843;1;ENSG00000102401
ENSG00000226419;1;112956415;113047055;1;SLC16A1-AS1;SLC16A1;1;112911847;112957593;-1;ENSG00000155380
ENSG00000240211;7;100436204;100438504;1;PPP1R35-AS1;PPP1R35;7;100435282;100436497;-1;ENSG00000160813
ENSG00000259430;15;100372936;100437914;1;CERS3-AS1;CERS3;15;100400395;100544995;-1;ENSG00000154227
ENSG00000225076;X;10024842;10038654;-1;WWC3-AS1;WWC3;X;10015254;10144474;1;ENSG00000047644
ENSG00000234181;9;35096378;35098141;1;PIGO-AS1;PIGO;9;35088688;35096601;-1;ENSG00000165282
ENSG00000235777;1;97796921;97798066;1;DPYD-AS2;DPYD;1;97077743;97995000;-1;ENSG00000188641
ENSG00000177406;12;630858;664196;1;NINJ2-AS1;NINJ2;12;564296;663589;-1;ENSG00000171840
ENSG00000237159;9;34568012;34583072;1;CNTFR-AS1;CNTFR;9;34551432;34590140;-1;ENSG00000122756
ENSG00000241479;3;169447867;169477052;1;MECOM-AS1;MECOM;3;169083499;169663775;-1;ENSG00000085276
ENSG00000261439;16;56192614;56194518;-1;GNAO1-AS1;GNAO1;16;56191390;56357444;1;ENSG00000087258
ENSG00000231538;2;114828432;114833548;-1;DPP10-AS3;DPP10;2;114442299;115845780;1;ENSG00000175497
ENSG00000234235;2;241544403;241558977;-1;BOK-AS1;BOK;2;241551424;241574131;1;ENSG00000176720
ENSG00000224328;6;30703067;30713184;1;MDC1-AS1;MDC1;6;30699807;30717447;-1;ENSG00000137337
ENSG00000188693;7;92134604;92180725;1;CYP51A1-AS1;CYP51A1;7;92084987;92134803;-1;ENSG00000001630
ENSG00000254635;10;28522652;28533066;-1;WAC-AS1;WAC;10;28532493;28623112;1;ENSG00000095787
ENSG00000247473;11;3029009;3041260;1;CARS1-AS1;CARS1;11;3000922;3057613;-1;ENSG00000110619
ENSG00000256925;10;133083073;133088491;-1;ADGRA1-AS1;ADGRA1;10;133087924;133131675;1;ENSG00000197177
ENSG00000255650;12;109734166;109773508;-1;FAM222A-AS1;FAM222A;12;109713825;109770495;1;ENSG00000139438
ENSG00000225521;2;241015599;241064116;-1;SNED1-AS1;SNED1;2;240998618;241095568;1;ENSG00000162804
ENSG00000225037;X;20139968;20140444;1;EIF1AX-AS1;EIF1AX;X;20124525;20141838;-1;ENSG00000173674
ENSG00000225552;3;175773145;175776333;-1;NAALADL2-AS1;NAALADL2;3;174438573;175810548;1;ENSG00000177694
ENSG00000256508;11;69012283;69018447;1;MRGPRF-AS1;MRGPRF;11;69004395;69013382;-1;ENSG00000172935
ENSG00000259462;15;82647770;82692820;1;CPEB1-AS1;CPEB1;15;82543201;82648861;-1;ENSG00000214575
ENSG00000235849;X;132667642;132669888;1;HS6ST2-AS1;HS6ST2;X;132626015;132961395;-1;ENSG00000171004
ENSG00000226851;7;112328189;112409623;-1;ZNF277-AS1;ZNF277;7;112206695;112343934;1;ENSG00000198839
ENSG00000230292;3;175079307;175115242;-1;NAALADL2-AS3;NAALADL2;3;174438573;175810548;1;ENSG00000177694
ENSG00000237975;1;152168125;152445456;1;FLG-AS1;FLG;1;152302165;152325239;-1;ENSG00000143631
ENSG00000231728;X;103845151;103919548;-1;TMSB15B-AS1;TMSB15B;X;103918896;103966712;1;ENSG00000158427
ENSG00000258545;X;120036236;120146855;1;RHOXF1-AS1;RHOXF1;X;120109051;120115913;-1;ENSG00000101883
ENSG00000226167;1;113856635;113901237;1;AP4B1-AS1;AP4B1;1;113894194;113905201;-1;ENSG00000134262
ENSG00000184608;8;11368402;11438658;1;FAM167A-AS1;FAM167A;8;11421476;11475908;-1;ENSG00000154319
ENSG00000230806;1;121360156;121398806;-1;SRGAP2-AS1;SRGAP2;1;206203346;206464436;1;ENSG00000266028
ENSG00000203588;X;70163842;70165206;-1;IGBP1-AS1;IGBP1;X;70133447;70166324;1;ENSG00000089289
ENSG00000227091;1;110165948;110172489;-1;SLC6A17-AS1;SLC6A17;1;110150494;110202202;1;ENSG00000197106
ENSG00000271122;7;35695214;35699413;1;HERPUD2-AS1;HERPUD2;7;35632659;35697459;-1;ENSG00000122557
ENSG00000226009;10;101818800;101828885;1;KCNIP2-AS1;KCNIP2;10;101825974;101843920;-1;ENSG00000120049
ENSG00000231651;X;70452958;70455994;-1;DLG3-AS1;DLG3;X;70444835;70505490;1;ENSG00000082458
ENSG00000251276;7;78939850;78940895;1;MAGI2-AS1;MAGI2;7;78017055;79453667;-1;ENSG00000187391
ENSG00000226978;7;79008988;79012277;1;MAGI2-AS2;MAGI2;7;78017055;79453667;-1;ENSG00000187391
ENSG00000225730;6;46903471;46909078;1;ADGRF5-AS1;ADGRF5;6;46852522;46954943;-1;ENSG00000069122
ENSG00000281756;6;31934474;31941724;-1;C2-AS1;C2;6;31897785;31945673;1;ENSG00000166278
ENSG00000260339;15;72376113;72378788;1;HEXA-AS1;HEXA;15;72340924;72376420;-1;ENSG00000213614
ENSG00000230651;2;107823063;107826891;-1;RGPD4-AS1;RGPD4;2;107826892;107892544;1;ENSG00000196862
ENSG00000260125;15;86295649;86317173;-1;AGBL1-AS1;AGBL1;15;86079871;87049169;1;ENSG00000273540
ENSG00000272734;10;86965345;86971311;-1;ADIRF-AS1;ADIRF;10;86968432;86983934;1;ENSG00000148671
ENSG00000233627;6;31999976;32003521;-1;C4A-AS1;C4A;6;31982052;32002681;1;ENSG00000244731
ENSG00000229487;X;111706649;111711101;-1;ALG13-AS1;ALG13;X;111665811;111760649;1;ENSG00000101901
ENSG00000180846;19;1952531;1954586;-1;CSNK1G2-AS1;CSNK1G2;19;1941172;1981338;1;ENSG00000133275
ENSG00000229776;6;32032713;32036258;-1;C4B-AS1;C4B;6;32014795;32035418;1;ENSG00000224389
ENSG00000227199;7;116952446;116954334;-1;ST7-AS1;ST7;7;116953238;117230176;1;ENSG00000004866
ENSG00000226367;7;117072072;117146480;-1;ST7-AS2;ST7;7;116953238;117230176;1;ENSG00000004866
ENSG00000242908;3;151751443;151928175;-1;AADACL2-AS1;AADACL2;3;151733916;151761339;1;ENSG00000197953
ENSG00000285051;3;170448639;170860993;1;SLC7A14-AS1;SLC7A14;3;170459548;170586075;-1;ENSG00000013293
ENSG00000240889;7;140695336;140697077;-1;NDUFB2-AS1;NDUFB2;7;140690777;140722790;1;ENSG00000090266
ENSG00000224281;X;119465986;119469128;-1;SLC25A5-AS1;SLC25A5;X;119468422;119471396;1;ENSG00000005022
ENSG00000231310;3;177037405;177047923;1;TBL1XR1-AS1;TBL1XR1;3;177019340;177228000;-1;ENSG00000177565
ENSG00000248724;3;132721750;132874223;1;NPHP3-AS1;NPHP3;3;132680609;132722432;-1;ENSG00000113971
ENSG00000214353;16;70755035;70773251;1;VAC14-AS1;VAC14;16;70687439;70801160;-1;ENSG00000103043
ENSG00000226779;3;175234861;175271096;-1;NAALADL2-AS2;NAALADL2;3;174438573;175810548;1;ENSG00000177694
ENSG00000237978;3;178526505;178937352;-1;KCNMB2-AS1;KCNMB2;3;178272932;178844429;1;ENSG00000197584
ENSG00000232936;10;89645272;89652144;1;PANK1-AS1;PANK1;10;89582988;89645242;-1;ENSG00000152782
ENSG00000238022;1;165215951;165219104;1;LMX1A-AS1;LMX1A;1;165201867;165356715;-1;ENSG00000162761
ENSG00000229862;6;73523618;73570596;1;EEF1A1-AS1;EEF1A1;6;73489308;73525587;-1;ENSG00000156508
ENSG00000257453;12;76030494;76031378;1;PHLDA1-AS1;PHLDA1;12;76025447;76031776;-1;ENSG00000139289
ENSG00000241202;3;147386967;147387453;1;ZIC4-AS1;ZIC4;3;147386046;147406809;-1;ENSG00000174963
ENSG00000260898;15;72782835;72798199;1;ADPGK-AS1;ADPGK;15;72751294;72785846;-1;ENSG00000159322
ENSG00000203307;1;166081183;166087483;1;FAM78B-AS1;FAM78B;1;166057426;166167001;-1;ENSG00000188859
ENSG00000250062;4;86117912;86219926;1;MAPK10-AS1;MAPK10;4;85990007;86594625;-1;ENSG00000109339
ENSG00000259895;16;2464950;2468213;-1;TEDC2-AS1;TEDC2;16;2460086;2464963;1;ENSG00000162062
ENSG00000254815;11;557595;560107;1;LMNTD2-AS1;LMNTD2;11;554850;560738;-1;ENSG00000185522
ENSG00000231441;6;56843928;56864078;1;DST-AS1;DST;6;56457987;56954830;-1;ENSG00000151914
ENSG00000243368;3;183016255;183017808;1;MCCC1-AS1;MCCC1;3;183015218;183116075;-1;ENSG00000078070
ENSG00000243187;3;180680084;180700449;1;CCDC39-AS1;CCDC39;3;180602858;180684942;-1;ENSG00000284862
ENSG00000253327;8;116874424;116876868;1;RAD21-AS1;RAD21;8;116845934;116874776;-1;ENSG00000164754
ENSG00000236795;7;147080934;147097609;-1;CNTNAP2-AS1;CNTNAP2;7;146116002;148420998;1;ENSG00000174469
ENSG00000224057;7;55179750;55188934;-1;EGFR-AS1;EGFR;7;55019017;55211628;1;ENSG00000146648
ENSG00000241570;3;142960650;143001559;1;PAQR9-AS1;PAQR9;3;142949164;142963674;-1;ENSG00000188582
ENSG00000224468;1;183138402;183141282;-1;LAMC1-AS1;LAMC1;1;183023420;183145592;1;ENSG00000135862
ENSG00000229688;7;16210484;16270604;1;CRPPA-AS1;CRPPA;7;16087525;16502504;-1;ENSG00000214960
ENSG00000225473;3;193553213;193555088;1;ATP13A4-AS1;ATP13A4;3;193398967;193593111;-1;ENSG00000127249
ENSG00000226482;3;186851886;186856123;-1;ADIPOQ-AS1;ADIPOQ;3;186842704;186858463;1;ENSG00000181092
ENSG00000233885;3;183806457;183810783;-1;YEATS2-AS1;YEATS2;3;183697797;183812624;1;ENSG00000163872
ENSG00000224855;3;193618609;193627337;-1;OPA1-AS1;OPA1;3;193593144;193697811;1;ENSG00000198836
ENSG00000253930;8;23189279;23190675;1;TNFRSF10A-AS1;TNFRSF10A;8;23190452;23225102;-1;ENSG00000104689
ENSG00000232600;8;144437675;144439971;1;TONSL-AS1;TONSL;8;144428775;144444440;-1;ENSG00000160949
ENSG00000231654;6;166903698;166904835;1;RPS6KA2-AS1;RPS6KA2;6;166409364;166906451;-1;ENSG00000071242
ENSG00000241313;3;149656999;149661364;1;WWTR1-AS1;WWTR1;3;149517235;149736714;-1;ENSG00000018408
ENSG00000229921;6;167992822;167997110;-1;KIF25-AS1;KIF25;6;167996241;168045091;1;ENSG00000125337
ENSG00000231858;2;191021526;191032314;1;STAT4-AS1;STAT4;2;191029576;191151596;-1;ENSG00000138378
ENSG00000241101;3;64103470;64106056;1;PRICKLE2-AS2;PRICKLE2;3;64092236;64445476;-1;ENSG00000163637
ENSG00000230115;3;189238686;189240594;-1;TPRG1-AS2;TPRG1;3;188947214;189325304;1;ENSG00000188001
ENSG00000250116;2;46568256;46580238;-1;RHOQ-AS1;RHOQ;2;46541806;46584688;1;ENSG00000119729
ENSG00000229258;1;211829636;211853703;1;LPGAT1-AS1;LPGAT1;1;211743457;211830763;-1;ENSG00000123684
ENSG00000260088;1;200669507;200694250;1;DDX59-AS1;DDX59;1;200623896;200669907;-1;ENSG00000118197
ENSG00000259488;15;48312353;48331856;-1;DUT-AS1;DUT;15;48331011;48343373;1;ENSG00000128951
ENSG00000249700;4;55363971;55395847;-1;SRD5A3-AS1;SRD5A3;4;55346213;55373100;1;ENSG00000128039
ENSG00000233221;2;130830978;130836994;-1;ARHGEF4-AS1;ARHGEF4;2;130836914;131047263;1;ENSG00000136002
ENSG00000255949;11;67431367;67435399;-1;RPS6KB2-AS1;RPS6KB2;11;67428460;67435401;1;ENSG00000175634
ENSG00000234577;6;152380546;152381564;1;SYNE1-AS1;SYNE1;6;152121687;152637801;-1;ENSG00000131018
ENSG00000261373;16;89711856;89718165;1;VPS9D1-AS1;VPS9D1;16;89707134;89720898;-1;ENSG00000075399
ENSG00000250846;4;65669961;65698029;1;EPHA5-AS1;EPHA5;4;65319563;65670495;-1;ENSG00000145242
ENSG00000248332;11;8060038;8069373;1;TUB-AS1;TUB;11;8019244;8106243;1;ENSG00000166402
ENSG00000249623;4;168647896;168648587;-1;PALLD-AS1;PALLD;4;168497052;168928457;1;ENSG00000129116
ENSG00000235897;3;196318330;196325570;1;TM4SF19-AS1;TM4SF19;3;196319342;196338503;-1;ENSG00000145107
ENSG00000237737;2;74385474;74393882;1;DCTN1-AS1;DCTN1;2;74361154;74392087;-1;ENSG00000204843
ENSG00000257271;11;126543947;126610948;1;KIRREL3-AS1;KIRREL3;11;126423358;127003460;-1;ENSG00000149571
ENSG00000251586;4;105171354;105178063;-1;TET2-AS1;TET2;4;105145875;105279816;1;ENSG00000168769
ENSG00000227145;4;122618983;122689156;1;IL21-AS1;IL21;4;122610108;122621066;-1;ENSG00000138684
ENSG00000247993;5;73446357;73446984;1;FOXD1-AS1;FOXD1;5;73444827;73448777;-1;ENSG00000251493
ENSG00000240449;7;150363777;150372590;-1;REPIN1-AS1;REPIN1;7;150368189;150374044;1;ENSG00000214022
ENSG00000244265;3;150761937;150873554;1;SIAH2-AS1;SIAH2;3;150741125;150763477;-1;ENSG00000181788
ENSG00000240596;3;156215560;156227883;-1;KCNAB1-AS2;KCNAB1;3;156037701;156539138;1;ENSG00000169282
ENSG00000259291;15;90074512;90082207;-1;ZNF710-AS1;ZNF710;15;90001324;90082206;1;ENSG00000140548
ENSG00000227014;7;29988600;30027543;1;FKBP14-AS1;FKBP14;7;30010587;30026702;-1;ENSG00000106080
ENSG00000240541;3;149377778;149386583;1;TM4SF1-AS1;TM4SF1;3;149369022;149377692;-1;ENSG00000169908
ENSG00000248692;4;62071752;62165554;-1;ADGRL3-AS1;ADGRL3;4;61200326;62078335;1;ENSG00000150471
ENSG00000180525;10;649948;669581;1;DIP2C-AS1;DIP2C;10;274190;689668;-1;ENSG00000151240
ENSG00000255082;11;88504576;88524054;1;GRM5-AS1;GRM5;11;88504576;89065982;-1;ENSG00000168959
ENSG00000267169;19;14137146;14171267;1;ADGRL1-AS1;ADGRL1;19;14147743;14206187;-1;ENSG00000072071
ENSG00000253921;5;151753992;151767247;1;ATOX1-AS1;ATOX1;5;151742316;151772532;-1;ENSG00000177556
ENSG00000233693;1;164769116;164774641;-1;PBX1-AS1;PBX1;1;164555584;164899296;1;ENSG00000185630
ENSG00000274259;6;33437363;33454453;-1;SYNGAP1-AS1;SYNGAP1;6;33419661;33453689;1;ENSG00000197283
ENSG00000268592;6;149863494;149919507;1;RAET1E-AS1;RAET1E;6;149883179;149898113;-1;ENSG00000164520
ENSG00000233308;3;191213291;191234605;-1;OSTN-AS1;OSTN;3;191199241;191265615;1;ENSG00000188729
ENSG00000240758;7;128455937;128469197;1;HILPDA-AS1;HILPDA;7;128455849;128458418;1;ENSG00000135245
ENSG00000266933;19;490046;507833;-1;MADCAM1-AS1;MADCAM1;19;489176;505343;1;ENSG00000099866
ENSG00000163915;3;185712528;185729787;1;IGF2BP2-AS1;IGF2BP2;3;185643130;185825042;-1;ENSG00000073792
ENSG00000228536;1;219409039;219459369;-1;LYPLAL1-AS1;LYPLAL1;1;219173869;219212865;1;ENSG00000143353
ENSG00000267432;17;78484882;78503056;1;DNAH17-AS1;DNAH17;17;78423697;78577396;-1;ENSG00000187775
ENSG00000246211;11;74311362;74324705;1;P4HA3-AS1;P4HA3;11;74235801;74311640;-1;ENSG00000149380
ENSG00000197301;12;65851340;65882167;-1;HMGA2-AS1;HMGA2;12;65824460;65966291;1;ENSG00000149948
ENSG00000237009;9;3898642;3901248;1;GLIS3-AS1;GLIS3;9;3824127;4348392;-1;ENSG00000107249
ENSG00000228322;9;4299390;4306046;1;GLIS3-AS2;GLIS3;9;3824127;4348392;-1;ENSG00000107249
ENSG00000279484;2;238152889;238155994;-1;KLHL30-AS1;KLHL30;2;238138668;238152947;1;ENSG00000168427
ENSG00000245711;5;36221055;36221902;1;NADK2-AS1;NADK2;5;36192589;36242279;-1;ENSG00000152620
ENSG00000234070;1;217781198;217785120;-1;SPATA17-AS1;SPATA17;1;217631324;217871696;1;ENSG00000162814
ENSG00000233620;1;216072465;216086917;1;USH2A-AS2;USH2A;1;215622891;216423448;-1;ENSG00000042781
ENSG00000225822;3;196431385;196432530;1;UBXN7-AS1;UBXN7;3;196347662;196432430;-1;ENSG00000163960
ENSG00000224563;3;188562238;188568666;-1;LPP-AS1;LPP;3;188153284;188890671;1;ENSG00000145012
ENSG00000236292;1;216194051;216204366;1;USH2A-AS1;USH2A;1;215622891;216423448;-1;ENSG00000042781
ENSG00000261318;15;66278498;66293357;-1;DIS3L-AS1;DIS3L;15;66293217;66333898;1;ENSG00000166938
ENSG00000236508;3;193307244;193314362;1;ATP13A5-AS1;ATP13A5;3;193274789;193378820;-1;ENSG00000187527
ENSG00000234076;3;188941715;188947639;-1;TPRG1-AS1;TPRG1;3;188947214;189325304;1;ENSG00000188001
ENSG00000221819;16;90028908;90029901;-1;GAS8-AS1;GAS8;16;90019629;90044975;1;ENSG00000141013
ENSG00000224702;1;165210627;165213090;1;LMX1A-AS2;LMX1A;1;165201867;165356715;-1;ENSG00000162761
ENSG00000259843;16;50046429;50066224;-1;HEATR3-AS1;HEATR3;16;50065967;50107272;1;ENSG00000155393
ENSG00000239508;3;155449184;155457753;1;PLCH1-AS1;PLCH1;3;155375580;155745071;-1;ENSG00000114805
ENSG00000242925;3;155485803;155487121;1;PLCH1-AS2;PLCH1;3;155375580;155745071;-1;ENSG00000114805
ENSG00000223910;10;43628817;43674703;1;ZNF32-AS3;ZNF32;10;43643860;43648881;-1;ENSG00000169740
ENSG00000225063;1;205233821;205236867;-1;TMCC2-AS1;TMCC2;1;205227946;205285632;1;ENSG00000133069
ENSG00000226245;10;43643872;43645047;1;ZNF32-AS1;ZNF32;10;43643860;43648881;-1;ENSG00000169740
ENSG00000230565;10;43645942;43648019;1;ZNF32-AS2;ZNF32;10;43643860;43648881;-1;ENSG00000169740
ENSG00000234197;3;186079170;186080947;1;ETV5-AS1;ETV5;3;186046314;186110318;-1;ENSG00000244405
ENSG00000270959;3;188151206;188154057;-1;LPP-AS2;LPP;3;188153284;188890671;1;ENSG00000145012
ENSG00000272146;3;57597531;57600927;1;ARF4-AS1;ARF4;3;57571363;57598220;-1;ENSG00000168374
ENSG00000233303;3;195094588;195096057;1;XXYLT1-AS1;XXYLT1;3;195068284;195271159;-1;ENSG00000173950
ENSG00000230266;3;195147871;195152790;1;XXYLT1-AS2;XXYLT1;3;195068284;195271159;-1;ENSG00000173950
ENSG00000242522;3;183548735;183552326;1;KLHL6-AS1;KLHL6;3;183487551;183555706;-1;ENSG00000172578
ENSG00000235470;10;103479603;103517393;-1;NEURL1-AS1;NEURL1;10;103493705;103592546;1;ENSG00000107954
ENSG00000280693;10;103745966;103755423;1;SH3PXD2A-AS1;SH3PXD2A;10;103594027;103855584;-1;ENSG00000107957
ENSG00000254887;19;42132555;42137099;1;POU2F2-AS1;POU2F2;19;42086110;42196585;-1;ENSG00000028277
ENSG00000234715;7;103445207;103514007;1;SLC26A5-AS1;SLC26A5;7;103352730;103446207;-1;ENSG00000170615
ENSG00000232415;7;74059576;74062284;-1;ELN-AS1;ELN;7;74027789;74069907;1;ENSG00000049540
ENSG00000241818;15;32656084;32673065;-1;SCG5-AS1;SCG5;15;32641676;32697098;1;ENSG00000166922
ENSG00000259721;15;32717270;32719007;-1;GREM1-AS1;GREM1;15;32718004;32745106;1;ENSG00000166923
ENSG00000258738;14;34874343;34876459;1;BAZ1A-AS1;BAZ1A;14;34752731;34875647;-1;ENSG00000198604
ENSG00000259235;15;48187121;48191691;-1;CTXN2-AS1;CTXN2;15;48178122;48203758;1;ENSG00000233932
ENSG00000239718;3;149086332;149102823;1;HLTF-AS1;HLTF;3;149030127;149086554;-1;ENSG00000071794
ENSG00000242049;3;128463594;128472317;1;DNAJB8-AS1;DNAJB8;3;128462437;128466968;-1;ENSG00000179407
ENSG00000244300;3;128489212;128502970;1;GATA2-AS1;GATA2;3;128479427;128493201;-1;ENSG00000179348
ENSG00000237714;5;132184876;132192808;1;P4HA2-AS1;P4HA2;5;132190147;132295315;-1;ENSG00000072682
ENSG00000256628;3;101676475;101679217;1;ZBTB11-AS1;ZBTB11;3;101648889;101677135;-1;ENSG00000066422
ENSG00000251075;4;3049094;3074538;-1;HTT-AS;HTT;4;3041363;3243957;1;ENSG00000197386
ENSG00000258957;14;69183017;69214092;-1;GALNT16-AS1;GALNT16;14;69259277;69357033;1;ENSG00000100626
ENSG00000258957;14;69183017;69214092;-1;GALNT16-AS1;EXD2;14;69191498;69244020;1;ENSG00000081177
ENSG00000224424;3;48847572;48851981;1;PRKAR2A-AS1;PRKAR2A;3;48744597;48847874;-1;ENSG00000114302
ENSG00000226522;7;18892096;18899433;-1;HDAC9-AS1;HDAC9;7;18086949;19002416;1;ENSG00000048052
ENSG00000237286;7;2944035;2947091;1;CARD11-AS1;CARD11;7;2906142;3043867;-1;ENSG00000198286
ENSG00000225706;9;8858127;8864772;1;PTPRD-AS1;PTPRD;9;8314246;10613002;-1;ENSG00000153707
ENSG00000250343;5;147180204;147234859;-1;STK32A-AS1;STK32A;5;147234963;147387855;1;ENSG00000169302
ENSG00000267291;19;38596346;38601694;1;MAP4K1-AS1;MAP4K1;19;38587641;38618882;-1;ENSG00000104814
ENSG00000230461;1;213817751;213988508;-1;PROX1-AS1;PROX1;1;213983181;214041510;1;ENSG00000117707
ENSG00000255120;11;65789051;65790868;-1;OVOL1-AS1;OVOL1;11;65787063;65797214;1;ENSG00000172818
ENSG00000240005;4;26859806;26860632;-1;STIM2-AS1;STIM2;4;26857601;27025381;1;ENSG00000109689
ENSG00000240549;3;63860645;63861819;1;THOC7-AS1;THOC7;3;63833870;63863868;-1;ENSG00000163634
ENSG00000239653;3;64004022;64012148;1;PSMD6-AS2;PSMD6;3;64010550;64024010;-1;ENSG00000163636
ENSG00000243410;3;64011964;64016246;1;PSMD6-AS1;PSMD6;3;64010550;64024010;-1;ENSG00000163636
ENSG00000241560;3;114351771;114388978;1;ZBTB20-AS1;ZBTB20;3;114314500;115147288;-1;ENSG00000181722
ENSG00000242290;3;114445521;114529452;1;ZBTB20-AS5;ZBTB20;3;114314500;115147288;-1;ENSG00000181722
ENSG00000241295;3;114684580;114687609;1;ZBTB20-AS2;ZBTB20;3;114314500;115147288;-1;ENSG00000181722
ENSG00000239946;3;114873114;114876514;1;ZBTB20-AS3;ZBTB20;3;114314500;115147288;-1;ENSG00000181722
ENSG00000242767;3;115100423;115103061;1;ZBTB20-AS4;ZBTB20;3;114314500;115147288;-1;ENSG00000181722
ENSG00000240666;3;155158370;155183285;-1;MME-AS1;MME;3;155024124;155183704;1;ENSG00000196549
ENSG00000244945;5;179595904;179603741;-1;RUFY1-AS1;RUFY1;5;179550554;179610012;1;ENSG00000176783
ENSG00000224116;7;41693884;41779388;1;INHBA-AS1;INHBA;7;41667168;41705834;-1;ENSG00000122641
ENSG00000281501;4;25160641;25201440;1;SEPSECS-AS1;SEPSECS;4;25120014;25160550;-1;ENSG00000109618
ENSG00000226235;1;205373252;205387440;1;LEMD1-AS1;LEMD1;1;205381378;205455954;-1;ENSG00000186007
ENSG00000238062;2;230984368;230996032;-1;SPATA3-AS1;SPATA3;2;230990324;231025055;1;ENSG00000173699
ENSG00000254254;8;56445807;56556513;1;PENK-AS1;PENK;8;56436674;56446671;-1;ENSG00000181195
ENSG00000246528;8;69834087;69854971;1;SLCO5A1-AS1;SLCO5A1;8;69667046;69834978;-1;ENSG00000137571
ENSG00000258777;14;61680723;61695892;-1;HIF1A-AS1;HIF1A;14;61695513;61748259;1;ENSG00000100644
ENSG00000230442;7;123584859;123624957;-1;ASB15-AS1;ASB15;7;123567010;123639481;1;ENSG00000146809
ENSG00000204949;8;123193651;123202743;-1;FAM83A-AS1;FAM83A;8;123178960;123210079;1;ENSG00000147689
ENSG00000259319;14;75423683;75427741;-1;JDP2-AS1;JDP2;14;75427716;75474111;1;ENSG00000140044
ENSG00000215256;14;23938219;24052555;-1;DHRS4-AS1;DHRS4;14;23953734;23969279;1;ENSG00000157326
ENSG00000253661;8;76491200;76683504;-1;ZFHX4-AS1;ZFHX4;8;76681239;76867281;1;ENSG00000091656
ENSG00000253738;8;91059318;91070583;-1;OTUD6B-AS1;OTUD6B;8;91070196;91087095;1;ENSG00000155100
ENSG00000236939;8;103132963;103141520;-1;BAALC-AS2;BAALC;8;103140713;103230305;1;ENSG00000164929
ENSG00000253773;8;95204456;95811254;1;CFAP418-AS1;CFAP418;8;95244913;95269201;-1;ENSG00000156172
ENSG00000224490;2;165933857;165949891;1;TTC21B-AS1;TTC21B;2;165857475;165953851;-1;ENSG00000123607
ENSG00000235024;2;218944629;218961903;-1;CDK5R2-AS1;CDK5R2;2;218959666;218962155;1;ENSG00000171450
ENSG00000250582;4;145497073;145502971;-1;SMAD1-AS2;SMAD1;4;145481194;145559176;1;ENSG00000170365
ENSG00000250902;4;145514615;145517118;-1;SMAD1-AS1;SMAD1;4;145481194;145559176;1;ENSG00000170365
ENSG00000224721;14;75574888;75579652;-1;FLVCR2-AS1;FLVCR2;14;75578620;75663214;1;ENSG00000119686
ENSG00000257621;14;58265365;58298134;-1;PSMA3-AS1;PSMA3;14;58244843;58272012;1;ENSG00000100567
ENSG00000249898;8;6617310;6708224;-1;MCPH1-AS1;MCPH1;8;6406592;6648508;1;ENSG00000147316
ENSG00000253982;8;1761054;1764508;-1;CLN8-AS1;CLN8;8;1755778;1801711;1;ENSG00000182372
ENSG00000234899;17;72067099;72237203;-1;SOX9-AS1;SOX9;17;72121020;72126416;1;ENSG00000125398
ENSG00000228661;11;3854318;3855509;-1;STIM1-AS1;STIM1;11;3854527;4093210;1;ENSG00000167323
ENSG00000235010;10;132181225;132185962;-1;JAKMIP3-AS1;JAKMIP3;10;132036336;132184858;1;ENSG00000188385
ENSG00000253133;8;41509593;41578421;-1;GPAT4-AS1;GPAT4;8;41577187;41625001;1;ENSG00000158669
ENSG00000253133;8;41509593;41578421;-1;GPAT4-AS1;GINS4;8;41529218;41545030;1;ENSG00000147536
ENSG00000255276;11;4137116;4138257;-1;RRM1-AS1;RRM1;11;4094707;4138932;1;ENSG00000167325
ENSG00000197536;5;132410636;132488702;1;IRF1-AS1;IRF1;5;132440440;132508719;-1;ENSG00000125347
ENSG00000248152;4;112973272;113071962;-1;ANK2-AS1;ANK2;4;112818032;113384221;1;ENSG00000145362
ENSG00000226627;11;70626441;70635658;1;SHANK2-AS1;SHANK2;11;70467854;71252577;-1;ENSG00000162105
ENSG00000236262;11;70646165;70647562;1;SHANK2-AS2;SHANK2;11;70467854;71252577;-1;ENSG00000162105
ENSG00000223534;6;32659880;32660729;1;HLA-DQB1-AS1;HLA-DQB1;6;32659467;32668383;-1;ENSG00000179344
ENSG00000171671;11;70862790;70865115;1;SHANK2-AS3;SHANK2;11;70467854;71252577;-1;ENSG00000162105
ENSG00000272620;4;7754077;7778928;1;AFAP1-AS1;AFAP1;4;7758714;7939926;-1;ENSG00000196526
ENSG00000251497;12;123081384;123084744;1;PITPNM2-AS1;PITPNM2;12;122983480;123151090;-1;ENSG00000090975
ENSG00000258708;14;37171888;37173811;1;SLC25A21-AS1;SLC25A21;14;36677921;37172606;-1;ENSG00000183032
ENSG00000186615;14;55496786;55580888;-1;KTN1-AS1;KTN1;14;55559072;55701526;1;ENSG00000126777
ENSG00000242902;7;128850162;128862626;-1;FLNC-AS1;FLNC;7;128830406;128859274;1;ENSG00000128591
ENSG00000225442;17;17076038;17077752;-1;MPRIP-AS1;MPRIP;17;17042457;17217679;1;ENSG00000133030
ENSG00000257038;11;73307235;73309361;-1;ARHGEF17-AS1;ARHGEF17;11;73308276;73369388;1;ENSG00000110237
ENSG00000250174;3;123689644;123692407;1;MYLK-AS2;MYLK;3;123610049;123884332;-1;ENSG00000065534
ENSG00000255311;11;83643602;83725390;1;DLG2-AS2;DLG2;11;83455012;85627922;-1;ENSG00000150672
ENSG00000235706;14;95157645;95181475;1;DICER1-AS1;DICER1;14;95086228;95158010;-1;ENSG00000100697
ENSG00000227751;1;17406760;17407382;1;RCC2-AS1;RCC2;1;17406760;17439677;-1;ENSG00000179051
ENSG00000232892;1;163161675;163213023;1;RGS5-AS1;RGS5;1;163111121;163321791;-1;ENSG00000143248
ENSG00000238057;2;144517978;144521477;1;ZEB2-AS1;ZEB2;2;144364364;144521057;-1;ENSG00000169554
ENSG00000259736;15;90620007;90717141;-1;CRTC3-AS1;CRTC3;15;90529923;90645345;1;ENSG00000140577
ENSG00000226876;1;246108626;246113866;1;SMYD3-AS1;SMYD3;1;245749342;246507312;-1;ENSG00000185420
ENSG00000255390;11;6621451;6622322;1;DCHS1-AS1;DCHS1;11;6621330;6655809;-1;ENSG00000166341
ENSG00000234678;1;201995696;202010463;-1;ELF3-AS1;ELF3;1;202007945;202017183;1;ENSG00000163435
ENSG00000247699;5;160195744;160204826;-1;FABP6-AS1;FABP6;5;160187367;160238735;1;ENSG00000170231
ENSG00000245928;4;75980790;76005942;1;SDAD1-AS1;SDAD1;4;75940950;75990962;-1;ENSG00000198301
ENSG00000255100;11;76782581;76783062;-1;TSKU-AS1;TSKU;11;76782251;76798153;1;ENSG00000182704
ENSG00000197308;10;8050450;8053484;-1;GATA3-AS1;GATA3;10;8045378;8075198;1;ENSG00000107485
ENSG00000236244;1;234268583;234272500;-1;SLC35F3-AS1;SLC35F3;1;233904676;234324511;1;ENSG00000183780
ENSG00000226800;19;3607247;3613930;1;CACTIN-AS1;CACTIN;19;3610645;3626815;-1;ENSG00000105298
ENSG00000255679;11;96447132;96506826;-1;JRKL-AS1;JRKL;11;96389989;96507574;1;ENSG00000183340
ENSG00000234945;2;27335520;27342599;1;GTF3C2-AS1;GTF3C2;2;27325849;27356999;-1;ENSG00000115207
ENSG00000234072;2;27356246;27367622;1;GTF3C2-AS2;GTF3C2;2;27325849;27356999;-1;ENSG00000115207
ENSG00000229463;1;235839483;235840182;1;LYST-AS1;LYST;1;235661041;235883640;-1;ENSG00000143669
ENSG00000253210;8;141124717;141130070;-1;DENND3-AS1;DENND3;8;141117278;141195808;1;ENSG00000105339
ENSG00000229531;1;174934947;174954261;-1;RABGAP1L-AS1;RABGAP1L;1;174159410;174995308;1;ENSG00000152061
ENSG00000253764;8;1971153;1974768;-1;KBTBD11-AS1;KBTBD11;8;1973677;2006936;1;ENSG00000176595
ENSG00000203706;1;210231456;210234047;-1;SERTAD4-AS1;SERTAD4;1;210232796;210246631;1;ENSG00000082497
ENSG00000265451;2;121530422;121532705;1;CLASP1-AS1;CLASP1;2;121337776;121649476;-1;ENSG00000074054
ENSG00000179428;7;22725395;22727620;-1;IL6-AS1;IL6;7;22725884;22732002;1;ENSG00000136244
ENSG00000259583;15;100892343;100919391;-1;ALDH1A3-AS1;ALDH1A3;15;100877714;100916626;1;ENSG00000184254
ENSG00000180139;10;88932390;88940820;1;ACTA2-AS1;ACTA2;10;88935074;88991339;-1;ENSG00000107796
ENSG00000259234;15;79123939;79283964;-1;ANKRD34C-AS1;ANKRD34C;15;79282722;79298239;1;ENSG00000235711
ENSG00000259343;15;81324338;81518200;1;TMC3-AS1;TMC3;15;81331088;81374213;-1;ENSG00000188869
ENSG00000261423;15;72407778;72475168;-1;TMEM202-AS1;TMEM202;15;72398302;72408367;1;ENSG00000187806
ENSG00000247809;15;96110040;96327361;-1;NR2F2-AS1;NR2F2;15;96325938;96340263;1;ENSG00000185551
ENSG00000237986;10;11071541;11105773;-1;CELF2-AS2;CELF2;10;10798397;11336675;1;ENSG00000048740
ENSG00000181800;10;11316833;11319884;-1;CELF2-AS1;CELF2;10;10798397;11336675;1;ENSG00000048740
ENSG00000244879;15;50354950;50372202;1;GABPB1-AS1;GABPB1;15;50275389;50355408;-1;ENSG00000104064
ENSG00000261183;15;40835808;40844409;-1;SPINT1-AS1;SPINT1;15;40844018;40858207;1;ENSG00000166145
ENSG00000261801;15;73908071;73928248;-1;LOXL1-AS1;LOXL1;15;73925989;73952137;1;ENSG00000129038
ENSG00000268324;3;46557398;46559694;1;LRRC2-AS1;LRRC2;3;46515385;46606948;-1;ENSG00000163827
ENSG00000236756;10;73247360;73276984;1;DNAJC9-AS1;DNAJC9;10;73183362;73247255;-1;ENSG00000213551
ENSG00000229739;1;186423481;186521147;1;PDC-AS1;PDC;1;186443566;186461114;-1;ENSG00000116703
ENSG00000224358;1;165768929;165775176;1;TMCO1-AS1;TMCO1;1;165724293;165827755;-1;ENSG00000143183
ENSG00000261656;16;66469796;66481230;-1;BEAN1-AS1;BEAN1;16;66427295;66493529;1;ENSG00000166546
ENSG00000117242;1;20642657;20652193;-1;PINK1-AS;PINK1;1;20633458;20651511;1;ENSG00000158828
ENSG00000237919;1;70013982;70031222;-1;LRRC7-AS1;LRRC7;1;69567922;70151945;1;ENSG00000033122
ENSG00000260305;15;88252730;88271066;1;NTRK3-AS1;NTRK3;15;87859751;88256791;-1;ENSG00000140538
ENSG00000229589;3;38451027;38454820;-1;ACVR2B-AS1;ACVR2B;3;38453890;38493142;1;ENSG00000114739
ENSG00000205913;16;2737076;2752600;-1;SRRM2-AS1;SRRM2;16;2752626;2772538;1;ENSG00000167978
ENSG00000267852;19;7390522;7395039;-1;ARHGEF18-AS1;ARHGEF18;19;7348937;7472485;1;ENSG00000104880
ENSG00000259883;15;41921417;41929286;1;EHD4-AS1;EHD4;15;41895933;41972557;-1;ENSG00000103966
ENSG00000246740;15;41972763;41999094;1;PLA2G4E-AS1;PLA2G4E;15;41981394;42051190;-1;ENSG00000188089
ENSG00000246422;5;141558311;141565263;1;DIAPH1-AS1;DIAPH1;5;141515016;141619055;-1;ENSG00000131504
ENSG00000236081;7;1738630;1742291;-1;ELFN1-AS1;ELFN1;7;1665745;1747946;1;ENSG00000225968
ENSG00000237017;19;54119511;54125343;-1;PRPF31-AS1;PRPF31;19;54115410;54131719;1;ENSG00000105618
ENSG00000221990;5;441498;443160;-1;EXOC3-AS1;EXOC3;5;443175;471937;1;ENSG00000180104
ENSG00000229334;3;194632923;194645401;1;TMEM44-AS2;TMEM44;3;194587673;194633689;-1;ENSG00000145014
ENSG00000259498;15;63046034;63049387;-1;TPM1-AS;TPM1;15;63042632;63071915;1;ENSG00000140416
ENSG00000244586;3;55487699;55488308;1;WNT5A-AS1;WNT5A;3;55465715;55490539;-1;ENSG00000114251
ENSG00000271335;10;35314552;35336401;-1;CCNY-AS1;CCNY;10;35247025;35572669;1;ENSG00000108100
ENSG00000223358;3;185162871;185191955;1;EHHADH-AS1;EHHADH;3;185190624;185281990;-1;ENSG00000113790
ENSG00000231840;7;143255264;143287997;-1;TMEM139-AS1;TMEM139;7;143279957;143288048;1;ENSG00000178826
ENSG00000263400;17;10729777;10815164;1;TMEM220-AS1;TMEM220;17;10699015;10730023;-1;ENSG00000187824
ENSG00000235710;1;231184098;231187627;-1;TRIM67-AS1;TRIM67;1;231162058;231221565;1;ENSG00000119283
ENSG00000272619;7;143363899;143364229;1;FAM131B-AS1;FAM131B;7;143353400;143362770;-1;ENSG00000159784
ENSG00000250900;5;181195496;181203103;1;TRIM7-AS1;TRIM7;5;181193924;181205293;-1;ENSG00000146054
ENSG00000226659;10;80529592;80536026;-1;TSPAN14-AS1;TSPAN14;10;80454166;80533124;1;ENSG00000108219
ENSG00000226051;10;75243568;75373500;1;ZNF503-AS1;ZNF503;10;75397830;75401764;-1;ENSG00000165655
ENSG00000237243;7;137953348;137957966;1;CREB3L2-AS1;CREB3L2;7;137874979;138002086;-1;ENSG00000182158
ENSG00000225936;10;117238762;117241998;-1;SLC18A2-AS1;SLC18A2;10;117241093;117279430;1;ENSG00000165646
ENSG00000224812;10;44793119;44959724;-1;TMEM72-AS1;TMEM72;10;44911316;44937010;1;ENSG00000187783
ENSG00000237512;10;71217220;71218294;-1;UNC5B-AS1;UNC5B;10;71212570;71302864;1;ENSG00000107731
ENSG00000221817;10;73495525;73520070;1;PPP3CB-AS1;PPP3CB;10;73436433;73496024;-1;ENSG00000107758
ENSG00000233355;1;239703381;239770130;-1;CHRM3-AS2;CHRM3;1;239386565;239915452;1;ENSG00000133019
ENSG00000229124;10;17214239;17230018;-1;VIM-AS1;VIM;10;17228241;17237593;1;ENSG00000026025
ENSG00000234601;1;239898016;239899872;-1;CHRM3-AS1;CHRM3;1;239386565;239915452;1;ENSG00000133019
ENSG00000227274;17;12671862;12706135;-1;MYOCD-AS1;MYOCD;17;12665890;12768949;1;ENSG00000141052
ENSG00000265489;17;12760140;12790242;-1;ARHGAP44-AS1;ARHGAP44;17;12789498;12991643;1;ENSG00000006740
ENSG00000265489;17;12760140;12790242;-1;ARHGAP44-AS1;MYOCD;17;12665890;12768949;1;ENSG00000141052
ENSG00000224596;10;78943328;79067895;-1;ZMIZ1-AS1;ZMIZ1;10;79068966;79316519;1;ENSG00000108175
ENSG00000203497;10;110869741;110872253;-1;PDCD4-AS1;PDCD4;10;110871795;110900006;1;ENSG00000150593
ENSG00000223482;10;87189773;87342612;-1;NUTM2A-AS1;NUTM2A;10;87225448;87236908;1;ENSG00000184923
ENSG00000236208;10;49296112;49299018;-1;C10orf71-AS1;C10orf71;10;49299170;49327492;1;ENSG00000177354
ENSG00000205696;10;1526637;1556988;1;ADARB2-AS1;ADARB2;10;1177313;1737525;-1;ENSG00000185736
ENSG00000226688;10;95732976;96090250;-1;ENTPD1-AS1;ENTPD1;10;95711779;95877266;1;ENSG00000138185
ENSG00000237943;10;6580419;6616921;1;PRKCQ-AS1;PRKCQ;10;6427143;6580301;-1;ENSG00000065675
ENSG00000237036;10;31206278;31320447;-1;ZEB1-AS1;ZEB1;10;31318495;31529814;1;ENSG00000148516
ENSG00000229327;10;32347397;32374488;1;EPC1-AS1;EPC1;10;32267751;32378798;-1;ENSG00000120616
ENSG00000273002;1;155978799;155982986;1;ARHGEF2-AS2;ARHGEF2;1;155946851;156007070;-1;ENSG00000116584
ENSG00000224276;1;155991390;156001787;1;ARHGEF2-AS1;ARHGEF2;1;155946851;156007070;-1;ENSG00000116584
ENSG00000228323;19;53854581;53869107;-1;MYADM-AS1;MYADM;19;53864763;53876435;1;ENSG00000179820
ENSG00000231079;2;148866470;148888823;-1;KIF5C-AS1;KIF5C;2;148875227;149026759;1;ENSG00000168280
ENSG00000225506;1;47096653;47179271;-1;CYP4A22-AS1;CYP4A22;1;47137435;47149727;1;ENSG00000162365
ENSG00000237424;1;47432133;47434641;-1;FOXD2-AS1;FOXD2;1;47438044;47440691;1;ENSG00000186564
ENSG00000226869;7;104738597;104804107;-1;LHFPL3-AS1;LHFPL3;7;104328603;104908561;1;ENSG00000187416
ENSG00000225329;7;104894628;104926645;-1;LHFPL3-AS2;LHFPL3;7;104328603;104908561;1;ENSG00000187416
ENSG00000226925;2;102172621;102182108;-1;IL1R1-AS1;IL1R1;2;102064544;102179874;1;ENSG00000115594
ENSG00000230185;9;112399512;112487204;-1;HSDL2-AS1;HSDL2;9;112380080;112472405;1;ENSG00000119471
ENSG00000254003;7;88216660;88219226;1;SRI-AS1;SRI;7;88205115;88226993;-1;ENSG00000075142
ENSG00000254473;9;83707594;83713496;1;UBQLN1-AS1;UBQLN1;9;83659968;83707958;-1;ENSG00000135018
ENSG00000203993;9;137615326;137618906;-1;ARRDC1-AS1;ARRDC1;9;137605685;137615360;1;ENSG00000197070
ENSG00000236404;9;2421597;2622457;-1;VLDLR-AS1;VLDLR;9;2621182;2660056;1;ENSG00000147852
ENSG00000224220;2;25421117;25427643;1;DTNB-AS1;DTNB;2;25377198;25673647;-1;ENSG00000138101
ENSG00000219665;19;11987617;12046275;1;ZNF433-AS1;ZNF433;19;12014715;12035741;-1;ENSG00000197647
ENSG00000219665;19;11987617;12046275;1;ZNF433-AS1;ZNF878;19;12043805;12052961;-1;ENSG00000257446
ENSG00000265458;17;82454140;82458521;-1;NARF-AS2;NARF;17;82458180;82490537;1;ENSG00000141562
ENSG00000266445;17;82476597;82477924;-1;NARF-AS1;NARF;17;82458180;82490537;1;ENSG00000141562
ENSG00000225361;9;135462727;135480777;-1;PPP1R26-AS1;PPP1R26;9;135479079;135488893;1;ENSG00000196422
ENSG00000268095;19;51888025;51900463;1;ZNF649-AS1;ZNF649;19;51889235;51905040;-1;ENSG00000198093
ENSG00000244198;7;144194858;144280547;1;ARHGEF35-AS1;ARHGEF35;7;144186083;144195879;-1;ENSG00000213214
ENSG00000244479;7;144300395;144356181;-1;OR2A1-AS1;OR2A1;7;144312419;144322737;1;ENSG00000221970
ENSG00000224903;7;156654185;156659582;-1;RNF32-AS1;RNF32;7;156640281;156677130;1;ENSG00000105982
ENSG00000235120;3;49640483;49641769;-1;BSN-AS1;BSN;3;49554477;49671549;1;ENSG00000164061
ENSG00000235029;7;157006307;157007132;1;MNX1-AS2;MNX1;7;156994051;157010663;-1;ENSG00000130675
ENSG00000243479;7;157010805;157016426;1;MNX1-AS1;MNX1;7;156994051;157010663;-1;ENSG00000130675
ENSG00000235397;17;19296596;19306261;-1;EPN2-AS1;EPN2;17;19215615;19336715;1;ENSG00000072134
ENSG00000260979;16;8962706;8966990;1;USP7-AS1;USP7;16;8892097;8975328;-1;ENSG00000187555
ENSG00000230082;3;9947404;9954787;1;PRRT3-AS1;PRRT3;3;9945542;9952408;-1;ENSG00000163704
ENSG00000260886;16;71564952;71578187;1;TAT-AS1;TAT;16;71565660;71577092;-1;ENSG00000198650
ENSG00000251224;3;32730635;32737454;-1;CNOT10-AS1;CNOT10;3;32685145;32773875;1;ENSG00000182973
ENSG00000253187;7;27168619;27171915;1;HOXA10-AS;HOXA10;7;27170605;27180261;-1;ENSG00000253293
ENSG00000240990;7;27184507;27189298;1;HOXA11-AS;HOXA11;7;27181157;27185232;-1;ENSG00000005073
ENSG00000253405;7;27241429;27247229;-1;EVX1-AS;EVX1;7;27242700;27250493;1;ENSG00000106038
ENSG00000260969;16;78234652;78241989;-1;WWOX-AS1;WWOX;16;78099400;79212667;1;ENSG00000186153
ENSG00000241457;3;146589602;146590325;1;PLSCR5-AS1;PLSCR5;3;146576555;146605346;-1;ENSG00000231213
ENSG00000232729;7;74688864;74729001;-1;GTF2I-AS1;GTF2I;7;74650231;74760692;1;ENSG00000263001
ENSG00000246323;5;138032774;138037266;1;FAM13B-AS1;FAM13B;5;137937960;138051961;-1;ENSG00000031003
ENSG00000235910;11;116836117;116856018;1;APOA1-AS;APOA1;11;116835751;116837622;-1;ENSG00000118137
ENSG00000256633;11;72584572;72587979;1;PDE2A-AS2;PDE2A;11;72576141;72674591;-1;ENSG00000186642
ENSG00000245864;5;88676033;88779088;1;MEF2C-AS2;MEF2C;5;88717117;88904257;-1;ENSG00000081189
ENSG00000229525;2;219388496;219403633;1;DNPEP-AS1;DNPEP;2;219372043;219400022;-1;ENSG00000123992
ENSG00000242797;3;52288580;52299067;-1;GLYCTK-AS1;GLYCTK;3;52287089;52295257;1;ENSG00000168237
ENSG00000227432;2;219482073;219516877;-1;ASIC4-AS1;ASIC4;2;219514170;219538772;1;ENSG00000072182
ENSG00000231185;5;142325293;142672001;1;SPRY4-AS1;SPRY4;5;142310427;142326455;-1;ENSG00000187678
ENSG00000239377;7;150379854;150383885;-1;ZNF775-AS1;ZNF775;7;150368790;150398630;1;ENSG00000196456
ENSG00000241648;3;85799987;85828050;-1;CADM2-AS2;CADM2;3;84958989;86074429;1;ENSG00000175161
ENSG00000281357;5;91380349;91612566;1;ARRDC3-AS1;ARRDC3;5;91368631;91383317;-1;ENSG00000113369
ENSG00000239519;3;85992183;86028007;-1;CADM2-AS1;CADM2;3;84958989;86074429;1;ENSG00000175161
ENSG00000248309;5;88883328;89466398;1;MEF2C-AS1;MEF2C;5;88717117;88904257;-1;ENSG00000081189
ENSG00000249116;5;1883315;1884758;1;IRX4-AS1;IRX4;5;1877413;1887236;-1;ENSG00000113430
ENSG00000280780;5;147559994;147694827;1;JAKMIP2-AS1;JAKMIP2;5;147585438;147782775;-1;ENSG00000176049
ENSG00000248275;5;181261169;181272307;1;TRIM52-AS1;TRIM52;5;181254077;181261150;-1;ENSG00000183718
ENSG00000229666;5;67001383;67004080;-1;MAST4-AS1;MAST4;5;66596380;67169593;1;ENSG00000069020
ENSG00000251279;5;61162070;61232040;1;SMIM15-AS1;SMIM15;5;61157704;61162468;-1;ENSG00000188725
ENSG00000224032;5;112160526;112164818;1;EPB41L4A-AS1;EPB41L4A;5;112142441;112419313;-1;ENSG00000129595
ENSG00000247572;5;81201341;81301565;-1;CKMT2-AS1;CKMT2;5;81233320;81266398;1;ENSG00000131730
ENSG00000228624;6;113969701;114471705;1;HDAC2-AS2;HDAC2;6;113933028;114011308;-1;ENSG00000196591
ENSG00000228624;6;113969701;114471705;1;HDAC2-AS2;HS3ST5;6;114055596;114343023;-1;ENSG00000249853
ENSG00000250981;5;16129126;16141737;1;MARCHF11-AS1;MARCHF11;5;16067139;16180762;-1;ENSG00000183654
ENSG00000203808;6;105136308;105199559;1;BVES-AS1;BVES;6;105096822;105137157;-1;ENSG00000112276
ENSG00000233452;6;146824539;147204614;-1;STXBP5-AS1;STXBP5;6;147204417;147390476;1;ENSG00000164506
ENSG00000246334;5;177438503;177447982;-1;PRR7-AS1;PRR7;5;177446445;177456286;1;ENSG00000131188
ENSG00000267905;19;51340695;51344117;1;VSIG10L-AS1;VSIG10L;19;51331536;51342139;-1;ENSG00000186806
ENSG00000251018;5;163483065;163494058;-1;HMMR-AS1;HMMR;5;163460203;163491941;1;ENSG00000072571
ENSG00000245556;5;78342338;78360507;-1;SCAMP1-AS1;SCAMP1;5;78360611;78480739;1;ENSG00000085365
ENSG00000236548;6;124644434;124963165;-1;RNF217-AS1;RNF217;6;124962437;125092633;1;ENSG00000146373
ENSG00000229931;6;16761138;16763947;1;ATXN1-AS1;ATXN1;6;16299112;16761491;-1;ENSG00000124788
ENSG00000234753;6;41452889;41548621;-1;FOXP4-AS1;FOXP4;6;41546381;41602384;1;ENSG00000137166
ENSG00000255441;19;51415724;51417425;1;SIGLEC10-AS1;SIGLEC10;19;51410020;51417803;-1;ENSG00000142512
ENSG00000245067;4;57109762;57207459;1;IGFBP7-AS1;IGFBP7;4;57030773;57110385;-1;ENSG00000163453
ENSG00000249673;4;2934882;2961738;1;NOP14-AS1;NOP14;4;2937933;2963406;-1;ENSG00000087269
ENSG00000271913;6;158988178;159088114;1;TAGAP-AS1;TAGAP;6;159034468;159045152;-1;ENSG00000164691
ENSG00000224614;3;195908076;195913986;1;TNK2-AS1;TNK2;3;195863364;195911945;-1;ENSG00000061938
ENSG00000281692;6;163306907;163324530;-1;PACRG-AS1;PACRG;6;162727132;163315500;1;ENSG00000112530
ENSG00000231160;4;38602438;38664926;-1;KLF3-AS1;KLF3;4;38664197;38701517;1;ENSG00000109787
ENSG00000272288;6;34696317;34697478;1;ILRUN-AS1;ILRUN;6;34587288;34696859;-1;ENSG00000196821
ENSG00000225914;6;32254640;32407763;1;TSBP1-AS1;TSBP1;6;32288526;32371912;-1;ENSG00000204296
ENSG00000225914;6;32254640;32407763;1;TSBP1-AS1;BTNL2;6;32393339;32407181;-1;ENSG00000204290
ENSG00000233797;6;96199840;96521717;-1;UFL1-AS1;UFL1;6;96521595;96555276;1;ENSG00000014123
ENSG00000232021;4;108167525;108258037;1;LEF1-AS1;LEF1;4;108047545;108168956;-1;ENSG00000138795
ENSG00000272273;6;30742816;30743638;1;IER3-AS1;IER3;6;30743199;30744548;-1;ENSG00000137331
ENSG00000237125;4;173527270;173659696;1;HAND2-AS1;HAND2;4;173524969;173530229;-1;ENSG00000164107
ENSG00000231889;6;111483496;111598302;1;TRAF3IP2-AS1;TRAF3IP2;6;111555381;111606906;-1;ENSG00000056972
ENSG00000269293;6;28015122;28137313;-1;ZSCAN16-AS1;ZSCAN16;6;28107689;28130082;1;ENSG00000196812
ENSG00000270362;6;79233699;79236797;1;HMGN3-AS1;HMGN3;6;79201245;79234738;-1;ENSG00000118418
ENSG00000237742;6;125577545;125749190;-1;HEY2-AS1;HEY2;6;125747664;125761269;1;ENSG00000135547
ENSG00000223949;1;64094379;64171342;-1;ROR1-AS1;ROR1;1;63774017;64181498;1;ENSG00000185483
ENSG00000235535;6;123389421;123511509;1;TRDN-AS1;TRDN;6;123216339;123637093;-1;ENSG00000186439
ENSG00000247950;4;109347475;109433817;-1;SEC24B-AS1;SEC24B;4;109433772;109540896;1;ENSG00000138802
ENSG00000249348;4;39527720;39594707;1;UGDH-AS1;UGDH;4;39498755;39528311;-1;ENSG00000109814
ENSG00000246560;4;102827611;102844099;1;UBE2D3-AS1;UBE2D3;4;102794383;102868896;-1;ENSG00000109332
ENSG00000245293;4;107863473;107989692;-1;CYP2U1-AS1;CYP2U1;4;107931549;107953461;1;ENSG00000155016
ENSG00000245293;4;107863473;107989692;-1;CYP2U1-AS1;SGMS2;4;107824563;107915047;1;ENSG00000164023
ENSG00000273247;4;139411927;139454034;-1;RAB33B-AS1;RAB33B;4;139453232;139476609;1;ENSG00000172007
ENSG00000248890;4;144642919;144661357;-1;HHIP-AS1;HHIP;4;144646156;144745271;1;ENSG00000164161
ENSG00000196951;4;140283724;140373406;-1;SCOC-AS1;SCOC;4;140257286;140385728;1;ENSG00000153130
ENSG00000136275;7;47795291;47819847;1;PKD1L1-AS1;PKD1L1;7;47740202;47948466;-1;ENSG00000158683
ENSG00000267106;19;9621249;9674662;1;ZNF561-AS1;ZNF561;19;9604680;9621236;-1;ENSG00000171469
ENSG00000249509;4;112515385;112546881;1;NEUROG2-AS1;NEUROG2;4;112513516;112516180;-1;ENSG00000178403
ENSG00000249509;4;112515385;112546881;1;NEUROG2-AS1;ZGRF1;4;112539333;112636995;-1;ENSG00000138658
ENSG00000258334;12;49292631;49324576;-1;TROAP-AS1;TROAP;12;49323236;49331731;1;ENSG00000135451
ENSG00000258334;12;49292631;49324576;-1;TROAP-AS1;PRPH;12;49293252;49298686;1;ENSG00000135406
ENSG00000227543;17;28598790;28617377;1;SPAG5-AS1;SPAG5;17;28577565;28599025;-1;ENSG00000076382
ENSG00000223776;1;236523052;236524508;-1;LGALS8-AS1;LGALS8;1;236518000;236552981;1;ENSG00000116977
ENSG00000242686;4;652850;656213;-1;PDE6B-AS1;PDE6B;4;625573;670782;1;ENSG00000133256
ENSG00000257809;12;56150796;56158220;-1;MYL6B-AS1;MYL6B;12;56152256;56159647;1;ENSG00000196465
ENSG00000267365;17;70166961;70169402;-1;KCNJ2-AS1;KCNJ2;17;70168673;70180044;1;ENSG00000123700
ENSG00000244926;11;43909289;43920944;-1;ALKBH3-AS1;ALKBH3;11;43880811;43920274;1;ENSG00000166199
ENSG00000267128;17;76138432;76154650;1;RNF157-AS1;RNF157;17;76142465;76240493;-1;ENSG00000141576
ENSG00000225265;1;222589825;222593843;1;TAF1A-AS1;TAF1A;1;222557902;222589933;-1;ENSG00000143498
ENSG00000267493;19;1267471;1270260;-1;CIRBP-AS1;CIRBP;19;1259384;1274880;1;ENSG00000099622
ENSG00000231407;1;170460453;170532647;-1;GORAB-AS1;GORAB;1;170531819;170553834;1;ENSG00000120370
ENSG00000228035;1;115283034;115368072;1;NGF-AS1;NGF;1;115285904;115338770;-1;ENSG00000134259
ENSG00000223653;1;85276388;85448124;1;BCL10-AS1;BCL10;1;85265776;85276632;-1;ENSG00000142867
ENSG00000260439;16;921033;934495;1;LMF1-AS1;LMF1;16;853634;981318;-1;ENSG00000103227
ENSG00000225855;1;155316863;155324176;-1;RUSC1-AS1;RUSC1;1;155320894;155331114;1;ENSG00000160753
ENSG00000254960;11;126940746;126945090;1;KIRREL3-AS2;KIRREL3;11;126423358;127003460;-1;ENSG00000149571
ENSG00000218109;11;127002910;127006058;1;KIRREL3-AS3;KIRREL3;11;126423358;127003460;-1;ENSG00000149571
ENSG00000243799;3;179875376;179881609;1;PEX5L-AS1;PEX5L;3;179794958;180037053;-1;ENSG00000114757
ENSG00000244302;3;179898199;179921895;1;PEX5L-AS2;PEX5L;3;179794958;180037053;-1;ENSG00000114757
ENSG00000244161;3;58162547;58170636;-1;FLNB-AS1;FLNB;3;58008398;58172251;1;ENSG00000136068
ENSG00000248714;17;49361150;49369998;1;ZNF652-AS1;ZNF652;17;49289206;49362473;-1;ENSG00000198740
ENSG00000229782;17;4497394;4499674;-1;SPNS2-AS1;SPNS2;17;4498881;4539035;1;ENSG00000183018
ENSG00000204581;2;111098345;111116407;-1;ACOXL-AS1;ACOXL;2;110732539;111120610;1;ENSG00000153093
ENSG00000237990;3;3039033;3069242;-1;CNTN4-AS1;CNTN4;3;2098813;3057959;1;ENSG00000144619
ENSG00000229385;2;79492704;79513900;-1;CTNNA2-AS1;CTNNA2;2;79185231;80648861;1;ENSG00000066032
ENSG00000255136;11;75206048;75241173;-1;TPBGL-AS1;TPBGL;11;75240774;75243704;1;ENSG00000261594
ENSG00000266962;17;42552436;42554748;-1;HSD17B1-AS1;HSD17B1;17;42552922;42555214;1;ENSG00000108786
ENSG00000230530;3;45676369;45689200;-1;LIMD1-AS1;LIMD1;3;45555394;45686341;1;ENSG00000144791
ENSG00000268621;19;46189029;46203160;-1;IGFL2-AS1;IGFL2;19;46143106;46161298;1;ENSG00000204866
ENSG00000255435;11;118510273;118531094;-1;TTC36-AS1;TTC36;11;118527472;118531197;1;ENSG00000172425
ENSG00000255435;11;118510273;118531094;-1;TTC36-AS1;KMT2A;11;118436456;118526832;1;ENSG00000118058
ENSG00000232354;3;42506465;42533258;-1;VIPR1-AS1;VIPR1;3;42489299;42537573;1;ENSG00000114812
ENSG00000229380;7;561958;565619;1;PRKAR1B-AS2;PRKAR1B;7;549197;727650;-1;ENSG00000188191
ENSG00000237181;7;603185;608482;1;PRKAR1B-AS1;PRKAR1B;7;549197;727650;-1;ENSG00000188191
ENSG00000230970;3;42702541;42706776;1;HHATL-AS1;HHATL;3;42692663;42702824;-1;ENSG00000010282
ENSG00000173811;3;42732575;42746768;1;CCDC13-AS1;CCDC13;3;42705756;42773253;-1;ENSG00000244607
ENSG00000241388;12;120941728;120980965;-1;HNF1A-AS1;HNF1A;12;120978543;121002512;1;ENSG00000135100
ENSG00000235455;3;51873596;51875767;1;IQCF5-AS1;IQCF5;3;51873721;51875601;-1;ENSG00000214681
ENSG00000233509;3;44617128;44624797;-1;ZNF197-AS1;ZNF197;3;44584888;44648471;1;ENSG00000186448
ENSG00000229372;1;43447776;43448644;-1;SZT2-AS1;SZT2;1;43389882;43454247;1;ENSG00000198198
ENSG00000229348;1;43453927;43456995;1;HYI-AS1;HYI;1;43450989;43453989;-1;ENSG00000178922
ENSG00000225905;1;1420245;1422691;1;ANKRD65-AS1;ANKRD65;1;1418420;1421769;-1;ENSG00000235098
ENSG00000267658;17;42154600;42155972;1;RAB5C-AS1;RAB5C;17;42124978;42155044;-1;ENSG00000108774
ENSG00000224660;3;15254184;15264515;1;SH3BP5-AS1;SH3BP5;3;15254353;15341368;-1;ENSG00000131370
ENSG00000235434;1;19814367;19819502;1;RNF186-AS1;RNF186;1;19814029;19815283;-1;ENSG00000178828
ENSG00000269956;1;46538611;46570255;1;MKNK1-AS1;MKNK1;1;46557407;46616843;-1;ENSG00000079277
ENSG00000249786;3;15436171;15455940;-1;EAF1-AS1;EAF1;3;15427598;15450635;1;ENSG00000144597
ENSG00000232661;7;117560733;117564676;-1;CFTR-AS1;CFTR;7;117287120;117715971;1;ENSG00000001626
ENSG00000236333;12;72249964;72276954;-1;TRHDE-AS1;TRHDE;12;72087266;72670758;1;ENSG00000072657
ENSG00000254902;11;70187788;70188509;-1;ANO1-AS1;ANO1;11;69985907;70189530;1;ENSG00000131620
ENSG00000256025;12;2219485;2223479;-1;CACNA1C-AS4;CACNA1C;12;1970772;2697950;1;ENSG00000151067
ENSG00000231170;7;95545191;95615132;1;PDK4-AS1;PDK4;7;95583499;95596516;-1;ENSG00000004799
ENSG00000256769;12;2603350;2607440;-1;CACNA1C-AS3;CACNA1C;12;1970772;2697950;1;ENSG00000151067
ENSG00000256271;12;2668500;2672220;-1;CACNA1C-AS2;CACNA1C;12;1970772;2697950;1;ENSG00000151067
ENSG00000246627;12;2676001;2691200;-1;CACNA1C-AS1;CACNA1C;12;1970772;2697950;1;ENSG00000151067
ENSG00000231383;3;192238037;192283097;1;FGF12-AS1;FGF12;3;192139390;192767764;-1;ENSG00000114279
ENSG00000230126;3;192515022;192516573;1;FGF12-AS2;FGF12;3;192139390;192767764;-1;ENSG00000114279
ENSG00000226709;3;192516831;192521398;1;FGF12-AS3;FGF12;3;192139390;192767764;-1;ENSG00000114279
ENSG00000234193;2;222917387;222919363;-1;ACSL3-AS1;ACSL3;2;222860942;222944639;1;ENSG00000123983
ENSG00000237819;7;92836367;92917188;1;CDK6-AS1;CDK6;7;92604921;92836573;-1;ENSG00000105810
ENSG00000271133;7;20328296;20331781;-1;ITGB8-AS1;ITGB8;7;20330702;20415754;1;ENSG00000105855
ENSG00000233175;17;45238028;45241734;-1;FMNL1-AS1;FMNL1;17;45221444;45247319;1;ENSG00000184922
ENSG00000231764;7;96955141;97014088;-1;DLX6-AS1;DLX6;7;97005553;97011040;1;ENSG00000006377
ENSG00000267278;17;45247916;45269824;1;MAP3K14-AS1;MAP3K14;17;45263119;45317029;-1;ENSG00000006062
ENSG00000224897;7;124929873;125482966;1;POT1-AS1;POT1;7;124822386;124929983;-1;ENSG00000128513
ENSG00000235790;1;31644049;31660162;1;PEF1-AS1;PEF1;1;31629866;31644896;-1;ENSG00000162517
ENSG00000235790;1;31644049;31660162;1;PEF1-AS1;COL16A1;1;31652263;31704319;-1;ENSG00000084636
ENSG00000243836;7;151409161;151413354;1;WDR86-AS1;WDR86;7;151375909;151410727;-1;ENSG00000187260
ENSG00000234478;1;226148003;226155071;1;ACBD3-AS1;ACBD3;1;226144679;226186741;-1;ENSG00000182827
ENSG00000224046;7;87151419;87152420;-1;DMTF1-AS1;DMTF1;7;87152409;87196337;1;ENSG00000135164
ENSG00000224122;7;39404590;39406579;-1;POU6F2-AS1;POU6F2;7;38977909;39493095;1;ENSG00000106536
ENSG00000229153;7;143407784;143523449;1;EPHA1-AS1;EPHA1;7;143390289;143408856;-1;ENSG00000146904
ENSG00000239911;7;151877042;151879229;1;PRKAG2-AS1;PRKAG2;7;151556124;151877125;-1;ENSG00000106617
ENSG00000230316;7;122303658;122310119;1;FEZF1-AS1;FEZF1;7;122301303;122310691;-1;ENSG00000128610
ENSG00000264954;17;63995418;63999899;-1;PRR29-AS1;PRR29;17;63998351;64004305;1;ENSG00000224383
ENSG00000241764;7;107739999;107744581;-1;CBLL1-AS1;CBLL1;7;107743949;107761667;1;ENSG00000105879
ENSG00000236305;7;100837314;100852637;-1;SLC12A9-AS1;SLC12A9;7;100826820;100867010;1;ENSG00000146828
ENSG00000233384;1;224608130;224616220;-1;CNIH3-AS2;CNIH3;1;224434660;224740554;1;ENSG00000143786
ENSG00000227053;7;101014319;101017665;-1;MUC12-AS1;MUC12;7;100969565;101018939;1;ENSG00000205277
ENSG00000239569;7;105013281;105014321;-1;KMT2E-AS1;KMT2E;7;104940943;105115019;1;ENSG00000005483
ENSG00000228060;1;39565052;39573860;1;PABPC4-AS1;PABPC4;1;39560709;39576790;-1;ENSG00000090621
ENSG00000234456;7;79452877;79471208;1;MAGI2-AS3;MAGI2;7;78017055;79453667;-1;ENSG00000187391
ENSG00000237781;1;150548562;150557724;-1;ADAMTSL4-AS2;ADAMTSL4;1;150549369;150560937;1;ENSG00000143382
ENSG00000233705;7;107650260;107662204;-1;SLC26A4-AS1;SLC26A4;7;107660828;107717809;1;ENSG00000091137
ENSG00000203804;1;150560202;150562115;-1;ADAMTSL4-AS1;ADAMTSL4;1;150549369;150560937;1;ENSG00000143382
ENSG00000230487;7;1570073;1589626;1;PSMG3-AS1;PSMG3;7;1567332;1571005;-1;ENSG00000157778
ENSG00000268061;19;47484282;47501597;1;NAPA-AS1;NAPA;19;47487637;47515091;-1;ENSG00000105402
ENSG00000162913;1;228203503;228213664;-1;OBSCN-AS1;OBSCN;1;228208044;228378876;1;ENSG00000154358
ENSG00000260944;16;86565145;86567845;-1;FOXC2-AS1;FOXC2;16;86566829;86569728;1;ENSG00000176692
ENSG00000261644;16;50727417;50742815;-1;CYLD-AS1;CYLD;16;50742050;50801935;1;ENSG00000083799
ENSG00000261713;16;1064087;1078731;-1;SSTR5-AS1;SSTR5;16;1072747;1081454;1;ENSG00000162009
ENSG00000235831;3;4896809;4980414;-1;BHLHE40-AS1;BHLHE40;3;4979437;4985323;1;ENSG00000134107
ENSG00000263072;16;3100696;3143734;-1;ZNF213-AS1;ZNF213;16;3129777;3142804;1;ENSG00000085644
ENSG00000260442;16;28878957;28879938;-1;ATP2A1-AS1;ATP2A1;16;28878405;28904466;1;ENSG00000196296
ENSG00000261971;16;3037400;3059370;-1;MMP25-AS1;MMP25;16;3046062;3060726;1;ENSG00000008516
ENSG00000267191;19;43901866;43927767;1;ZNF45-AS1;ZNF45;19;43912624;43935282;-1;ENSG00000124459
ENSG00000269054;19;58362569;58367620;1;ZNF497-AS1;ZNF497;19;58354357;58362848;-1;ENSG00000174586
ENSG00000225877;19;42821774;42826878;1;PSG8-AS1;PSG8;19;42752686;42855691;-1;ENSG00000124467
ENSG00000260448;16;25085168;25111555;-1;LCMT1-AS1;LCMT1;16;25111731;25178231;1;ENSG00000205629
ENSG00000267265;19;55006193;55048086;1;GP6-AS1;GP6;19;55013705;55038264;-1;ENSG00000088053
ENSG00000267858;19;58559125;58574797;1;MZF1-AS1;MZF1;19;58561931;58573575;-1;ENSG00000099326
ENSG00000245598;19;46660364;46678991;1;DACT3-AS1;DACT3;19;46647551;46661182;-1;ENSG00000197380
ENSG00000233527;19;36573070;36594712;1;ZNF529-AS1;ZNF529;19;36534774;36605276;-1;ENSG00000186020
ENSG00000236144;19;35540738;35546029;-1;TMEM147-AS1;TMEM147;19;35545600;35547526;1;ENSG00000105677
ENSG00000213904;19;42397114;42652355;1;LIPE-AS1;LIPE;19;42401514;42427388;-1;ENSG00000079435
ENSG00000269386;19;8374372;8390685;-1;RAB11B-AS1;RAB11B;19;8389981;8404434;1;ENSG00000185236
ENSG00000269235;19;51949122;51981367;1;ZNF350-AS1;ZNF350;19;51964340;51986856;-1;ENSG00000256683
ENSG00000266916;19;37497159;37507122;-1;ZNF793-AS1;ZNF793;19;37506939;37548762;1;ENSG00000188227
ENSG00000267751;19;562360;572228;-1;BSG-AS1;BSG;19;571277;583494;1;ENSG00000172270
ENSG00000269834;19;52388842;52397791;-1;ZNF528-AS1;ZNF528;19;52397849;52418412;1;ENSG00000167555
ENSG00000166770;19;56477250;56504362;1;ZNF667-AS1;ZNF667;19;56439325;56478065;-1;ENSG00000198046
ENSG00000189223;2;113211421;113276581;1;PAX8-AS1;PAX8;2;113215997;113278921;-1;ENSG00000125618
ENSG00000257551;1;220832763;220880140;-1;HLX-AS1;HLX;1;220879431;220885059;1;ENSG00000136630
ENSG00000226696;19;54444807;54449430;-1;LENG8-AS1;LENG8;19;54448887;54462016;1;ENSG00000167615
ENSG00000227811;1;111739579;111747798;1;INKA2-AS1;INKA2;1;111680630;111755824;-1;ENSG00000197852
ENSG00000237556;1;111909336;111910931;1;KCND3-AS1;KCND3;1;111770662;111989668;-1;ENSG00000171385
ENSG00000224730;19;54635722;54638892;-1;LILRB1-AS1;LILRB1;19;54617158;54638022;1;ENSG00000104972
ENSG00000228548;1;226668897;226676345;1;ITPKB-AS1;ITPKB;1;226631690;226739323;-1;ENSG00000143772
ENSG00000239641;3;142654784;142656745;-1;PLS1-AS1;PLS1;3;142596393;142713664;1;ENSG00000120756
ENSG00000224087;2;130107684;130109741;1;POTEF-AS1;POTEF;2;130073535;130129222;-1;ENSG00000196604
ENSG00000228917;1;161084465;161087571;1;NECTIN4-AS1;NECTIN4;1;161070998;161089558;-1;ENSG00000143217
ENSG00000228956;3;18445024;18923280;1;SATB1-AS1;SATB1;3;18345377;18445588;-1;ENSG00000182568
ENSG00000197291;17;42753914;42761257;-1;RAMP2-AS1;RAMP2;17;42758447;42763041;1;ENSG00000131477
ENSG00000228013;1;154402328;154406564;-1;IL6R-AS1;IL6R;1;154405193;154469450;1;ENSG00000160712
ENSG00000232455;3;45483974;45509545;-1;LARS2-AS1;LARS2;3;45388561;45554726;1;ENSG00000011376
ENSG00000226510;19;35667948;35673304;-1;UPK1A-AS1;UPK1A;19;35666517;35678481;1;ENSG00000105668
ENSG00000226312;2;201140278;201157823;-1;CFLAR-AS1;CFLAR;2;201116154;201176687;1;ENSG00000003402
ENSG00000261744;16;88512960;88531053;-1;ZFPM1-AS1;ZFPM1;16;88453280;88537031;1;ENSG00000179588
ENSG00000232788;2;172464262;172466022;-1;ITGA6-AS1;ITGA6;2;172427354;172506459;1;ENSG00000091409
ENSG00000254966;11;18706537;18740568;1;IGSF22-AS1;IGSF22;11;18704312;18726230;-1;ENSG00000179057
ENSG00000260630;16;88663298;88687282;1;SNAI3-AS1;SNAI3;16;88677688;88686507;-1;ENSG00000185669
ENSG00000254451;12;75234740;75298508;1;CAPS2-AS1;CAPS2;12;75275979;75390928;-1;ENSG00000180881
ENSG00000232504;2;85889151;85891136;1;ST3GAL5-AS1;ST3GAL5;2;85837120;85905199;-1;ENSG00000115525
ENSG00000259954;16;27447669;27453393;-1;IL21R-AS1;IL21R;16;27402174;27452042;1;ENSG00000103522
ENSG00000244286;3;124781155;124787757;1;ITGB5-AS1;ITGB5;3;124761948;124901418;-1;ENSG00000082781
ENSG00000235830;3;9249742;9257507;1;SRGAP3-AS4;SRGAP3;3;8980591;9363053;-1;ENSG00000196220
ENSG00000235361;17;1181893;1185086;1;ABR-AS1;ABR;17;1003519;1229738;-1;ENSG00000159842
ENSG00000231163;1;33868953;33893726;1;CSMD2-AS1;CSMD2;1;33513998;34165842;-1;ENSG00000121904
ENSG00000263873;11;119417951;119419114;1;THY1-AS1;THY1;11;119415476;119424985;-1;ENSG00000154096
ENSG00000230005;1;227743831;227747191;-1;SNAP47-AS1;SNAP47;1;227728200;227781826;1;ENSG00000143740
ENSG00000223923;2;217978707;217993747;1;TNS1-AS1;TNS1;2;217799588;218033982;-1;ENSG00000079308
ENSG00000253559;2;189762704;189765556;1;OSGEPL1-AS1;OSGEPL1;2;189746660;189763227;-1;ENSG00000128694
ENSG00000226806;2;135820191;135823087;1;LCT-AS1;LCT;2;135787850;135837184;-1;ENSG00000115850
ENSG00000269939;11;83185521;83187036;-1;PCF11-AS1;PCF11;11;83156988;83187451;1;ENSG00000165494
ENSG00000198711;1;54236440;54239063;1;SSBP3-AS1;SSBP3;1;54225433;54413479;-1;ENSG00000157216
ENSG00000229780;1;154553609;154555017;1;UBE2Q1-AS1;UBE2Q1;1;154548577;154559028;-1;ENSG00000160714
ENSG00000228237;1;46674036;46692098;1;EFCAB14-AS1;EFCAB14;1;46674659;46719146;-1;ENSG00000159658
ENSG00000251179;17;50281577;50287855;-1;TMEM92-AS1;TMEM92;17;50271406;50281485;1;ENSG00000167105
ENSG00000255850;12;63804739;63822156;-1;RXYLT1-AS1;RXYLT1;12;63779833;63809792;1;ENSG00000118600
ENSG00000226416;11;1983237;1989964;-1;MRPL23-AS1;MRPL23;11;1947278;1984522;1;ENSG00000214026
ENSG00000250073;11;124759129;124766119;1;ESAM-AS1;ESAM;11;124752583;124762290;-1;ENSG00000149564
ENSG00000267750;17;44299574;44315315;-1;RUNDC3A-AS1;RUNDC3A;17;44308413;44318670;1;ENSG00000108309
ENSG00000183242;11;32435518;32500632;1;WT1-AS;WT1;11;32387775;32435564;-1;ENSG00000184937
ENSG00000177112;11;10541258;10599939;1;IRAG1-AS1;IRAG1;11;10573091;10693988;-1;ENSG00000072952
ENSG00000254453;11;20043767;20049458;-1;NAV2-AS2;NAV2;11;19350724;20121601;1;ENSG00000166833
ENSG00000247675;11;46846410;46874421;1;LRP4-AS1;LRP4;11;46856717;46918642;-1;ENSG00000134569
ENSG00000247271;11;10858179;10908972;1;ZBED5-AS1;ZBED5;11;10812074;10858796;-1;ENSG00000236287
ENSG00000254489;11;30584118;30632583;1;MPPED2-AS1;MPPED2;11;30384493;30586872;-1;ENSG00000066382
ENSG00000229431;1;43385113;43389155;1;MED8-AS1;MED8;1;43383917;43389808;-1;ENSG00000159479
ENSG00000278768;11;117288453;117293578;1;BACE1-AS;BACE1;11;117285232;117316259;-1;ENSG00000186318
ENSG00000206417;3;129315392;129326225;1;H1-10-AS1;H1-10;3;129314771;129316286;-1;ENSG00000184897
ENSG00000272068;1;156637783;156641004;-1;BCAN-AS1;BCAN;1;156641390;156659532;1;ENSG00000132692
ENSG00000231560;12;9948137;9953336;-1;CLEC12A-AS1;CLEC12A;12;9951316;9995694;1;ENSG00000172322
ENSG00000261664;1;51329654;51335324;1;TTC39A-AS1;TTC39A;1;51287258;51345116;-1;ENSG00000085831
ENSG00000254879;11;48014406;48015855;-1;PTPRJ-AS1;PTPRJ;11;47980559;48170839;1;ENSG00000149177
ENSG00000205231;1;1173056;1179555;-1;TTLL10-AS1;TTLL10;1;1173880;1197936;1;ENSG00000162571
ENSG00000255867;12;31589923;31615666;1;DENND5B-AS1;DENND5B;12;31382226;31591136;-1;ENSG00000170456
ENSG00000263586;17;74970704;74975728;1;HID1-AS1;HID1;17;74950742;74973166;-1;ENSG00000167861
ENSG00000264672;17;58519837;58557799;1;SEPTIN4-AS1;SEPTIN4;17;58520250;58544368;-1;ENSG00000108387
ENSG00000244203;3;71289769;71305853;1;FOXP1-AS1;FOXP1;3;70954693;71583978;-1;ENSG00000114861
ENSG00000241211;3;159765387;159768612;-1;IQCJ-SCHIP1-AS1;IQCJ-SCHIP1;3;158962235;159897629;1;ENSG00000283154
ENSG00000231105;1;21293290;21299874;1;ECE1-AS1;ECE1;1;21217247;21345572;-1;ENSG00000117298
ENSG00000234497;1;74577430;74626098;1;ERICH3-AS1;ERICH3;1;74568117;74673792;-1;ENSG00000178965
ENSG00000250208;12;130144315;130162256;-1;FZD10-AS1;FZD10;12;130162459;130165740;1;ENSG00000111432
ENSG00000257167;12;98512973;98516422;-1;TMPO-AS1;TMPO;12;98515579;98550351;1;ENSG00000120802
ENSG00000257599;12;29389289;29487488;1;OVCH1-AS1;OVCH1;12;29412474;29497686;-1;ENSG00000187950
ENSG00000256262;12;109052349;109053984;-1;USP30-AS1;USP30;12;109023089;109088023;1;ENSG00000135093
ENSG00000099869;11;2140501;2148666;1;IGF2-AS;IGF2;11;2129112;2158391;-1;ENSG00000167244
ENSG00000246695;12;25936683;25959765;-1;RASSF8-AS1;RASSF8;12;25958232;26079892;1;ENSG00000123094
ENSG00000215039;12;6439001;6451568;-1;CD27-AS1;CD27;12;6444955;6451718;1;ENSG00000139193
ENSG00000257303;12;56300076;56317992;1;CNPY2-AS1;CNPY2;12;56309842;56316119;-1;ENSG00000257727
ENSG00000205885;12;7108052;7122524;1;C1RL-AS1;C1RL;12;7089587;7109238;-1;ENSG00000139178
ENSG00000256862;12;3871579;3910384;1;PARP11-AS1;PARP11;12;3791047;3873448;-1;ENSG00000111224
ENSG00000258056;12;55729094;55730857;1;CD63-AS1;CD63;12;55725323;55729707;-1;ENSG00000135404
ENSG00000238184;11;2328749;2377992;-1;CD81-AS1;CD81;11;2376177;2397397;1;ENSG00000110651
ENSG00000245614;12;31019434;31073847;-1;DDX11-AS1;DDX11;12;31073860;31104799;1;ENSG00000013573
ENSG00000247774;12;47205896;47216460;-1;PCED1B-AS1;PCED1B;12;47079603;47236662;1;ENSG00000179715
ENSG00000257605;12;53298655;53300364;-1;MYG1-AS1;MYG1;12;53299695;53307177;1;ENSG00000139637
ENSG00000255399;12;114408131;114412832;1;TBX5-AS1;TBX5;12;114353911;114408442;-1;ENSG00000089225
ENSG00000257913;12;48998367;49019241;1;DDN-AS1;DDN;12;48995149;48999375;-1;ENSG00000181418
ENSG00000257913;12;48998367;49019241;1;DDN-AS1;PRKAG1;12;49002274;49018807;-1;ENSG00000181929
ENSG00000255857;12;120201274;120213231;1;PXN-AS1;PXN;12;120210439;120265771;-1;ENSG00000089159
ENSG00000256092;12;123363868;123366113;1;SBNO1-AS1;SBNO1;12;123289109;123364847;-1;ENSG00000139697
ENSG00000234608;12;111839758;111842902;-1;MAPKAPK5-AS1;MAPKAPK5;12;111842228;111902222;1;ENSG00000089022
ENSG00000257935;12;113471981;113480636;1;LHX5-AS1;LHX5;12;113462033;113472280;-1;ENSG00000089116
ENSG00000247498;12;12927712;12984645;1;GPRC5D-AS1;GPRC5D;12;12940575;12952170;-1;ENSG00000111291
ENSG00000247498;12;12927712;12984645;1;GPRC5D-AS1;HEBP1;12;12974870;13000265;-1;ENSG00000013583
ENSG00000239608;3;128075810;128079056;1;RUVBL1-AS1;RUVBL1;3;128064778;128153914;-1;ENSG00000175792
ENSG00000264031;17;29560547;29707090;1;ABHD15-AS1;ABHD15;17;29560547;29567037;-1;ENSG00000168792
ENSG00000225602;1;11143898;11149537;1;MTOR-AS1;MTOR;1;11106535;11262551;-1;ENSG00000198793
ENSG00000249993;3;133429269;133455776;-1;BFSP2-AS1;BFSP2;3;133400056;133475222;1;ENSG00000170819
ENSG00000230046;2;32377631;32379599;-1;BIRC6-AS1;BIRC6;2;32357023;32618878;1;ENSG00000115760
ENSG00000255920;12;4247981;4276252;-1;CCND2-AS1;CCND2;12;4269771;4305353;1;ENSG00000118971
ENSG00000254860;11;8964502;8977527;1;TMEM9B-AS1;TMEM9B;11;8947202;8965011;-1;ENSG00000175348
ENSG00000256940;11;64245942;64248218;1;PPP1R14B-AS1;PPP1R14B;11;64244479;64246943;-1;ENSG00000173457
ENSG00000231334;2;54747103;54750473;-1;EML6-AS1;EML6;2;54723499;54972025;1;ENSG00000214595
ENSG00000182352;17;74584679;74594209;1;CD300LD-AS1;CD300LD;17;74579365;74592283;-1;ENSG00000204345
ENSG00000234614;1;151841877;151850385;1;C2CD4D-AS1;C2CD4D;1;151837818;151840557;-1;ENSG00000225556
ENSG00000234614;1;151841877;151850385;1;C2CD4D-AS1;THEM5;1;151847101;151853712;-1;ENSG00000196407
ENSG00000233002;17;15735023;15749192;-1;TBC1D26-AS1;TBC1D26;17;15732247;15746162;1;ENSG00000214946
ENSG00000238020;3;184095118;184105178;-1;HTR3E-AS1;HTR3E;3;184097064;184106995;1;ENSG00000186038
ENSG00000226330;1;204377850;204435846;1;PPP1R15B-AS1;PPP1R15B;1;204396492;204411887;-1;ENSG00000158615
ENSG00000226330;1;204377850;204435846;1;PPP1R15B-AS1;PIK3C2B;1;204422628;204494805;-1;ENSG00000133056
ENSG00000223882;3;184006338;184011419;1;ABCC5-AS1;ABCC5;3;183919934;184017939;-1;ENSG00000114770
ENSG00000240373;3;169978536;169985715;-1;SEC62-AS1;SEC62;3;169966635;169998373;1;ENSG00000008952
ENSG00000225578;3;196939877;196942534;1;NCBP2-AS1;NCBP2;3;196935402;196942594;-1;ENSG00000114503
ENSG00000206552;3;42934252;42936785;-1;KRBOX1-AS1;KRBOX1;3;42809483;42942792;1;ENSG00000240747
ENSG00000234617;3;43346923;43352152;-1;SNRK-AS1;SNRK;3;43286512;43424764;1;ENSG00000163788
ENSG00000233485;1;15326680;15343876;-1;FHAD1-AS1;FHAD1;1;15236521;15400283;1;ENSG00000142621
ENSG00000228140;1;15402979;15409433;-1;EFHD2-AS1;EFHD2;1;15409888;15430339;1;ENSG00000142634
ENSG00000228791;3;24494087;24681711;1;THRB-AS1;THRB;3;24117153;24495756;-1;ENSG00000151090
ENSG00000235079;1;71048855;71067184;1;ZRANB2-AS1;ZRANB2;1;71063291;71081289;-1;ENSG00000132485
ENSG00000281691;3;50099603;50100988;-1;RBM5-AS1;RBM5;3;50088919;50119021;1;ENSG00000003756
ENSG00000235016;3;50116022;50156085;-1;SEMA3F-AS1;SEMA3F;3;50155045;50189075;1;ENSG00000001617
ENSG00000229400;1;224717504;224730662;-1;CNIH3-AS1;CNIH3;1;224434660;224740554;1;ENSG00000143786
ENSG00000239445;3;98706236;98732757;-1;ST3GAL6-AS1;ST3GAL6;3;98732236;98821201;1;ENSG00000064225
ENSG00000225619;2;2319232;2327110;1;MYT1L-AS1;MYT1L;2;1789113;2331664;-1;ENSG00000186487
ENSG00000237298;2;178521183;178779963;1;TTN-AS1;TTN;2;178525989;178830802;-1;ENSG00000155657
ENSG00000285752;1;22028317;22052927;-1;CDC42-AS1;CDC42;1;22052627;22101360;1;ENSG00000070831
ENSG00000240057;3;113019468;113184377;1;NEPRO-AS1;NEPRO;3;113002444;113019861;-1;ENSG00000163608
ENSG00000246022;3;126180012;126210169;1;ALDH1L1-AS2;ALDH1L1;3;126103562;126197994;-1;ENSG00000144908
ENSG00000241684;3;64684909;65053439;1;ADAMTS9-AS2;ADAMTS9;3;64515654;64688000;-1;ENSG00000163638
ENSG00000225764;3;190120944;190150162;1;P3H2-AS1;P3H2;3;189956728;190122437;-1;ENSG00000090530
ENSG00000240137;3;150703486;150723005;1;ERICH6-AS1;ERICH6;3;150659885;150703971;-1;ENSG00000163645
ENSG00000236869;3;44556987;44685665;-1;ZKSCAN7-AS1;ZKSCAN7;3;44555193;44594173;1;ENSG00000196345
ENSG00000242242;3;110888384;111071553;-1;NECTIN3-AS1;NECTIN3;3;111070071;111275563;1;ENSG00000177707
ENSG00000227398;3;47164186;47246601;1;KIF9-AS1;KIF9;3;47227998;47283451;-1;ENSG00000088727
ENSG00000229619;3;152245262;152269565;-1;MBNL1-AS1;MBNL1;3;152243828;152465780;1;ENSG00000152601
ENSG00000223797;3;40313802;40453329;-1;ENTPD3-AS1;ENTPD3;3;40387184;40428744;1;ENSG00000168032
ENSG00000235257;3;37693655;37861802;-1;ITGA9-AS1;ITGA9;3;37452115;37823507;1;ENSG00000144668
ENSG00000230084;3;42601963;42654388;-1;ZBTB47-AS1;ZBTB47;3;42653697;42667580;1;ENSG00000114853
ENSG00000230084;3;42601963;42654388;-1;ZBTB47-AS1;NKTR;3;42600655;42648735;1;ENSG00000114857
ENSG00000233246;1;33350352;33363245;1;PHC2-AS1;PHC2;1;33323623;33431095;-1;ENSG00000134686
ENSG00000280739;3;40061110;40309698;-1;EIF1B-AS1;EIF1B;3;40309707;40312424;1;ENSG00000114784
ENSG00000225611;3;42770600;42773722;1;CCDC13-AS2;CCDC13;3;42705756;42773253;-1;ENSG00000244607
ENSG00000243926;3;156671859;156674446;-1;TIPARP-AS1;TIPARP;3;156673235;156706770;1;ENSG00000163659
ENSG00000232352;3;50266631;50267541;-1;SEMA3B-AS1;SEMA3B;3;50267558;50277546;1;ENSG00000012171
ENSG00000206573;3;9349689;9398579;-1;THUMPD3-AS1;THUMPD3;3;9362971;9386791;1;ENSG00000134077
ENSG00000239523;3;123585300;123644568;1;MYLK-AS1;MYLK;3;123610049;123884332;-1;ENSG00000065534
ENSG00000243069;3;154024401;154121347;-1;ARHGEF26-AS1;ARHGEF26;3;154121003;154257827;1;ENSG00000114790
ENSG00000232586;1;180949699;180954887;-1;KIAA1614-AS1;KIAA1614;1;180912897;180951614;1;ENSG00000135835
ENSG00000231770;3;194583991;194590260;1;TMEM44-AS1;TMEM44;3;194587673;194633689;-1;ENSG00000145014
ENSG00000223745;1;93262186;93346025;-1;CCDC18-AS1;CCDC18;1;93179919;93278730;1;ENSG00000122483
ENSG00000225733;3;14920347;14948424;-1;FGD5-AS1;FGD5;3;14810853;14934571;1;ENSG00000154783
ENSG00000225670;1;159194325;159207973;-1;CADM3-AS1;CADM3;1;159171609;159203313;1;ENSG00000162706
ENSG00000228213;3;173910498;173920796;-1;NLGN1-AS1;NLGN1;3;173396284;174294372;1;ENSG00000169760
ENSG00000230703;1;24066774;24083565;1;MYOM3-AS1;MYOM3;1;24056035;24112135;-1;ENSG00000142661
ENSG00000232298;1;24307556;24321901;-1;GRHL3-AS1;GRHL3;1;24199558;24364482;1;ENSG00000158055
ENSG00000205500;2;26984776;27014612;-1;MAPRE3-AS1;MAPRE3;2;26970637;27027219;1;ENSG00000084764
ENSG00000244502;3;13476982;13480053;-1;HDAC11-AS1;HDAC11;3;13479724;13506424;1;ENSG00000163517
ENSG00000231636;2;27049683;27050264;-1;AGBL5-AS1;AGBL5;2;27042364;27070622;1;ENSG00000084693
ENSG00000232832;3;198038321;198039234;-1;LMLN-AS1;LMLN;3;197960200;198043720;1;ENSG00000185621
ENSG00000228109;3;196999460;197004744;1;MELTF-AS1;MELTF;3;196980590;197029835;-1;ENSG00000163975
ENSG00000236107;2;165957188;166390771;1;SCN1A-AS1;SCN1A;2;165984641;166149214;-1;ENSG00000144285
ENSG00000236107;2;165957188;166390771;1;SCN1A-AS1;SCN9A;2;166195185;166376001;-1;ENSG00000169432
ENSG00000232093;1;155045191;155046118;-1;DCST1-AS1;DCST1;1;155033824;155050930;1;ENSG00000163357
ENSG00000234222;1;145926590;145959179;1;LIX1L-AS1;LIX1L;1;145933423;145958017;-1;ENSG00000271601
ENSG00000227375;3;197298252;197303755;1;DLG1-AS1;DLG1;3;197042560;197299330;-1;ENSG00000075711
ENSG00000226441;3;17042742;17044192;-1;PLCL2-AS1;PLCL2;3;16802651;17090604;1;ENSG00000154822
ENSG00000230114;1;49257411;49269285;1;AGBL4-AS1;AGBL4;1;48532854;50023954;-1;ENSG00000186094
ENSG00000273062;1;178724306;178726285;-1;RALGPS2-AS1;RALGPS2;1;178725165;178921842;1;ENSG00000116191
ENSG00000265148;17;58324472;58415766;1;TSPOAP1-AS1;TSPOAP1;17;58301228;58328795;-1;ENSG00000005379
ENSG00000265148;17;58324472;58415766;1;TSPOAP1-AS1;SUPT4H1;17;58345175;58353093;-1;ENSG00000213246
ENSG00000265148;17;58324472;58415766;1;TSPOAP1-AS1;RNF43;17;58353676;58417595;-1;ENSG00000108375
ENSG00000267280;17;61393455;61411555;-1;TBX2-AS1;TBX2;17;61399843;61409466;1;ENSG00000121068
ENSG00000236618;17;1516877;1518101;1;PITPNA-AS1;PITPNA;17;1517718;1562792;-1;ENSG00000174238
ENSG00000230408;2;200780495;200812170;-1;BZW1-AS1;BZW1;2;200810594;200827338;1;ENSG00000082153
ENSG00000234494;17;47897330;47941410;-1;SP2-AS1;SP2;17;47896150;47928957;1;ENSG00000167182
ENSG00000167920;17;40819106;40836270;1;KRT10-AS1;KRT10;17;40818117;40822614;-1;ENSG00000186395
ENSG00000265096;17;79018131;79027673;-1;C1QTNF1-AS1;C1QTNF1;17;79022814;79049788;1;ENSG00000173918
ENSG00000262061;17;331205;333488;1;RPH3AL-AS1;RPH3AL;17;212389;386254;-1;ENSG00000181031
ENSG00000264589;17;45799390;45895680;-1;MAPT-AS1;MAPT;17;45894527;46028334;1;ENSG00000186868
ENSG00000215067;17;6875232;7012530;-1;ALOX12-AS1;ALOX12;17;6996049;7010754;1;ENSG00000108839
ENSG00000225891;1;26462756;26468014;-1;DHDDS-AS1;DHDDS;1;26432282;26471306;1;ENSG00000117682
ENSG00000224505;17;45150400;45161538;-1;HEXIM2-AS1;HEXIM2;17;45160700;45170040;1;ENSG00000168517
ENSG00000237281;2;218326889;218357966;-1;CATIP-AS2;CATIP;2;218356857;218368099;1;ENSG00000158428
ENSG00000225062;2;218366665;218367835;-1;CATIP-AS1;CATIP;2;218356857;218368099;1;ENSG00000158428
ENSG00000235335;2;167814757;167941180;-1;B3GALT1-AS1;B3GALT1;2;167293001;167874045;1;ENSG00000172318
ENSG00000232192;1;245206444;245234501;-1;KIF26B-AS1;KIF26B;1;245154985;245709432;1;ENSG00000162849
ENSG00000262678;17;4986466;4987324;1;CAMTA2-AS1;CAMTA2;17;4967992;4987675;-1;ENSG00000108509
ENSG00000227495;17;5019214;5020093;-1;KIF1C-AS1;KIF1C;17;4997950;5028401;1;ENSG00000129250
ENSG00000234327;17;5111468;5115004;1;ZNF232-AS1;ZNF232;17;5105269;5123162;-1;ENSG00000167840
ENSG00000263069;17;80351828;80415168;-1;RNF213-AS1;RNF213;17;80260852;80398794;1;ENSG00000173821
ENSG00000267080;17;44175968;44186723;-1;ASB16-AS1;ASB16;17;44170447;44179084;1;ENSG00000161664
ENSG00000267394;17;44198537;44216565;1;ATXN7L3-AS1;ATXN7L3;17;44191805;44200113;-1;ENSG00000087152
ENSG00000214401;17;46193568;46197842;1;KANSL1-AS1;KANSL1;17;46029916;46225389;-1;ENSG00000120071
ENSG00000235092;2;8666636;8681864;-1;ID2-AS1;ID2;2;8678845;8684461;1;ENSG00000115738
ENSG00000229951;2;28384409;28394680;-1;FOSL2-AS1;FOSL2;2;28392448;28417317;1;ENSG00000075426
ENSG00000237883;2;73947322;73982164;-1;DGUOK-AS1;DGUOK;2;73926826;73958961;1;ENSG00000114956
ENSG00000224509;2;104936239;105038496;-1;MRPS9-AS2;MRPS9;2;105038069;105099960;1;ENSG00000135972
ENSG00000232973;2;38073447;38231651;1;CYP1B1-AS1;CYP1B1;2;38066973;38109902;-1;ENSG00000138061
ENSG00000233611;2;236167418;236294927;1;GBX2-AS1;GBX2;2;236165236;236168386;-1;ENSG00000168505
ENSG00000179818;2;69960104;70103220;-1;PCBP1-AS1;PCBP1;2;70087477;70089203;1;ENSG00000169564
ENSG00000235688;2;949257;951502;-1;SNTG2-AS1;SNTG2;2;950849;1367613;1;ENSG00000172554
ENSG00000228857;2;113831049;113891020;-1;ACTR3-AS1;ACTR3;2;113890063;113962596;1;ENSG00000115091
ENSG00000225953;2;199457697;199476935;1;SATB2-AS1;SATB2;2;199269500;199471266;-1;ENSG00000119042
ENSG00000236859;2;121649320;121728563;1;NIFK-AS1;NIFK;2;121726945;121736911;-1;ENSG00000155438
ENSG00000231908;2;208255214;208256181;1;IDH1-AS1;IDH1;2;208236229;208266074;-1;ENSG00000138413
ENSG00000233766;2;191846534;192044525;1;CAVIN2-AS1;CAVIN2;2;191834310;191847088;-1;ENSG00000168497
ENSG00000233766;2;191846534;192044525;1;CAVIN2-AS1;TMEFF2;2;191949043;192194933;-1;ENSG00000144339
ENSG00000222020;2;239401436;239402394;1;HDAC4-AS1;HDAC4;2;239048168;239401654;-1;ENSG00000068024
ENSG00000204685;2;96208389;96243353;1;STARD7-AS1;STARD7;2;96184859;96208827;-1;ENSG00000084090
ENSG00000224165;2;24971390;25039716;1;DNAJC27-AS1;DNAJC27;2;24943636;24972094;-1;ENSG00000115137
ENSG00000231621;2;197197936;197199276;1;ANKRD44-AS1;ANKRD44;2;196967017;197311173;-1;ENSG00000065413
ENSG00000227946;2;206084605;206086860;1;INO80D-AS1;INO80D;2;205993721;206086303;-1;ENSG00000114933
ENSG00000236502;2;44940153;44941916;-1;SIX3-AS1;SIX3;2;44941702;44946071;1;ENSG00000138083
ENSG00000224152;2;159615294;159618637;1;BAZ2B-AS1;BAZ2B;2;159318979;159616569;-1;ENSG00000123636
ENSG00000235026;2;115126622;115161384;-1;DPP10-AS1;DPP10;2;114442299;115845780;1;ENSG00000175497
ENSG00000229941;2;177653419;177723289;1;PDE11A-AS1;PDE11A;2;177623244;178108339;-1;ENSG00000128655
ENSG00000239322;2;70941817;70948610;-1;ATP6V1B1-AS1;ATP6V1B1;2;70935900;70965431;1;ENSG00000116039
ENSG00000227028;2;39786453;40255209;1;SLC8A1-AS1;SLC8A1;2;40097270;40611053;-1;ENSG00000183023
ENSG00000214184;2;108507515;108534196;-1;GCC2-AS1;GCC2;2;108449107;108509415;1;ENSG00000135968
ENSG00000228763;2;108676795;108678601;-1;LIMS1-AS1;LIMS1;2;108533671;108687246;1;ENSG00000169756
ENSG00000281207;1;41014590;41043890;1;SLFNL1-AS1;SLFNL1;1;41015589;41023237;-1;ENSG00000171790
ENSG00000235042;2;216385288;216412696;-1;SMARCAL1-AS1;SMARCAL1;2;216412414;216483053;1;ENSG00000138375
ENSG00000224536;1;201507241;201534784;1;CSRP1-AS1;CSRP1;1;201483530;201509456;-1;ENSG00000159176
ENSG00000231871;1;201688259;201829559;-1;IPO9-AS1;IPO9;1;201829149;201884291;1;ENSG00000198700
ENSG00000231890;2;135985124;136022593;1;DARS1-AS1;DARS1;2;135905881;135986100;-1;ENSG00000115866
ENSG00000229901;1;41375004;41375669;-1;FOXO6-AS1;FOXO6;1;41361922;41383590;1;ENSG00000204060
ENSG00000257702;2;74502552;74505091;1;LBX2-AS1;LBX2;2;74497517;74503316;-1;ENSG00000179528
ENSG00000177553;1;11777077;11779619;-1;C1orf167-AS1;C1orf167;1;11761787;11789585;1;ENSG00000215910
ENSG00000227963;1;110286375;110339171;-1;RBM15-AS1;RBM15;1;110338506;110346681;1;ENSG00000162775
ENSG00000203865;1;116378437;116421301;-1;ATP1A1-AS1;ATP1A1;1;116372668;116410261;1;ENSG00000163399
ENSG00000232284;1;67832297;68202987;1;GNG12-AS1;GNG12;1;67701475;67833467;-1;ENSG00000172380
ENSG00000232284;1;67832297;68202987;1;GNG12-AS1;DIRAS3;1;68045886;68051717;-1;ENSG00000162595
ENSG00000232284;1;67832297;68202987;1;GNG12-AS1;WLS;1;68098473;68233120;-1;ENSG00000116729
ENSG00000232860;1;183460874;183472896;-1;SMG7-AS1;SMG7;1;183472216;183598246;1;ENSG00000116698
ENSG00000203739;1;173417793;173489407;-1;PRDX6-AS1;PRDX6;1;173477330;173488815;1;ENSG00000117592
ENSG00000226835;1;94247819;94411036;1;ARHGAP29-AS1;ARHGAP29;1;94148988;94275068;-1;ENSG00000137962
ENSG00000227959;1;16155176;16158148;1;EPHA2-AS1;EPHA2;1;16124337;16156069;-1;ENSG00000142627
ENSG00000231064;1;155194997;155205495;1;THBS3-AS1;THBS3;1;155195588;155209051;-1;ENSG00000169231
ENSG00000224699;1;110347116;110443817;1;LAMTOR5-AS1;LAMTOR5;1;110401249;110407942;-1;ENSG00000134248
ENSG00000232671;1;151279678;151281970;-1;ZNF687-AS1;ZNF687;1;151281618;151292176;1;ENSG00000143373
ENSG00000231789;1;9672405;9687573;-1;PIK3CD-AS2;PIK3CD;1;9651731;9729114;1;ENSG00000171608
ENSG00000237976;1;151346938;151348027;1;RFX5-AS1;RFX5;1;151340640;151347326;-1;ENSG00000143390
ENSG00000232480;1;218344190;218346024;-1;TGFB2-AS1;TGFB2;1;218345336;218444619;1;ENSG00000092969
ENSG00000230337;1;11099430;11102100;1;EXOSC10-AS1;EXOSC10;1;11066618;11099869;-1;ENSG00000171824
ENSG00000224616;1;100251528;100266179;-1;RTCA-AS1;RTCA;1;100266216;100292769;1;ENSG00000137996
ENSG00000236200;1;43685123;43708138;-1;KDM4A-AS1;KDM4A;1;43650149;43705518;1;ENSG00000066135
ENSG00000239636;1;35569807;35577771;-1;TFAP2E-AS1;TFAP2E;1;35573314;35595328;1;ENSG00000116819
ENSG00000249087;1;23368949;23371839;1;ZNF436-AS1;ZNF436;1;23359448;23369836;-1;ENSG00000125945
ENSG00000231365;1;119140391;119275973;1;WARS2-AS1;WARS2;1;119031216;119140654;-1;ENSG00000116874
ENSG00000224870;1;1399515;1402046;1;MRPL20-AS1;MRPL20;1;1401909;1407293;-1;ENSG00000242485
ENSG00000237463;1;165476833;165582155;-1;LRRC52-AS1;LRRC52;1;165544000;165563957;1;ENSG00000162763
ENSG00000203288;1;151790804;151794403;1;TDRKH-AS1;TDRKH;1;151770107;151791416;-1;ENSG00000182134
ENSG00000230424;1;19210355;19240704;1;EMC1-AS1;EMC1;1;19215660;19251552;-1;ENSG00000127463
ENSG00000230798;1;63320878;63324441;-1;FOXD3-AS1;FOXD3;1;63322567;63325128;1;ENSG00000187140
ENSG00000236810;1;23706901;23778325;-1;ELOA-AS1;ELOA;1;23743448;23762059;1;ENSG00000011007
ENSG00000224093;1;93591972;93605573;1;BCAR3-AS1;BCAR3;1;93561741;93847150;-1;ENSG00000137936
ENSG00000231663;1;234372807;234373662;-1;COA6-AS1;COA6;1;234373456;234385080;1;ENSG00000168275
ENSG00000227591;1;209661356;209724125;-1;HSD11B1-AS1;HSD11B1;1;209686178;209734949;1;ENSG00000117594
ENSG00000224459;1;15740048;15749896;-1;SLC25A34-AS1;SLC25A34;1;15736258;15741392;1;ENSG00000162461
ENSG00000224459;1;15740048;15749896;-1;SLC25A34-AS1;TMEM82;1;15742499;15747982;1;ENSG00000162460
ENSG00000186056;1;30718504;30726827;1;MATN1-AS1;MATN1;1;30711277;30723585;-1;ENSG00000162510
ENSG00000285905;1;39779969;39781418;1;BMP8B-AS1;BMP8B;1;39757182;39788865;-1;ENSG00000116985
ENSG00000236546;1;39897745;39899098;1;MYCL-AS1;MYCL;1;39895426;39902256;-1;ENSG00000116990
ENSG00000232825;1;99004276;99244794;1;PLPPR5-AS1;PLPPR5;1;98890245;99227929;-1;ENSG00000117598
ENSG00000235919;1;155562026;155563944;1;ASH1L-AS1;ASH1L;1;155335268;155563162;-1;ENSG00000116539
ENSG00000224687;1;178090677;178093984;-1;RASAL2-AS1;RASAL2;1;178094104;178484147;1;ENSG00000075391
ENSG00000237605;1;206634184;206635714;-1;DYRK3-AS1;DYRK3;1;206635536;206684419;1;ENSG00000143479
